act,section_id,text_content
IPC_1860,1,"[s 1] Title and extent of operation of the Code. This Act shall be called the Indian Penal Code, and shall 3.[extend to the whole of India 4.[except the State of Jammu and Kashmir].] COMMENT— Before 1860, the English criminal law, as modiﬁed by several Acts,5. was administered in the Presidency towns of Bombay, Calcutta and Madras. But in the mofussil, the Courts were principally guided by the Mohammedan criminal law, the glaring defects of which were partly removed by Regulations of the local Governments. In 1827, the judicial system of Bombay was thoroughly revised and from that time the law which the criminal Courts administered was set forth in a Regulation6. deﬁning offences and specifying punishments. But in the Bengal and Madras Presidencies the Mohammedan criminal law was in force till the Indian Penal Code came into operation. [s 1.1] Trial of offences under IPC, 1860.— All offences under IPC, 1860 shall be investigated, inquired into, tried and otherwise dealt with according to the provisions of the Code of Criminal Procedure, 1973 (Cr PC, 1973).7. [s 1.2] Overlapping Offences.— 1.  MC Verghese v Ponnan, AIR 1970 SC 1876 [LNIND 1968 SC 339] : (1969) 1 SCC 37 [LNIND 1968 S"
IPC_1860,2,"[s 2] Punishment of offences committed within India. Every person 1 shall be liable to punishment under this Code and not otherwise for every act or omission contrary to the provisions thereof, of which he shall be guilty within 11.[India] 12.[***]. 2 COMMENT— This section deals with the intraterritorial operation of the Code. It makes the Code universal in its application to every person in any part of India for every act or omission contrary to the provisions of the Code. Section 2 read with section 4 of the IPC, 1860 makes the provisions of the Code applicable to the offences committed ""in any place without and beyond"" the territory of India; (1) by a citizen of India or (2) on any ship or aircraft registered in India, irrespective of its location, by any person not necessarily a citizen. Such a declaration was made as long back as in 1898. By an amendment in 2009 to the said section, the Code is extended to any person in any place ""without and beyond the territory of India"", committing an offence targeting a computer resource located in India.13. 1. 'Every person'.—Every person is made liable to punishment, without distinction of nation, rank, caste or creed, provided the offen"
IPC_1860,3,"[s 3] Punishment of offences committed beyond, but which by law may be tried within India. Any person liable, by any 36.[Indian law], to be tried for an offence committed beyond 37.[India] shall be dealt with according to the provisions of this Code for any act committed beyond India in the same manner as if such act had been committed within 38.[India]. COMMENT— This section and section 4 relate to the extraterritorial operation of the Code. The words of this section postulate the existence of a law that an act constituting an offence in India shall also be an offence when committed outside India. Thus, taking part in a marriage which is prohibited by the Child Marriage Restraint Act, 1929 by a citizen of India beyond India is not an offence which can be punished in India.39. This section only applies to the case of a person who at the time of committing the offence charged was amenable to an Indian Court.40. Thus, an Indian citizen who committed an offence outside India which was not an offence according to the laws of that country would still be liable to be tried in India if it was an offence under the Indian law.41. An Indian citizen was murdered by another Indian citizen in a"
IPC_1860,4,"[s 4] Extension of Code to extraterritorial offences. The provisions of this Code apply also to any offence committed by— 46.[(1) any citizen of India in any place without and beyond India; (2) any person on any ship or aircraft registered in India wherever it may be;] 47.[(3) any person in any place without and beyond India committing offence targeting a computer resource located in India.] 48.[Explanation.—In this section— (a) the word ""offence"" includes every act committed outside India which, if committed in India, would be punishable under this Code; (b) the expression ""computer resource"" shall have the meaning assigned to it in clause ( k ) of sub-section (1) of section 2 of the Information Technology Act, 2000 (21 of 2000).] 49.[ILLUSTRATION] 50.[***] A, 51.[who is a 52.[citizen of India]], commits a murder in Uganda. He can be tried and convicted of murder in any place in 53.[India] in which he may be found. 54.[***] COMMENT— This section shows the extent to which the Code applies to offences committed outside India. The Code applies to any offence committed by— (1) any citizen of India in any place, wherever he may be; (2) any person on any ship or aircraft registered in I"
IPC_1860,5,"[s 5] Certain laws not to be affected by this Act. Nothing in this Act shall affect the provisions of any Act for punishing mutiny and desertion of oﬃcers, soldiers, sailors or airmen in the service of the Government of India or the provisions of any special or local law 1 .] COMMENT— This section is a saving clause to section 2. Though the Code was intended to be a general one, it was not thought desirable to make it exhaustive, and hence, offences deﬁned by local and special laws were left out of the Code, and merely declared to be punishable as theretofore.78. Thus, the personnel of the Army, Navy and Airforce are governed by the provisions of the Army Act, 1950, The Navy Act, 1957, and The Indian Air Force Act, 1950 in regard to offences of mutiny and desertion committed by them.79. 1. 'Special or local law'.—A special law is a law relating to a particular subject;80. whereas a local law is a law which applies only to a particular part of the country.81. The distinction between a statute creating a new offence with a particular penalty and a statute enlarging the ambit of an existing offence by including new acts within it with a particular penalty is well settled. In the forme"
IPC_1860,6,"[s 6] Deﬁnitions in the Code to be understood subject to exceptions. Throughout this Code every deﬁnition of an offence, every penal provision, and every illustration of every such deﬁnition or penal provision, shall be understood subject to the exceptions contained in the Chapter entitled ""General Exceptions"", though those exceptions are not repeated in such deﬁnition, penal provision, or illustration. ILLUSTRATION (a) The sections, in this Code, which contain deﬁnitions of offences, do not express that a child under seven years of age cannot commit such offences, but the deﬁnitions are to be understood subject to the general exception which provides that nothing shall be an offence which is done by a child under seven years of age. (b) A, a police-oﬃcer, without warrant, apprehends Z, who has committed murder. Here A is not guilty of the offence of wrongful conﬁnement; for he was bound by law to apprehend Z and therefore the case falls within the general exception which provides that ""nothing is an offence which is done by a person who is bound by law to do it"". COMMENT— The ""general exceptions"" enacted by Indian Penal Code, 1860 (IPC, 1860) are of universal application and for t"
IPC_1860,7,"[s 7] Sense of expression once explained. Every expression which is explained in any part of this Code is used in every part of this Code in conformity with the explanation. 6.  RS Nayak v AR Antulay, (1984) 2 SCC 183 [LNIND 1984 SC 43] : AIR 1984 SC 684 [LNIND 1984 SC 43] . COMMENT— Section 7 of IPC, 1860 provides that 'every expression' which is explained in any part of the Code, is used in every part of the Code in conformity with the explanation. Let it be noted that unlike the modern statute, section 7 does not provide 'unless the context otherwise indicate' a phrase that prefaces the dictionary clauses of a modern statute. Therefore, the expression 'Government' in section 21(12)(a) must mean either the Central Government or the Government of a State.6. THE INDIAN PENAL CODE CHAPTER II GENERAL EXPLANATIONS THIS Chapter is for the most part an elaborate interpretation clause. It is a key to the interpretation of the whole Code. The leading terms used are here deﬁned and explained and the meanings thus, announced are steadily adhered to throughout the subsequent chapters."
IPC_1860,8,"[s 8] Gender. The pronoun ""he"" and its derivatives are used of any person, whether male or female. 7.  Vijaya (Dr.) v Kashirao Rajaram Sawai, 1987 Cr LJ 977 : AIR 1987 SC 1100 [LNIND 1987 SC 200] ; M Areefa Beevi v Dr. K M Sahib, 1983 Cr LJ 412 (Ker) : See also Girdhar Gopal v State, 1953 Cr LJ 964 (MB) (Section 354 IPC, 1860). COMMENT— Section 8 of the Indian Penal Code lays down that the pronoun 'he' and its derivatives are used for any person whether male or female. Thus, in view of section 8, IPC, 1860 read with section 2(y), Code of Criminal Procedure, 1973 (Cr PC, 1973) the pronoun 'his' in clause (d) of section 125(1), Cr PC, 1973 also indicates a female.7. THE INDIAN PENAL CODE CHAPTER II GENERAL EXPLANATIONS THIS Chapter is for the most part an elaborate interpretation clause. It is a key to the interpretation of the whole Code. The leading terms used are here deﬁned and explained and the meanings thus, announced are steadily adhered to throughout the subsequent chapters."
IPC_1860,9,"[s 9] Number. Unless the contrary appears from the context, words importing the singular number include the plural number, and words importing the plural number include the singular number. THE INDIAN PENAL CODE CHAPTER II GENERAL EXPLANATIONS THIS Chapter is for the most part an elaborate interpretation clause. It is a key to the interpretation of the whole Code. The leading terms used are here deﬁned and explained and the meanings thus, announced are steadily adhered to throughout the subsequent chapters."
IPC_1860,10,"[s 10] ""Man"" ""Woman"". The word ""man"" denotes a male human being of any age; the word ""woman"" denotes a female human being of any age. 8.  State of Punjab v Major Singh, AIR 1967 SC 63 [LNIND 1966 SC 130] : 1967 Cr LJ 1 . COMMENT— A female child of seven and a half months was held to be a ""woman"" for the purpose of section 354 IPC, 1860.8. THE INDIAN PENAL CODE CHAPTER II GENERAL EXPLANATIONS THIS Chapter is for the most part an elaborate interpretation clause. It is a key to the interpretation of the whole Code. The leading terms used are here deﬁned and explained and the meanings thus, announced are steadily adhered to throughout the subsequent chapters."
IPC_1860,11,"[s 11] ""Person"". The word ""person"" includes any Company or Association or body of persons, whether incorporated or not. COMMENT— The term 'person' has been deﬁned in section 11, IPC, 1860, and the same is in pari materia with section 3(42) of the General Clauses Act 1897. Obviously, the deﬁnition is inclusive.9. A natural person, an incorporated person or even an unincorporated association or body of persons like a partnership can be a person under section 11 of IPC, 1860.10. The Supreme Court has held in Standard Chartered Bank v Directorate of Enforcement,11. that, as regards corporate criminal liability, there is no doubt that a corporation or company could be prosecuted for any offence punishable under law, whether it is coming under the strict liability or under absolute liability. A juristic person has been held to come within the meaning of the word ""person"" for the purposes of section 415 (cheating).12. The State and its instrumentalities are juristic persons,13. but by implication, the State stands excluded from the purview of the word 'person' for the purpose of limiting its right to avail the revisional power of the High Court under section 397(1) of Cr PC, 1973 for the "
IPC_1860,12,"[s 12] ""Public."". The word ""public"" includes any class of the public, or any community. 19.  Harnandan Lal v Rampalak Mahto, (1938) 18 Pat 76. COMMENT— This deﬁnition is inclusive and does not deﬁne the word 'public'. It only says that any class of public or any community is included within the term 'public'. A body or class of persons living in a particular locality may come within the term 'public'.19. THE INDIAN PENAL CODE CHAPTER II GENERAL EXPLANATIONS THIS Chapter is for the most part an elaborate interpretation clause. It is a key to the interpretation of the whole Code. The leading terms used are here deﬁned and explained and the meanings thus, announced are steadily adhered to throughout the subsequent chapters."
IPC_1860,13,"[s 13] [Repealed] [Deﬁnition of ""Queen"".] [Rep. by the A.O. 1950.] THE INDIAN PENAL CODE CHAPTER II GENERAL EXPLANATIONS THIS Chapter is for the most part an elaborate interpretation clause. It is a key to the interpretation of the whole Code. The leading terms used are here deﬁned and explained and the meanings thus, announced are steadily adhered to throughout the subsequent chapters. 20.["
IPC_1860,14,"[s 14] ""Servant of Government"". The words ""servant of Government"" denote any oﬃcer or servant continued, appointed or employed in India by or under the authority of Government.] 20.  Subs. by the A.O. 1950, for section 14. THE INDIAN PENAL CODE CHAPTER II GENERAL EXPLANATIONS THIS Chapter is for the most part an elaborate interpretation clause. It is a key to the interpretation of the whole Code. The leading terms used are here deﬁned and explained and the meanings thus, announced are steadily adhered to throughout the subsequent chapters. 20.["
IPC_1860,15,"[s 15] [Repealed] [Deﬁnition of ""British India"".] [Rep. by the A.O. 1937.] THE INDIAN PENAL CODE CHAPTER II GENERAL EXPLANATIONS THIS Chapter is for the most part an elaborate interpretation clause. It is a key to the interpretation of the whole Code. The leading terms used are here deﬁned and explained and the meanings thus, announced are steadily adhered to throughout the subsequent chapters."
IPC_1860,16,"[s 16] [Repealed] [Deﬁnition of ""Government of India"".] [Rep. by the A.O. 1937.] THE INDIAN PENAL CODE CHAPTER II GENERAL EXPLANATIONS THIS Chapter is for the most part an elaborate interpretation clause. It is a key to the interpretation of the whole Code. The leading terms used are here deﬁned and explained and the meanings thus, announced are steadily adhered to throughout the subsequent chapters. 21."
IPC_1860,17,"[s 17] ""Government"" The word ""Government"" denotes the Central Government or the Government of a 22. [***] State.] 21.  Subs. by A.O. 1950, for section 17. 22.  The word and letter ""Part A"" omitted by Act 3 of 1951, section 3 and Sch (w.e.f. 1-4-1951). 23.  RS Nayak v AR Antulay, (1984) 2 SCC 183 [LNIND 1984 SC 43] : AIR 1984 SC 684 [LNIND 1984 SC 43] . COMMENT— Legislature of a State cannot be comprehended in the expression 'State Government'.23. THE INDIAN PENAL CODE CHAPTER II GENERAL EXPLANATIONS THIS Chapter is for the most part an elaborate interpretation clause. It is a key to the interpretation of the whole Code. The leading terms used are here deﬁned and explained and the meanings thus, announced are steadily adhered to throughout the subsequent chapters. 24.["
IPC_1860,18,"[s 18] ""India."" ""India"" means the territory of India excluding the State of Jammu and Kashmir.] 24.  Subs. by Act 3 of 1951, section 3 and Sch, for section 18 (w.e.f. 1-4-1951). Earlier section 18 was repealed by the A.O. 1937 and was again inserted by the A.O. 1950. 25.  KRK Vara Prasad v UOI, AIR 1980 AP 243 [LNIND 1980 AP 27] . 26.  Virender Singh v General Oﬃcer Commanding, 1974 J & K LR 101 (FB). COMMENT— This exclusion of the State of Jammu and Kashmir in this section is not violative of Article 1 and the First Schedule of the Constitution of India.25. In fact, Fazal Ali, CJ, as he then was, held that exclusion of a territory postulates the existence of a territory itself; State of Jammu and Kashmir cannot be taken as a foreign territory.26. Since the First Schedule to the Constitution of India speciﬁcally includes Jammu and Kashmir as a part of the territories of India, the exclusion of the State of Jammu and Kashmir from section 18 of the Penal Code only means that for the purposes of application of the provisions of the Indian Penal Code, that State shall not be considered as a part of India. In fact, section 1 of the Code itself makes this position abundantly clear. The S"
IPC_1860,19,"[s 19] The word ""Judge"" denotes not only every person who is oﬃcially designated as a Judge, but also every person,— who is empowered by law to give, in any legal proceeding, civil or criminal, a deﬁnitive judgment, or a judgment which, if not appealed against, would be deﬁnitive, or a judgment which, if conﬁrmed by some other authority, would be deﬁnitive, or who is one of a body of persons, which body of persons is empowered by law to give such a judgment. ILLUSTRATIONS (a) A Collector exercising jurisdiction in a suit under Act 10 of 1859, is a Judge. (b) A Magistrate exercising jurisdiction in respect of a charge on which he has power to sentence to ﬁne or imprisonment, with or without appeal, is a Judge. (c) A member of a panchayat which has power, under 27.Regulation VII, 1816, of the Madras Code, to try and determine suits, is a Judge. (d) A Magistrate exercising jurisdiction in respect of a charge on which he has power only to commit for trial to another Court, is not a Judge. COMMENT— Section 19 IPC, 1860 deﬁnes a 'Judge' as denoting not only every person who is oﬃcially designated as a Judge, but also every person who is empowered by law to give in any legal proceedings, "
IPC_1860,20,"[s 20] ""Court of Justice."". The words ""Court of Justice"" denote a Judge who is empowered by law to act judicially alone, or a body of Judges which is empowered by law to act judicially as a body, when such Judge or body of Judges is acting judicially. ILLUSTRATION A panchayat acting under 31.Regulation VII, 1816, of the Madras Code, having power to try and determine suits, is a Court of Justice. 31.  Rep. by the Madras Civil Courts Act, 1873 (3 of 1873). 32.  Supreme Court Legal Aid Committee v UOI, (1994) 6 SCC 731 [LNIND 1994 SC 955] : JT 1994 (6) SC 544 [LNIND 1989 SC 165] . COMMENT— The word 'court' is a generic term and embraces a Judge but the vice versa is not true. Therefore, the words 'court' and 'Judge' are frequently used interchangeably because a Judge is an essential constituent of a court since there can be no dispensation of justice without a Judge. But that is not to say that when a Judge demits oﬃce the court ceases to exist Supreme Court Legal Aid Committee v UOI.32. THE INDIAN PENAL CODE CHAPTER II GENERAL EXPLANATIONS THIS Chapter is for the most part an elaborate interpretation clause. It is a key to the interpretation of the whole Code. The leading terms used "
IPC_1860,21,"[s 21] ""Public servant."". The words ""public servant"" denote a person falling under any of the descriptions hereinafter following; namely:— 33. [***] 34.Second.—Every Commissioned Oﬃcer in the Military, 35.[Naval or Air] Forces 36.[37. [***] of India]; 38. [Third.—Every Judge including any person empowered by law to discharge, whether by himself or as a member of any body of persons, any adjudicatory functions;] Fourth.—Every oﬃcer of a Court of Justice 39.[(including a liquidator, receiver or commissioner)] whose duty it is, as such oﬃcer, to investigate or report on any matter of law or fact, or to make, authenticate, or keep any document, or to take charge or dispose of any property, or to execute any judicial process, or to administer any oath, or to interpret, or to preserve order in the Court, and every person specially authorized by a Court of Justice to perform any of such duties; Fifth.—Every juryman, assessor, or member of a panchayat assisting a Court of Justice or public servant; Sixth.—Every arbitrator or other person to whom any cause or matter has been referred for decision or report by any Court of Justice, or by any other competent public authority; Seventh.—Every p"
IPC_1860,22,"[s 22] ""Movable property."". The words ""movable property"" are intended to include corporeal property 1 of every description, except land and things attached to the earth 2 or permanently fastened to anything which is attached to the earth. COMMENT— This deﬁnition is restricted to corporeal property; it excludes all choices in action. The deﬁnition of ""movable property"" in the section is not exhaustive.99. The deﬁnition of ""movable property"" given in the Indian Penal Code is basically meant for the provisions contained in the Indian Penal Code itself (section 125 Cr PC, 1973).100. 1. 'Corporeal property' is property which may be perceived by the senses, in contradistinction to incorporeal rights, which are not so perceivable, as obligations of all kinds. Thus, salt produced on a swamp,101. and papers forming part of the record of a case,102. are movable property within the meaning of this section. Even if an assessment order is not 'property' in the hands of the Income-tax Oﬃcer, it is 'property' in the hands of the assessee (section 420 IPC, 1860).103. 2. 'Land and things attached to the earth'.—This section does not exempt ""earth and things attached to the earth"", but ""land and thi"
IPC_1860,23,"[s 23] ""Wrongful gain."". ""Wrongful gain"" is gain by unlawful means of property to which the person gaining is not legally entitled. ""Wrongful loss."" ""Wrongful loss"" is the loss by unlawful means of property to which the person losing it is legally entitled. Gaining wrongfully, Losing wrongfully A person is said to gain wrongfully when such person retains wrongfully, as well as when such person acquires wrongfully. A person is said to lose wrongfully when such person is wrongfully kept out of any property,1 as well as when such person is wrongfully deprived of property. COMMENT— The word 'wrongful' means prejudicially affecting a party in some legal right. For either wrongful loss or gain, the property must be lost to the owner, or the owner must be wrongfully kept out of it. Thus, where a pledgee used a turban that was pledged, it was held that the deterioration of the turban by use was not 'wrongful loss' of property to the owner, and the wrongful beneﬁcial use of it by the pledgee was not a 'wrongful gain' to him.108. The gain or loss contemplated need not be a total acquisition or a total deprivation but it is enough if it is a temporary retention of property by the person wrong"
IPC_1860,24,"[s 24] ""Dishonestly."". Whoever does anything with the intention of causing wrongful gain to one person or wrongful loss to another person, is said to do that thing ""dishonestly"". COMMENT— From this deﬁnition it will appear that the term 'dishonestly' is not used in the Code in its popular signiﬁcance. Unless there is wrongful gain to one person, or wrongful loss to another, an act would not be 'dishonest'. Wrongful gain includes wrongful retention and wrongful loss includes being kept out of the property as well as being wrongfully deprived of property.117. An act done with the intention to cause 'wrongful gain' can be said to be dishonest.118. Deceit is not an ingredient of the deﬁnition of the word ""dishonestly"". ""Dishonestly"" involves a pecuniary or economic gain or loss.119. Thus, ""dishonestly"" means an intention to cause either wrongful gain or wrongful loss. So where municipal oﬃcers demolished and removed an unauthorised structure lawfully by virtue of powers given to them under the Municipal Act, it could not be said that they committed the offence of theft under section 380, IPC, 1860, as their act was not committed dishonestly within the meaning of section 24 read with se"
IPC_1860,25,"[s 25] ""Fraudulently."". A person is said to do a thing fraudulently if he does that thing with intent to defraud 1 but not otherwise. COMMENT— The intention with which an act is done is very important in determining whether the act is done 'dishonestly' or 'fraudulently'. 1. 'Intent to defraud'.—The terms 'fraud' and 'defraud' are not deﬁned in the Penal Code. The word 'defraud' is of double meaning in the sense that it either may or may not imply deprivation, and, as it is not deﬁned, its meaning must be sought by a consideration of the context in which the word 'fraudulently' is found.126. Fraud is an act of deliberate deception with a design to secure something, which is otherwise not due. Fraud and deception are synonymous.127. To 'defraud' or do something fraudulently is not by itself made an offence under the Penal Code, but various acts when done fraudulently (or fraudulently and dishonestly) are made offences. These include: (i) Fraudulent removal or concealment of property (sections 206, 421, 424) (ii) Fraudulent claim to property to prevent seizure (section 207). (iii) Fraudulent suffering or obtaining a decree (sections 208 and 210) (iv) Fraudulent possession/delivery of"
IPC_1860,26,"[s 26] ""Reason to believe."". A person is said to have ""reason to believe"" a thing, if he has suﬃcient cause to believe that thing but not otherwise. 137.  Joti Parshad v State of Haryana, AIR 1993 SC 1167 : 1993 Cr LJ 413 . 138.  Hamid Ali v State, 1961 (2) Cr LJ 801 . 139.  Prabha Malhotra v State, 2000 Cr LJ 549 (All), the Court was examining the conduct of doctors in reference to a patient and found no departure from the normal medical practices. 140.  State of Punjab v Balbir Singh, AIR 1994 SC 1872 [LNIND 1994 SC 283] : (1994) 3 SCC 299 [LNIND 1994 SC 283] ; Noor Aga v State of Punjab, (2008) 16 SCC 417 [LNIND 2008 SC 1363] : JT 2008 (7) SC 409 [LNIND 2008 SC 1363] . COMMENT— ""Reason to believe"" is another facet of the state of mind. It is not the same thing as ""suspicion"" or ""doubt"" and mere seeing also cannot be equated to believing. It is a higher level of state of mind. It means that a person must have reason to believe if the circumstances are such that a reasonable man would, by probable reasoning, conclude or infer regarding the nature of the thing concerned.137. The word ""believe"" is a very much stronger word than ""suspect"" and that it involves the necessity of showing"
IPC_1860,27,"[s 27] Property in possession of wife, clerk or servant. When property is in the possession of a person's wife, clerk or servant, on account of that person, it is in that person's possession within the meaning of this Code. Explanation.— A person employed temporarily or on a particular occasion in the capacity of a clerk or servant, is a clerk or servant within the meaning of this section. COMMENT— Under this section property in the possession of a person's wife, clerk, or servant, is deemed to be in that person's possession. The possession must be conscious and intelligent possession and not merely the physical presence of the accused near the object.141. Corporeal property is in a person's possession when he has such power over it that he can exclude others from it, and intends to exercise, if necessary, that power on behalf of himself or of some person for whom he is a trustee. A man's goods are in his possession not only while they are in his house or on his premises, but also when they are in a place where he may usually send them (as when horses and cattle feed on common land), or in a place where they may be lawfully deposited by him, e.g., when he buries money or ornaments "
IPC_1860,28,"[s 28] ""Counterfeit."". A person is said to ""counterfeit"" who causes one thing to resemble another thing, intending by means of that resemblance to practise deception, or knowing it to be likely that deception will thereby be practised. 144. [Explanation 1.—It is not essential to counterfeiting that the imitation should be exact. Explanation 2.—When a person causes one thing to resemble another thing, and the resemblance is such that a person might be deceived thereby, it shall be presumed, until the contrary is proved, that the person so causing the one thing to resemble the other thing intended by means of that resemblance to practise deception or knew it to be likely that deception would thereby be practised.] COMMENT— The aforesaid deﬁnition states that imitation is not required to be exact. It also says that it is not necessary that counterfeit note should be made with primary intention of its being looked as genuine. It is suﬃcient if resemblance to genuine currency note is so caused that it is capable to being passed as such.145. In order to apply section 28, what the Court has to see is whether one thing is made to resemble another thing and if that is so and if the resembla"
IPC_1860,29,"[s 29] ""Document."". The word ""document"" denotes any matter expressed or described upon any substance by means of letters, ﬁgures, or marks, or by more than one of those means, intended to be used, or which may be used, as evidence of that matter. Explanation 1.—It is immaterial by what means or upon what substance the letters, ﬁgures or marks are formed, or whether the evidence is intended for, or may be used in, a Court of Justice, or not. ILLUSTRATIONS A writing expressing the terms of a contract, which may be used as evidence of the contract, is a document. A cheque upon a banker is a document. A power-of-attorney is a document. A map or plan which is intended to be used or which may be used as evidence, is a document. A writing containing directions or instructions is a document. Explanation 2.—Whatever is expressed by means of letters, ﬁgures or marks as explained by mercantile or other usage, shall be deemed to be expressed by such letters, ﬁgures or marks within the meaning of this section, although the same may not be actually expressed. ILLUSTRATION A writes his name on the back of a bill of exchange payable to his order. The meaning of the endorsement, as explained by mer"
IPC_1860,30,"[s 30] ""Valuable security."". The words ""valuable security"" denote a document which is, or purports to be, 1 a document whereby any legal right is created, extended, transferred, restricted, extinguished or released, or where by any person acknowledges that he lies under legal liability, or has not a certain legal right. ILLUSTRATION A writes his name on the back of a bill of exchange. As the effect of this endorsement is transfer the right to the bill to any person who may become the lawful holder of it, the endorsement is a ""valuable security"". 157.  Hari Prasad v State, (1955) 1 All 749 ; Moosa v State of Kerala, AIR 1963 Ker. 68 . 158.  Gobinda Prasad v State, AIR 1962 Cal 174 [LNIND 1961 CAL 76] . COMMENT— The words ""valuable security"" also occurs in sections 329–331, 347, 348, 420, 467 and 471. Account books containing entries not signed by a party are not ""valuable security.""157. A copy of a valuable security is not a valuable security.158. An 'order of assessment' is a 'valuable security'.159. 1. 'Which is, or purports to be'.—The use of the words ""which is, or purports to be"" indicates that a document which, upon certain evidence being given, may be held to be invalid, but "
IPC_1860,31,"[s 31] ""A will"". The words ""a will"" denote any testamentary document. 164.  The Indian Succession Act (XXXIX of 1925), section 2(h). COMMENT— 'Will' is the legal declaration of the intention of a testator with respect to his property which he desires to be carried into effect after his death.164. THE INDIAN PENAL CODE CHAPTER II GENERAL EXPLANATIONS THIS Chapter is for the most part an elaborate interpretation clause. It is a key to the interpretation of the whole Code. The leading terms used are here deﬁned and explained and the meanings thus, announced are steadily adhered to throughout the subsequent chapters."
IPC_1860,32,"[s 32] Words referring to acts include illegal omissions. In every part of this Code, except where a contrary intention appears from the context, words which refer to acts 1 done extend also to illegal omissions. 2 COMMENT— This section puts an illegal omission on the same footing as a positive act. 1. 'Acts'.—An 'act' generally means something voluntarily done by a person. 'Act' is a determination of the will, producing an effect in the sensible world. This word includes writing and speaking, or, in short, any external manifestation. In the Code it is not conﬁned to its ordinary meaning of positive conduct of doing something, but includes also illegal omissions. 2. 'Omissions'.—Liability for an omission requires a legal duty to act; a moral duty to act is not suﬃcient. A duty arises from the former when an offence is deﬁned in terms of omission. This is the situation where the legislature has made it an offence. A legal duty to act may also be created by a provision of either criminal or civil separate from the offence charged. Since there is no moral difference between (i) a positive act and (ii) an omission when a duty is established, it is to be borne in mind that cases of omis"
IPC_1860,33,"[s 33] ""Act"" ""Omission"";. The word ""act"" denotes as well a series of acts as a single act: the word ""omission"" denotes as well a series of omissions as a single omission. 168.  Dr PB Desai v State of Maharashtra, 2013 (11) Scale 429 [LNIND 2013 SC 815] . 169.  Om Parkash v State Of Punjab, AIR 1961 SC 1782 [LNIND 1961 SC 201] : 1961 (2) Cr LJ 848 . COMMENT— An omission is sometimes called a negative act, but this seems dangerous practice, for it too easily permits an omission to be substituted for an act without requiring the special requirement for omission liability such as legal duty and the physical capacity to perform the act. Criminal liability for an omission is also well accepted where the actor has a legal duty and the capacity to act. It is said that this rather fundamental exception to the act requirement is permitted because an actor's failure to perform a legal duty of which he is capable, satisﬁes the purposes of the act requirement or at least satisﬁes them as well as an act does. Speciﬁcally these two special requirements for omission liability help to exclude from liability cases of fantasizing and irresolute intentions, important purposes of the act requirement.16"
IPC_1860,34,"[s 34] Acts done by several persons in furtherance of common intention. When a criminal act is done by several persons in furtherance of the common intention 1 of all, each of such persons is liable for that act in the same manner as if it were done by him alone.] COMMENT— Introduction.—Ordinarily, no man can be held responsible for an independent act and wrong committed by another. However, section 34 of the IPC, 1860 makes an exception to this principle. It lays down a principle of joint liability in the doing of a criminal act. The essence of that liability is to be found in the existence of common intention, animating the accused leading to the doing of a criminal act in furtherance of such intention. It deals with the doing of separate acts, similar or adverse by several persons, if all are done in furtherance of common intention. In such situation, each person is liable for the result of that as if he had done that act himself.171. The soul of section 34, IPC, 1860 is the joint liability in doing a criminal act.172. [s 34.1] History.— Section 34 IPC, 1860 is part of the original Code of 1860 as drafted by Lord Macaulay. The original section as it stood was ""When a criminal ac"
IPC_1860,35,"[s 35] When such an act is criminal by reason of its being done with a criminal knowledge or intention. Whenever an act, which is criminal only by reason of its being done with a criminal knowledge or intention, is done by several persons, each of such persons who joins in the act with such knowledge or intention is liable for the act in the same manner as if the act were done by him alone with that knowledge or intention. COMMENT— The preceding section provided for a case in which a criminal act was done by several persons in furtherance of the common intention of all. Under this section several persons who actually perform the act must be shown to have the particular intent or knowledge, if the act is criminal only by reason of its being done with a criminal knowledge or intention. If several persons, having one and the same criminal intention or knowledge, jointly commit murder or an assault, each is liable for the offence as if he has acted alone; but if several persons join in an act, each having a different intention or knowledge from the others, each is liable according to his own criminal intention or knowledge, and he is not liable further. If an act which is an offence in"
IPC_1860,36,"[s 36] Effect caused partly by act and partly by omission. Wherever the causing of a certain effect, or an attempt to cause that effect, by an act or by an omission, is an offence, it is to be understood that the causing of that effect partly by an act and partly by an omission is the same offence. ILLUSTRATION A intentionally causes Z's death, partly by illegally omitting to give Z food, and partly by beating Z. A has committed murder. 267.  Sushil Ansal v State, 2002 Cr LJ 1369 . Also see Association of Victims of Uphaar Tragedy v Gopal Ansal, (2008) 14 SCC 611 [LNIND 2008 SC 1818] : (2009) 2 SCC (Cr) 878. COMMENT— This section follows as a corollary from section 32. The legal consequences of an 'act' and of an 'omission' being the same, if an offence is committed partly by an act and partly by an omission the consequences will be the same as if the offence was committed by an 'act' or by an 'omission' alone. Fire in the transformer installed in a cinema hall led to multiple deaths but was not the causa causans of the tragedy. The absence of rapid dispersal facilities, various acts of omission and commission, violation of rules and bye-laws meant for public safety were other caus"
IPC_1860,37,"[s 37] Co-operation by doing one of several acts constituting an offence. When an offence is committed by means of several acts, whoever intentionally co- operates in the commission of that offence by doing any one of those acts, either singly or jointly with any other person, commits that offence. ILLUSTRATIONS (a) A and B agree to murder Z by severally and at different times giving him small doses of poison. A and B administer the poison according to the agreement with intent to murder Z. Z dies from the effects of the several doses of poison so administered to him. Here A and B intentionally co-operate in the commission of murder and as each of them does an act by which the death is caused, they are both guilty of the offence though their acts are separate. (b) A and B are joint jailors, and as such have the charge of Z, a prisoner, alternatively for six hours at a time. A and B, intending to cause Z's death, knowingly co-operate in causing that effect by illegally omitting, each during the time of his attendance, to furnish Z with food supplied to them for that purpose, Z dies of hunger. Both A and B are guilty of the murder of Z. (c) A, a jailor, has the charge of a prisoner. "
IPC_1860,38,"[s 38] Persons concerned in criminal act may be guilty of different offences. Where several persons are engaged or concerned in the commission of a criminal act, they may be guilty of different offences by means of that act. ILLUSTRATION A attacks Z under such circumstances of grave provocation that his killing of Z would be only culpable homicide not amounting to murder. B, having ill-will towards Z and intending to kill him, and not having been subject to the provocation, assists A in killing Z. Here, though A and B are both engaged in causing Z's death, B is guilty of murder, and A is guilty only of culpable homicide. COMMENT— Section 38 provides that the responsibility for the completed criminal act may be of different grades according to the share taken by the different accused in the completion of the criminal act and this section does not mention anything about intention common or otherwise or knowledge.271. Sections 34–38 lay down principles similar to the English law of 'principals in the ﬁrst and second degrees.' See Comment on section 107. The basic principle which runs through sections 32 to 38 is that in certain circumstances an entire act is attributed to a person who"
IPC_1860,39,"[s 39] ""Voluntarily."". A person is said to cause an effect ""voluntarily"" when he causes it by means whereby he intended to cause it, or by means which, at the time of employing those means, he knew or had reason to believe to be likely to cause it. ILLUSTRATION A sets ﬁre, by night, to an inhabited house in a large town, for the purpose of facilitating a robbery and thus causes the death of a person. Here, A may not have intended to cause death; and may even be sorry that death has been caused by his act; yet, if he knew that he was likely to cause death, he has caused death voluntarily. 276.  Dr.Meenu Bhatia Prasad v State, 2002 Cr LJ 1674 (Del). 277.  Abdul Majeed v State of Kerala, (1994) 2 Cr LJ 1404 (Ker). 278.  Olga Tellis v. Bombay MC, (1985) 3 SCC 545 [LNIND 1985 SC 215] : 1986 CrLR (SC) 23 : AIR 1986 SC 180 [LNIND 1985 SC 215] . COMMENT— Bare reading of this section shows that a person need not intend to cause a certain effect. If an act is the probable consequence of the means used by him, he is said to have caused it voluntarily whether he really means to cause it or not. Section implicitly lays down the principle that a man is presumed to intend the probable consequence"
IPC_1860,40,"[s 40] ""Offence"". Except in the 280.[Chapters] and sections mentioned in clauses 2 and 3 of this section, the word ""offence"" denotes a thing made punishable by this Code. In Chapter IV, 281.[Chapter VA] and in the following sections, namely, sections 282.[64, 65, 66, 283.[67], 71], 109, 110, 112, 114, 115, 116, 117, 284.[118, 119, 120] 187, 194, 195, 203, 211, 213, 214, 221, 222, 223, 224, 225, 327, 328, 329, 330, 331, 347, 348, 388, 389 and 445, the word ""offence"" denotes a thing punishable under this Code, or under any special or local law as hereinafter deﬁned. And in sections 141, 176, 177, 201, 202, 212, 216 and 441, the word ""offence"" has the same meaning when the thing punishable under the special or local law is punishable under such law with imprisonment for a term of six months or upwards, whether with or without ﬁne.] COMMENT— ""Offence"" means 'an act or instance of offending'; 'commit an illegal act' and illegal means, 'contrary to or forbidden by law'. ""Offence"" has to be read and understood in the context as it has been prescribed under the provisions of sub-section 40, 41 and 42 IPC, 1860 which cover the offences punishable under IPC, 1860 or under special or local la"
IPC_1860,41,"[s 41] ""Special law"". A ""special law"" is a law applicable to a particular subject. 303.  Rajan K Moorthy v M Vijayan, 2008 Cr LJ 1254 (Mad). 304.  Ejas Ahmed v State of Jharkhand, 2010 Cr LJ 1953 (Jha) also see the comments under Section 5 of IPC, 1860. COMMENT— Laws dealing with special subjects are called special laws. The special laws contemplated in section 40 and this section are only laws, such as the Excise, Opium, Cattle Trespass, Gambling and Railway Acts, creating fresh offences, that is, laws making punishable certain things which are not already punishable under the Penal Code. Negotiable Instruments Act being a special statute has overriding effect over the provisions of Cr PC, 1973.303. Since nothing in Factories Act (Special Law) which prescribes punishment for rash and negligent act of occupier or manager of factory which resulted into death of any worker or any other person, the general Law, i.e., IPC, 1860 will apply.304. THE INDIAN PENAL CODE CHAPTER II GENERAL EXPLANATIONS THIS Chapter is for the most part an elaborate interpretation clause. It is a key to the interpretation of the whole Code. The leading terms used are here deﬁned and explained and the meanings"
IPC_1860,42,"[s 42] ""Local law"". A ""local law"" is a law applicable only to a particular part of 305.[306.[***]307.[India]]. 305.  Subs. by the A.O. 1948, for ""British India"". 306.  The words ""the territories comprised in"" omitted by Act 48 of 1952, section 3 and Sch II (w.e.f. 2-8- 1952). 307.  Subs. by Act 3 of 1951, section 3 and Sch, for ""the States"" (w.e.f. 3-4-1951). Earlier the words ""the States"" were substituted by the A.O. 1950, for ""the Provinces"". COMMENT— Laws applicable to a particular locality only are termed local laws, e.g., Port Trust Acts. THE INDIAN PENAL CODE CHAPTER II GENERAL EXPLANATIONS THIS Chapter is for the most part an elaborate interpretation clause. It is a key to the interpretation of the whole Code. The leading terms used are here deﬁned and explained and the meanings thus, announced are steadily adhered to throughout the subsequent chapters."
IPC_1860,43,"[s 43] ""Illegal."" ""Legally bound to do."". The word ""illegal"" is applicable to everything which is an offence or which is prohibited by law, or which furnishes ground for a civil action; and a person is said to be ""legally bound to do"" whatever it is illegal in him to omit. COMMENT— The word `illegal' in the section has been given a very wide meaning. It consists of three ingredients: (1) everything which is an offence; (2) everything which is prohibited by law and (3) everything which furnishes ground for civil action.308. The words ""legally bound"" do not necessarily only mean the law made by the legislature or statutory law. Section 43 IPC, 1860 contains a deﬁnition of a person being legally bound to do, that is, a person is stated to be legally bound to do whatever it is illegal in him to omit.309. The expression ""legally bound to do"" carries very wide meaning where any ground for civil action can be founded on the basis of any act or omission on the part of a person, his act may be held to be illegal or it may be held that he was legally bound to do an act which he had omitted to do. If a person breaches a departmental order, he may be held guilty as he was legally bound to act "
IPC_1860,44,"[s 44] ""Injury."". The word ""injury"" denotes any harm whatever illegally caused to any person, in body, mind, reputation or property. 314.  Svami Nayudu v Subramania Mudali, (1864) 2 MHC 158 . 315.  Yalla Gangulu v Mamidi Dali, (1897) 21 Mad 74 (FB). 316.  Saif Ali v State, (1989) PR No. 17 of 1898 (FB). 317.  TPSH Selva Saroja v TPSH Sasinathana, 1989 Cr LJ 2032 (Mad). 318.  Prayag Das v State, 1963 (1) Cr LJ 279 . 319.  Subramanian Swamy v UOI, 2016 Cr LJ 3214 . COMMENT— 'Injury' is an act contrary to law.314. It will include any tortious act. A Magistrate imposed a ﬁne in addition to a sentence of imprisonment on a conviction for the offence of causing death by a rash and negligent act and gave compensation to the widow of the deceased out of the ﬁne imposed. It was held that compensation could not be given to her for she did not suffer any injury as here deﬁned.315. It may, however, be argued that nothing could be more harmful to the mind of a woman than the death of her husband, and the section speaks of harm to the mind as 'injury'. The former Chief Court of the Punjab held that loss of her husband's support affected a widow prejudicially in a legal right, and was therefore, a"
IPC_1860,45,"[s 45] ""Life"". The word ""life"" denotes the life of a human being, unless the contrary appears from the context. COMMENT— Section 45 of the IPC, 1860 deﬁnes life as denoting the life of a human being, unless the contrary appears from the context. Therefore, when a punishment for murder is awarded under section 302 of the IPC, 1860, it might be imprisonment for life, where life denotes the life of the convict or death. The term of sentence spanning the life of the convict, can be curtailed by the appropriate Government for good and valid reasons in exercise of its powers under section 432 of the Cr PC, 1973.320. Life imprisonment cannot be equivalent to imprisonment for 14 years or 20 years or even 30 years, rather it always means the whole natural life.321. The expression 'imprisonment for life' must be read in the context of section 45, IPC, 1860.322. The Court may feel that the punishment more just and proper, in the facts of the case, would be imprisonment for life with life given its normal meaning and as deﬁned in section 45 of the Indian Penal Code.323. [s 45.1] Imprisonment for the remainder of Accused's natural life.— As per the Criminal Law (Amendment) Act 2013324. the puni"
IPC_1860,46,"[s 46] ""Death."". The word ""death"" denotes the death of a human being, unless the contrary appears from the context. 327.  Aruna ramchandra Shanbaug v UOI, (2011) 4 SCC 454 [LNIND 2011 SC 265] : AIR 2011 SC 1290 [LNIND 2011 SC 265] . COMMENT— A present day understanding of death as the irreversible end of life must imply total brain failure, such that neither breathing, nor circulation is possible any more.327. THE INDIAN PENAL CODE CHAPTER II GENERAL EXPLANATIONS THIS Chapter is for the most part an elaborate interpretation clause. It is a key to the interpretation of the whole Code. The leading terms used are here deﬁned and explained and the meanings thus, announced are steadily adhered to throughout the subsequent chapters."
IPC_1860,47,"[s 47] ""Animal."". The word ""animal"" denotes any living creature, other than a human being. THE INDIAN PENAL CODE CHAPTER II GENERAL EXPLANATIONS THIS Chapter is for the most part an elaborate interpretation clause. It is a key to the interpretation of the whole Code. The leading terms used are here deﬁned and explained and the meanings thus, announced are steadily adhered to throughout the subsequent chapters."
IPC_1860,48,"[s 48] ""Vessel."". The word ""vessel"" denotes anything made for the conveyance by water of human beings or of property. 328.  P Balaraman v The State, 1991 Cr LJ 166 (Mad). COMMENT— The word ""vessel"" has been deﬁned in section 48 of the Indian Penal Code to denote anything made for the conveyance by water of human beings or of property. The train compartment is not a building, tent or vessel used as a human building neither a place for worship nor a place used for the custody of property.328. THE INDIAN PENAL CODE CHAPTER II GENERAL EXPLANATIONS THIS Chapter is for the most part an elaborate interpretation clause. It is a key to the interpretation of the whole Code. The leading terms used are here deﬁned and explained and the meanings thus, announced are steadily adhered to throughout the subsequent chapters."
IPC_1860,49,"[s 49] ""Year."" ""Month."". Wherever the word ""year"" or the word ""month"" is used, it is to be understood that the year or the month is to be reckoned according to the British calendar. 329.  Migotti v Colvill, (1879) 4 CPD 233 . COMMENT— A person sentenced to imprisonment for the space of one calendar month is entitled to be discharged on the day in the succeeding month immediately preceding the day corresponding to that from which his sentence takes effect.329. The day on which a sentence is passed on a prisoner is calculated as a whole day. THE INDIAN PENAL CODE CHAPTER II GENERAL EXPLANATIONS THIS Chapter is for the most part an elaborate interpretation clause. It is a key to the interpretation of the whole Code. The leading terms used are here deﬁned and explained and the meanings thus, announced are steadily adhered to throughout the subsequent chapters."
IPC_1860,50,"[s 50] ""Section."". The word ""section"" denotes one of those portions of a Chapter of this Code which are distinguished by preﬁxed numeral ﬁgures. THE INDIAN PENAL CODE CHAPTER II GENERAL EXPLANATIONS THIS Chapter is for the most part an elaborate interpretation clause. It is a key to the interpretation of the whole Code. The leading terms used are here deﬁned and explained and the meanings thus, announced are steadily adhered to throughout the subsequent chapters."
IPC_1860,51,"[s 51] ""Oath."". The word ""oath"" includes a solemn aﬃrmation substituted by law for an oath, and any declaration required or authorized by law to be made before a public servant or to be used for the purpose of proof, whether in a Court of Justice or not. 330.  White v White, (1786) 1 Leach 430; U Vali Basha v Mohd. Bashu, (2008) Cr LJ 1011 (Karn). COMMENT— An oath is a religious asseveration, by which a person renounces the mercy, and imprecates the vengeance of heaven, if he does not speak the truth.330. The form of oath differs according to the religious persuasion of the swearer. A Christian swears on the Bible, a Jew upon the Pentateuch, a Mahommedan upon the Koran, and a Hindu on the Gita. A Hindu or a Mahommedan has the statutory right to be aﬃrmed instead of taking an oath. THE INDIAN PENAL CODE CHAPTER II GENERAL EXPLANATIONS THIS Chapter is for the most part an elaborate interpretation clause. It is a key to the interpretation of the whole Code. The leading terms used are here deﬁned and explained and the meanings thus, announced are steadily adhered to throughout the subsequent chapters."
IPC_1860,52,"[s 52] ""Good faith."". Nothing is said to be done or believed in ""good faith"" which is done or believed without due care and attention. COMMENT— The expression ""good faith"" in criminal jurisprudence has a deﬁnite connotation. Its import is totally different from saying that the person concerned has honestly believed the truth of what is said. See the language of the law in this regard. It starts in the negative tone excluding all except what is allowed to be within its amplitude. Insistence sought to be achieved through the commencing words of the deﬁnition ""nothing is said to be done or believed in good faith"" is that the solitary item included within the purview of the expression ""good faith"" is what is done with ""due care and attention"". Due care denotes the degree of reasonableness in the care sought to be exercised. In Black's Law Dictionary, ""reasonable care"" is explained as ""such a degree of care, precaution, or diligence as may fairly and properly be expected or required, having regard to the nature of the action, or of the subject matter and the circumstances surrounding the transaction. It is such care as an ordinary prudent person would exercise under the conditions exist"
IPC_1860,53,"[s 53] ""Punishments."". The punishments to which offenders are liable under the provisions of this Code are— First.—Death; 1. [Secondly.—Imprisonment for life;] 2. [***] Fourthly.—Imprisonment, which is of two descriptions, namely:— (1) Rigorous, that is, with hard labour; (2) Simple; Fifthly.—Forfeiture of property; Sixthly.—Fine. COMMENT— The object of punishment in the scheme of modern social defence is correction of the wrongdoer and not wrecking gratuitous punitive vengeance on the criminal. Some attempts have been made to modernise our penal system through piecemeal legislation at best for the ﬁrst offenders, the children and the juvenile delinquents example the Probation of Offenders Act 1958, the Juvenile Justice (Care and Protection of Children) Act 2000, Juvenile Justice (Care and Protection of Children) Act, 2015 etc. In the Indian Penal Code, there is no scope for individualising the punishment; rather these ﬁve forms of punishment have to be doled out to the offenders irrespective of their psycho-social problems and needs of individual offenders. Commenting on this unhappy aspect of our penal system Krishna iyer, J, observed in Shivaji's case'.3. Two men in their twenti"
IPC_1860,54,"[s 54] Commutation of sentence of death. In every case in which sentence of death shall have been passed, 127.[the appropriate Government] may, without the consent of the offender, commute the punishment for any other punishment provided by this Code. COMMENT— The law governing suspension, remission and commutation of sentence is both statutory and constitutional.128. The stage for the exercise of this power generally speaking is post-judicial, i.e., after the judicial process has come to an end. After the judicial function ends, the executive function of giving effect to the judicial verdict commences. Constitutional power under Article 72/161 would override the statutory power contained in sections 432 and 433 and the limitation of section 433A of the Code as well as the power conferred by sections 54 and 55, IPC, 1860.129. No convict has a fundamental right of remission or shortening of sentence. The State in exercise of its executive power of remission must consider each individual case keeping in view the relevant factors. The power of the State to issue general instructions, so that no discrimination is made, is also permissible in law.130. Exercise of executive clemency is a"
IPC_1860,55,"[s 55] Commutation of sentence of imprisonment for life. In every case in which sentence of 164.[imprisonment] for life shall have been passed, 165.[the appropriate Government] may, without the consent of the offender, commute the punishment for imprisonment of either description for a term not exceeding fourteen years. COMMENT— In the absence of an order under section 55 IPC, 1860 or section 433(b) Cr PC, 1973 a life convict cannot be released even after expiry of 14 years, for a sentence of life imprisonment means rigorous imprisonment for the rest of convict's life.166. It is now conclusively settled by a catena of decisions that the punishment of imprisonment for life handed down by the Court means a sentence of imprisonment for the convict for the rest of his life.167. However, Supreme Court has been, for quite some time, conscious of the liberal approach and sometimes discriminatory too, taken by the States in exercise of their power under sections 432 and 433 of Cr PC, 1973 in remitting or commuting sentences. In Jagmohan Singh v State of UP,168. Court had expressed concern about such approach made by the States in remitting life sentences that led to the amendment in Cr PC "
IPC_1860,56,"[s 56] Sentence of Europeans and Americans to penal servitude. Proviso as to sentence for term exceeding ten years but not for life. [Rep. by the Criminal Law (Removal of Racial Discriminations) Act, 1949 (17 of 1949), sec. 2 (w.e.f. 6-4-1949).] THE INDIAN PENAL CODE CHAPTER III OF PUNISHMENTS"
IPC_1860,57,"[s 57] Fractions of terms of punishment. In calculating fractions of terms of punishment, 177.[imprisonment] for life shall be reckoned as equivalent to 178.[imprisonment] for twenty years. COMMENT— Section 57 of the IPC, 1860 does not in any way limit the punishment of imprisonment for life to a term of 20 years. Section 57 is only for calculating fractions of terms of punishment and provides that imprisonment for life shall be reckoned as equivalent to imprisonment for 20 years. The object and purpose of section 57 will be clear by simply referring to sections 65, 116, 119, 129 and 511 of the IPC, 1860.179. The accused has thus no right to be released after a period of 20 years. The remissions granted under the rules made under the Prison Act or under the Jail Manual are merely administrative orders of the appropriate Government and fall exclusively within the discretion of the Government under section 401 (now section 432) Cr PC, 1973. In the case of a prisoner who is convicted in one State but transferred to the jail of another State to serve out the sentence, the appropriate Government to grant remission would be the Government of the State where the accused was convicted and "
IPC_1860,58,"[s 58] Offenders sentenced to transportation how dealt with until transported. [Rep. by the Code of Criminal Procedure (Amendment) Act, 1955 (26 of 1955), sec. 117 and Sch. (w.e.f. 1-1-1956).] THE INDIAN PENAL CODE CHAPTER III OF PUNISHMENTS"
IPC_1860,59,"[s 59] Transportation instead of imprisonment. [Rep. by the Code of Criminal Procedure (Amendment) Act, 1955 (26 of 1955), sec. 117 and Sch. (w.e.f. 1-1-1956).] THE INDIAN PENAL CODE CHAPTER III OF PUNISHMENTS"
IPC_1860,60,"[s 60] Sentence may be (in certain cases of imprisonment) wholly or partly rigorous or simple. In every case in which an offender is punishable with imprisonment which may be of either description, it shall be competent to the Court which sentences such offender to direct in the sentence that such imprisonment shall be wholly rigorous, or that such imprisonment shall be wholly simple, or that any part of such imprisonment shall be rigorous and the rest simple. 184.  Mohd Munna v UOI, (2005) 7 SCC 417 [LNIND 2005 SC 701] : AIR 2005 SC 3440 [LNIND 2005 SC 701] . 185.  Naib Singh case, (1983 (2) SCC 454 [LNIND 1983 SC 116] : 1983 SCC (Cr) 536. COMMENT— Life imprisonment means rigorous imprisonment for life.184. A distinction between 'imprisonment for life' and 'imprisonment for a term' has been maintained in the Indian Penal Code in several of its provisions. Second, by its very terms section 60 is applicable to a case where 'an offender is punishable with imprisonment which may be of either description' and it is only in such case that it is competent for the Court to direct that 'such imprisonment shall be either wholly rigorous or wholly simple or that any part of such imprisonment"
IPC_1860,61,"[s 61] Sentence of forfeiture of property. [Rep. by the Indian Penal Code (Amendment) Act, 1921 (XVI of 1921), sec. 4.] THE INDIAN PENAL CODE CHAPTER III OF PUNISHMENTS"
IPC_1860,62,"[s 62] Forfeiture of property in respect of offenders punishable with death, transportation or imprisonment. [Rep. by the Indian Penal Code (Amendment) Act, 1921 (XVI of 1921), sec. 4.] 186.  Shobha Suresh Jumani v Appellate Tribunal, Forfeited Property, AIR 2001 SC 2288 [LNIND 2001 SC 1184] : 2001 Cr LJ 2583 . COMMENT— These sections were deleted by the Indian Penal Code (Amendment) Act of 1921. They imposed the sentence of forfeiture of property. The Court recommended reintroduction of these sections because they have become necessary to combat the cancerous growth of corruption. These provisions would have a determined effect on those who are bent upon to accumulate wealth at the cost of the society by misusing their position of power.186. THE INDIAN PENAL CODE CHAPTER III OF PUNISHMENTS"
IPC_1860,63,"[s 63] Amount of ﬁne. Where no sum is expressed to which a ﬁne may extend, the amount of ﬁne to which the offender is liable is unlimited, but shall not be excessive. 187.  Sebastian v State of Kerala, 1992 Cr LJ 3642 (Ker) : 1992 (3) Crimes 864 (Ker) 188.  Shahejadkhan Mahebubkhan Pathan v State of Gujarat, JT 2012 (10) SC 8 [LNIND 2012 SC 630] : 2012 (10) Scale 21 [LNIND 2012 SC 630] : AIR 2012 (SCW) 5875 (In this judgment the SC COMMENT— A ﬁne is ﬁxed with due regard to circumstances of the case in which it is imposed and the condition of life of the offender. When the legislature has not ﬁxed any upper limit for the quantum of ﬁne in respect of a particular offence, the Court has freedom to ﬁx any amount but then the Court must see that the ﬁne imposed is not excessively high or repulsively low. Financial capacity of the accused, enormity of the offence and extent of damage caused to the victim of the offences etc. are relevant considerations in ﬁxing up the amount.187. [s 63.1] Fine not to be harsh or excessive.— The general principle of law running through sections 63 to 70 is that the amount of ﬁne should not be too harsh or excessive. Where a substantial term of imprisonmen"
IPC_1860,64,"[s 64] Sentence of imprisonment for non-payment of ﬁne. 191. [In every case, of an offence punishable with imprisonment as well as ﬁne, 1 in which the offender is sentenced to a ﬁne, whether with or without imprisonment, and in every case of an offence punishable 192.[with imprisonment or ﬁne, or] with ﬁne only, in which the offender is sentenced to a ﬁne,] it shall be competent to the Court which sentences such offender to direct by the sentence that, in default of payment of the ﬁne, the offender shall suffer imprisonment for a certain term, in which imprisonment shall be in excess of any other imprisonment to which he may have been sentenced or to which he may be liable under a commutation of a sentence. COMMENT— The term of imprisonment in default of payment of ﬁne is not a sentence. It is a penalty which a person incurs on account of non-payment of ﬁne. The sentence is something which an offender must undergo unless it is set aside or remitted in part or in whole either in appeal or in revision or in other appropriate judicial proceedings or ""otherwise"". A term of imprisonment ordered in default of payment of ﬁne stands on a different footing. A person is required to undergo i"
IPC_1860,65,"[s 65] Limit to imprisonment for non-payment of ﬁne, when imprisonment and ﬁne awardable. The term for which the Court directs the offender to be imprisoned in default of payment of a ﬁne shall not exceed one-fourth of the term of imprisonment which is the maximum ﬁxed for the offence, if the offence be punishable with imprisonment as well as ﬁne. COMMENT— This section applies to all cases where the offence is 'punishable with imprisonment as well as ﬁne,' i.e., cases where ﬁne and imprisonment can be awarded, and also those where the punishment may be either ﬁne or imprisonment, but not both. The only cases that it does not apply to are those dealt with in section 67 where ﬁne only can be awarded.204. Section 33 (now 30) of the Cr PC, 1973 acts as a corollary to this section. Thus under section 65, IPC, 1860 the imprisonment in default of ﬁne cannot exceed one-fourth of the maximum term of imprisonment that can be awarded for the offence. Thus, where the High Court altered the conviction of the appellant to one under section 419 read with section 109 IPC, from a conviction recorded by the trial Court under sections 420/511, 467, 468 and 471 read with section 120B IPC, and awarded "
IPC_1860,66,[s 66] Description of imprisonment for non-payment of ﬁne. The imprisonment which the Court imposes in default of payment of a ﬁne may be of any description to which the offender might have been sentenced for the offence. COMMENT— The imprisonment in default of payment of a ﬁne may be either rigorous or simple. THE INDIAN PENAL CODE CHAPTER III OF PUNISHMENTS
IPC_1860,67,"[s 67] Imprisonment for non-payment of ﬁne when offence punishable with ﬁne only. If the offence be punishable with ﬁne only,209. [the imprisonment which the Court imposes in default of payment of the ﬁne shall be simple, and] the term for which the Court directs the offender to be imprisoned, in default of payment of ﬁne, shall not exceed the following scale, that is to say, for any term not exceeding two months when the amount of the ﬁne shall not exceed ﬁfty rupees, and for any term not exceeding four months when the amount shall not exceed one hundred rupees, and for any term not exceeding six months in any other case. 209.  Ins. by Act 8 of 1882, section 3. 210.  Daulat Raghunath Derale v State of Maharashtra, 1991 Cr LJ 817 . 211.  Kuldip Kaur v Surinder Singh, ( AIR 1989 SC 232 [LNIND 1988 SC 987] ) : 1989 Cr LJ 794 . It was held that the purpose of sending him to jail is not to wipe out the liability which he has refused to discharge. A sentence of jail is no substitute for the recovery of the amount of monthly allowance which has fallen in arrears. 212.  Moideenkutty Kunhankutty Haji v State of Kerala, 2008 Cr LJ 3402 (Ker). COMMENT— This section refers solely to cases in "
IPC_1860,68,"[s 68] Imprisonment to terminate on payment of ﬁne. The imprisonment which is imposed in default of payment of a ﬁne shall terminate whenever that ﬁne is either paid or levied by process of law. 213.  Ram Lakhan v State, 1986 Cr LJ 617 (All); Usman v State of UP, 2007 Cr LJ 3868 (All). 214.  State of Assam v Bir Bahadur Singh, 2005 Cr LJ 4345 (Gau). 215.  Prahalad Singh v State of MP, 2009 Cr LJ 3161 (MP); Ram Lakhan v State, 1986 Cr LJ 617 (All). COMMENT— The person sentenced to pay a ﬁne must deposit the ﬁne forthwith, but may be, permitted to deposit it after some time in the discretion of the Court. Even in that event he must deposit the amount before the period speciﬁcally ﬁxed by the Court and if he does not do so, he immediately incurs the liability of being sent to prison. It would be the duty of the Court to arrest him and conﬁne him into the prison. Only when such conﬁnement in the prison has commenced that the accused can have a legal right to deposit the amount whereupon section 68 IPC, 1860 would come into operation and his imprisonment would terminate.213. The time given by the High Court or the Sessions Judges in appeal or revision for payment of ﬁne merely means tha"
IPC_1860,69,"[s 69] Termination of imprisonment on payment of proportional part of ﬁne. If, before the expiration of the term of imprisonment ﬁxed in default of payment, such a proportion of the ﬁne be paid or levied that the term of imprisonment suffered in default of payment is not less than proportional to the part of the ﬁne still unpaid, the imprisonment shall terminate. ILLUSTRATION A is sentenced to a ﬁne of one hundred rupees and to four months' imprisonment in default of payment. Here, if seventy-ﬁve rupees of the ﬁne be paid or levied before the expiration of one month of the imprisonment, A will be discharged as soon as the ﬁrst month has expired. If seventy-ﬁve rupees be paid or levied at the time of the expiration of the ﬁrst month, or at any later time while A continues in imprisonment, A will be immediately discharged. If ﬁfty rupees of the ﬁne be paid or levied before the expiration of two months of the imprisonment, A will be discharged as soon as the two months are completed. If ﬁfty rupees be paid or levied at the time of the expiration of those two months, or at any later time while A continues in imprisonment, A will be immediately discharged. 216.  Prahalad Singh v State o"
IPC_1860,70,"[s 70] Fine leviable within six years, or during imprisonment. Death not to discharge property from liability. The ﬁne, or any part thereof which remains unpaid, may be levied at any time within six years after the passing of the sentence, and if, under the sentence, the offender be liable to imprisonment for a longer period than six years, then at any time previous to the expiration of that period; and the death of the offender does not discharge from the liability any property which would, after his death, be legally liable for his debts. 218.  Ganu Sakharam, (1884) Unrep. Cr C 207. 219.  Collector of Broach v Ochhavlal Bhikalal, (1940) 43 Bom LR 122 , (1941) Bom 147. State v Krishna Pillai Madhavan Pillai, 1953 Cr LJ 1265 COMMENT— Imprisonment in default of ﬁne does not liberate the offender from his liability to pay the full amount of ﬁne imposed on him. Such imprisonment is not a discharge or satisfaction of the ﬁne but is imposed as a punishment for non-payment or contempt or resistance to the due execution of the sentence. The offender cannot be permitted to choose whether he will suffer in his person or his property. His person will cease to be answerable for the ﬁne. Never"
IPC_1860,71,"[s 71] Limit of punishment of offence made up of several offences. Where anything which is an offence is made up of parts, any of which parts is itself an offence, the offender shall not be punished with the punishment of more than one of such his offences, unless it be so expressly provided. 225. [Where anything is an offence falling within two or more separate deﬁnitions of any law in force for the time being by which offences are deﬁned or punished, or where several acts, of which one or more than one would by itself or themselves constitute an offence, constitute, when combined, a different offence, the offender shall not be punished with a more severe punishment than the Court which tries him could award for any one of such offences.] ILLUSTRATIONS (a) A gives Z ﬁfty strokes with a stick. Here A may have committed the offence of voluntarily causing hurt to Z by the whole beating, and also by each of the blows which make up the whole beating. If A were liable to punishment for every blow, he might be imprisoned for ﬁfty years, one for each blow. But he is liable only to one punishment for the whole beating. (b) But if, while A is beating Z, Y interferes, and A intentionally str"
IPC_1860,72,"[s 72] Punishment of person guilty of one of several offences, the judgment stating that it is doubtful of which. In all cases in which judgment is given that a person is guilty of one of several offences speciﬁed in the judgment, but that it is doubtful of which of these offences, he is guilty, the offender shall be punished for the offence for which the lowest punishment is provided if the same punishment is not provided for all. 243.  Sahel Singh, 3 Cr LJ 364; see also Nesti Mondal, AIR 1940 Pat 289 . COMMENT— This provision is intended to prevent an offender whose guilt is fully established from eluding punishment on the ground that the evidence does not enable the tribunal to pronounce with certainty under what penal provision his case falls. The section applies to cases in which the law applicable to a certain set of facts is doubtful. The doubt must be as to which of the offences the accused has committed, not whether he has committed any. Moreover, this rule would apply even if one of the alternatives were an offence of murder.243. THE INDIAN PENAL CODE CHAPTER III OF PUNISHMENTS"
IPC_1860,73,"[s 73] Solitary conﬁnement. Whenever any person is convicted of an offence for which under this Code the Court has power to sentence him to rigorous imprisonment, the Court may, by its sentence, order that the offender shall be kept in solitary conﬁnement for any portion or portions of the imprisonment to which he is sentenced, not exceeding three months in the whole, according to the following scale, that is to say— a time not exceeding one month if the term of imprisonment shall not exceed six months; a time not exceeding two months if the term of imprisonment shall exceed six months and 244.[shall not exceed one] year; a time not exceeding three months if the term of imprisonment shall exceed one year. COMMENT— Solitary conﬁnement amounts to keeping the prisoner thoroughly isolated from any kind of contact with the outside world. It is inﬂicted in order that a feeling of loneliness may produce wholesome inﬂuence and reform the criminal. This section gives the scale according to which solitary conﬁnement may be inﬂicted. Where the petitioner, an undertrial prisoner, who was arrested in connection with the assassination of a former Prime Minister was put in a separate cell only as"
IPC_1860,74,"[s 74] Limit of solitary conﬁnement. In executing a sentence of solitary conﬁnement, such conﬁnement shall in no case exceed fourteen days at a time, with intervals between the periods of solitary conﬁnement of not less duration than such periods; and when the imprisonment awarded shall exceed three months, the solitary conﬁnement shall not exceed seven days in any one month of the whole imprisonment awarded, with intervals between the periods of solitary conﬁnement of not less duration than such periods. 251.  Nyan Suk Mether, (1869) 3 Beng LR 49. COMMENT— Solitary conﬁnement if continued for a long time is sure to produce mental derangement. The section limits the solitary conﬁnement, when the substantive sentence exceeds three months, to seven days in any one month. Solitary conﬁnement must be imposed at intervals. A sentence inﬂicting solitary conﬁnement for the whole imprisonment is illegal, though not more than 14 days is awarded.251. THE INDIAN PENAL CODE CHAPTER III OF PUNISHMENTS 252.["
IPC_1860,75,"[s 75] Enhanced punishment for certain offences under Chapter XII or Chapter XVII after previous conviction. Whoever, having been convicted, 1 — (a) by a Court in 253.[India], of an offence punishable under Chapter XII or Chapter XVII of this Code with imprisonment of either description for a term of three years or upwards, 254.[***] 255. [***] shall be guilty of any offence punishable under either of those Chapters with like imprisonment for the like term, shall be subject for every such subsequent offence to 256.[imprisonment for life], or to imprisonment of either description for a term which may extend to ten years.] COMMENT— Principle.—This section does not constitute a separate offence but only imposes a liability to enhanced punishment. What section 75 IPC, 1860 contemplates is that where a person who has been, previously convicted of an offence punishable under Chapter XII (which deals with offences relating to coin and Government stamps) or Chapter XVII. (which relates to offences against property) with imprisonment of either description for a term of three years or up-wards, is once again found guilty of a similar offence, he shall be liable to enhanced punishment which m"
IPC_1860,76,"[s 76] Act done by a person bound, or by mistake of fact believing himself bound, by law. Nothing is an offence which is done by a person who is, or who by reason of a mistake of fact 1 and not by reason of a mistake of law 2 in good faith believes himself to be, bound by law 3 to do it. ILLUSTRATIONS (a) A, a soldier, ﬁres on a mob by the order of his superior oﬃcer, in conformity with the commands of the law. A has committed no offence. (b) A, an oﬃcer of a Court of Justice, being ordered by that Court to arrest Y, and, after due enquiry, believing Z to be Y, arrests Z. A has committed no offence. COMMENT.— Sections 76 and 79 are based on the maxim ignorantia facti doth excusat and ignorantia juris non excusat. Section 76 excuses a person who has done what by law is an offence, under a misconception of facts, leading him to believe in good faith that he was commanded by law to do it. See Comment on section 79, infra. This section and sections 77, 78 and 79 deal with acts of a person bound or justiﬁed by law. This section as well as sections 78 and 79 deal with acts of a person under a mistake. 1. 'Mistake of fact'.—See Comment under section 79, infra. 2. 'Mistake of law'.—See Com"
IPC_1860,77,"[s 77] Act of Judge when acting judicially. Nothing is an offence which is done by a Judge when acting judicially in the exercise of any power which is, or which in good faith he believes to be, given to him by law. 1.  Shankar Narayan Bhadolkar v State of Maharashtra, AIR 2004 SC 1966 [LNIND 2004 SC 1370] : 2004 Cr LJ 1778 : (2005) 9 SCC 71 [LNIND 2004 SC 1370] . 2.  The Indian Evidence Act, I of 1872, section 105. 3.  Musammat Anandi, (1923) 45 All 329 ; Babulal, 1960 Cr LJ 437 (All). 4.  A K Chaudhary v State of Gujarat, 2006 Cr LJ 726 (Guj). 5.  A K Chaudhary v State of Gujarat, 2006 Cr LJ 726 (Guj). 11.  Rachapudi Subba Rao v Advocate General, (1981) 2 SCC 577 [LNIND 1980 SC 481] : AIR 1981 SC 755 [LNIND 1980 SC 481] . 12.  Surendera Kumar Bhatia v Kanhaiya Lal, (2009) 12 SCC 184 [LNIND 2009 SC 209] : AIR 2009 SC 1961 [LNIND 2009 SC 209] . 13.  E S Sanjeeva Rao v CBI, Mumbai, 2012 Cr LJ 4053 (Bom). COMMENT.— Under this section a Judge is exempted not only in those cases in which he proceeds irregularly in the exercise of a power which the law gives him, but also in cases where he, in good faith, exceeds his jurisdiction and has no lawful powers. It protects judges from crimina"
IPC_1860,78,"[s 78] Act done pursuant to the judgment or order of Court. Nothing which is done in pursuance of, or which is warranted by the judgment or order of, a Court of Justice; if done whilst such judgment or order remains in force, is an offence, notwithstanding the Court may have had no jurisdiction to pass such judgment or order, provided the person doing the act in good faith believes that the Court had such jurisdiction. 1.  Shankar Narayan Bhadolkar v State of Maharashtra, AIR 2004 SC 1966 [LNIND 2004 SC 1370] : 2004 Cr LJ 1778 : (2005) 9 SCC 71 [LNIND 2004 SC 1370] . 2.  The Indian Evidence Act, I of 1872, section 105. 3.  Musammat Anandi, (1923) 45 All 329 ; Babulal, 1960 Cr LJ 437 (All). 4.  A K Chaudhary v State of Gujarat, 2006 Cr LJ 726 (Guj). 5.  A K Chaudhary v State of Gujarat, 2006 Cr LJ 726 (Guj). COMMENT.— This section is merely a corollary to section 77. It affords protection to oﬃcers acting under the authority of a judgment, or order of a Court of Justice. It differs from section 77 on the question of jurisdiction. Here, the oﬃcer is protected in carrying out an order of a Court which may have no jurisdiction at all, if he believed that the Court had jurisdiction; whe"
IPC_1860,79,"[s 79] Act done by a person justiﬁed or by mistake of fact believing himself justiﬁed, by law. Nothing is an offence which is done by any person who is justiﬁed by law1, or who by reason of a mistake of fact2 and not by reason of a mistake of law3 in good faith, believes himself to be justiﬁed by law, in doing it. ILLUSTRATION A sees Z commit what appears to A to be a murder. A, in the exercise, to the best of his judgment exerted in good faith, of the power which the law gives to all persons of apprehending murderers in the fact, seizes Z, in order to bring Z before the proper authorities. A has committed no offence, though it may turn out that Z was acting in self-defence. COMMENT.— Distinction between Sections 76 and 79.—The distinction between section 76 and this section is that in the former a person is assumed to be bound, and in the latter to be justiﬁed, by law; in other words, the distinction is between a real or supposed legal obligation and a real or supposed legal justiﬁcation, in doing the particular act. Under both (these sections) there must be a bona ﬁde intention to advance the law, manifested by the circumstances attending the act which is the subject of charge; a"
IPC_1860,80,"[s 80] Accident in doing a lawful act. Nothing is an offence which is done by accident 1 or misfortune, and without any criminal intention or knowledge in the doing of a lawful act in a lawful manner by lawful means and with proper care and caution. ILLUSTRATION A is at work with a hatchet; the head ﬂies off and kills a man who is standing by. Here, if there was no want of proper caution on the part of A, his act is excusable and not an offence. COMMENT.— This section exempts the doer of an innocent or lawful act in an innocent or lawful manner and without any criminal intention or knowledge from any unforeseen evil result that may ensue from accident or misfortune.48. To claim the beneﬁt of this provision it has to be shown: (1) that the act in question was without any criminal intention or knowledge; (2) that the act was being done in a lawful manner by lawful means; and (3) that act was being done with proper care and caution.49. 1. 'Accident'.—An effect is said to be accidental when the act by which it is caused is not done with the intention of causing it, and when its occurrence as a consequence of such act is not so probable that a person of ordinary prudence ought, under th"
IPC_1860,81,"[s 81] Act likely to cause harm, but done without criminal intent, and to prevent other harm. Nothing is an offence merely by reason of its being done with the knowledge that it is likely to cause harm, if it be done without any criminal intention1 to cause harm, and in good faith for the purpose of preventing or avoiding other harm to person or property. Explanation.—It is a question of fact in such a case whether the harm to be prevented or avoided was of such a nature and so imminent as to justify or excuse the risk of doing the act with the knowledge that it was likely to cause harm. ILLUSTRATIONS (a) A, the captain of a steam vessel, suddenly and without any fault or negligence on his part, ﬁnds himself in such a position that, before he can stop his vessel, he must inevitably run down a boat B, with twenty or thirty passengers on board, unless he changes the course of his vessel, and that, by changing his course, he must incur risk of running down a boat C with only two passengers on board, which he may possibly clear. Here, if A alters his course without any intention to run down the boat C and in good faith for the purpose of avoiding the danger to the passengers in the boa"
IPC_1860,82,"[s 82] Act of a child under seven years of age. Nothing is an offence which is done by a child under seven years of age. 1.  Shankar Narayan Bhadolkar v State of Maharashtra, AIR 2004 SC 1966 [LNIND 2004 SC 1370] : 2004 Cr LJ 1778 : (2005) 9 SCC 71 [LNIND 2004 SC 1370] . 2.  The Indian Evidence Act, I of 1872, section 105. 3.  Musammat Anandi, (1923) 45 All 329 ; Babulal, 1960 Cr LJ 437 (All). 4.  A K Chaudhary v State of Gujarat, 2006 Cr LJ 726 (Guj). 5.  A K Chaudhary v State of Gujarat, 2006 Cr LJ 726 (Guj). 78.  Lukhini Agradanini, (1874) 22 WR (Cr) 27, 28. 79.  Hiralal, 1977 Cr LJ 1921 : AIR 1977 SC 2236 [LNIND 1977 SC 254] . 80.  Makhulshah v State, (1886) 1 Weir 470. COMMENT.— Under the age of seven years no infant can be guilty of a crime; for, under that age an infant is, by presumption of law, doli incapax, and cannot be endowed with any discretion. If the accused were a child under seven years of age, the proof of that fact would be ipso facto an answer to the prosecution.78. It is, therefore, desirable to bring some evidence regarding the age of the accused on the record.79. The accused purchased for one anna, from a child aged six years, two pieces of cloth valued at 1"
IPC_1860,83,"[s 83] Act of a child above seven years of age and under twelve of immature understanding. Nothing is an offence which is done by a child above seven years of age and under twelve, who has not attained suﬃcient maturity of understanding to judge of the nature and consequences of his conduct on that occasion. COMMENT.— Where the accused is a child above seven years of age and under twelve, the incapacity to commit an offence only arises when the child has not attained suﬃcient maturity of understanding to judge of the nature and consequences of his conduct, and such non- attainment would have apparently to be specially pleaded and proved, like the incapacity of a person who, at the time of doing an act charged as an offence, was alleged to have been of unsound mind under this section it has got to be shown that the accused is not only under 12 but has not attained suﬃcient maturity of understanding. If no evidence or circumstance is brought to the notice of the Court, it will be presumed that the child accused intended to do what he really did. Thus, where a child of 12 or so used a sharp sword in killing a person along with his two brothers and no evidence either of age or immaturi"
IPC_1860,84,"[s 84] Act of a person of unsound mind. Nothing is an offence which is done by a person who, at the time of doing it, 1 by reason of unsoundness of mind, 2 is incapable of knowing the nature of the act, or that he is doing what is either wrong or contrary to law. 3 COMMENT.— To commit a criminal offence, mens rea is generally taken to be an essential element of crime. It is said furiosus nulla voluntus est. In other words, a person who is suffering from a mental disorder cannot be said to have committed a crime as he does not know what he is doing. For committing a crime, the intention and act both are taken to be the constituents of the crime; actus non facit reum nisi mens sit rea. Every normal and sane human being is expected to possess some degree of reason to be responsible for his/her conduct and acts unless contrary is proved. But a person of unsound mind or a person suffering from mental disorder cannot be said to possess this basic norm of human behaviour.90. [s 84.1] McNaughten Rule and the origin of Section 84 of IPC, 1860.— Section 84 clearly gives statutory recognition to the defence of insanity as developed by the Common Law of England in a decision of the House of Lo"
IPC_1860,85,"[s 85] Act of a person incapable of judgment by reason of intoxication caused against his will. Nothing is an offence which is done by a person who, at the time of doing it, is, by reason of intoxication, incapable of knowing the nature of the act, or that he is doing what is either wrong, or contrary to law; provided that the thing which intoxicated him was administered to him without his knowledge or against his will. COMMENT.— Under this section a person will be exonerated from liability for doing an act while in a state of intoxication if he at the time of doing it, by reason of intoxication, was (1) incapable of knowing the nature of the act, or (2) that he was doing what was either wrong or contrary to law; Provided that the thing which intoxicated him was administered to him without his knowledge or against his will.185. Voluntary drunkenness is no excuse for the commission of a crime.186. A person cannot become himself drunk with liquor and commit an offence and then come and say that he had consumed the liquor and, therefore, the beneﬁt of section 85 should be given to him.187. The law pronounces that the obscuration and divestment of that judgment and human feeling which "
IPC_1860,86,"[s 86] Offence requiring a particular intent or knowledge committed by one who is intoxicated. In cases where an act done is not an offence unless done with a particular knowledge or intent, a person who does the act in a state of intoxication shall be liable to be dealt with as if he had the same knowledge as he would have had if he had not been intoxicated, unless the thing which intoxicated him was administered to him without his knowledge or against his will. COMMENT.— Offence requiring particular intent or knowledge.—By reading the above section, it is clear that in the ﬁrst part of the section the words 'intention or knowledge' are mentioned, but in the latter part of the section the word 'knowledge' is only mentioned and the word 'intention' is omitted. In case of voluntary drunkenness, knowledge is to be presumed in the same manner as if there was no drunkenness. If really the Parliament wanted the word 'intention' also to be presumed even in the case of an act done in a drunken state of mind, the said word could have been mentioned in the Second part also, but the same is omitted. Therefore, whether the accused was having intention or not while committing an act cannot be "
IPC_1860,87,"[s 87] Act not intended and not known to be likely to cause death or grievous hurt, done by consent. Nothing which is not intended to cause death, or grievous hurt, and which is not known by the doer to be likely to cause death or grievous hurt, is an offence by reason of any harm which it may cause, or be intended by the doer to cause, to any person, above eighteen years of age, who has given consent, whether express or implied, to suffer that harm; or by reason of any harm which it may be known by the doer to be likely to cause to any such person who has consented to take the risk of that harm. ILLUSTRATION A and Z agrees to fence with each other for amusement. This agreement implies the consent of each to suffer any harm which, in the course of such fencing, may be caused without foul play; and if A, while playing fairly, hurts Z, A commits no offence. COMMENT.— Consent.—This section protects a person who causes injury to another person above 18 years of age who has given his consent by doing an act not intended and not known to be likely to cause death or grievous hurt. It appears to proceed upon the maxim volenti non ﬁt injuria. He who consents suffers no injury. This rule is "
IPC_1860,88,"[s 88] Act not intended to cause death, done by consent in good faith for person's beneﬁt. Nothing which is not intended to cause death, is an offence by reason of any harm which it may cause, or be intended by the doer to cause, or be known by the doer to be likely to cause, to any person for whose beneﬁt it is done in good faith, and who has given a consent, whether express or implied, to suffer that harm, or to take the risk of that harm. ILLUSTRATION A, a surgeon, knowing that a particular operation is likely to cause the death of Z, who suffers under a painful complaint, but not intending to cause Z's death and intending in good faith, Z's beneﬁt performs that operation on Z, with Z's consent. A has committed no offence. COMMENT.— The preceding section allows any harm to be inﬂicted short of death or grievous hurt. This section sanctions the inﬂiction of any harm if it is for the beneﬁt of the person to whom it is caused. No consent can justify an intentional causing of death. But a person for whose beneﬁt a thing is done may consent that another shall do that thing, even if death may probably ensue. If a person gives his free and intelligent consent to take the risk of an ope"
IPC_1860,89,"[s 89] Act done in good faith for beneﬁt of child or insane person, by or by consent of guardian. Nothing which is done in good faith for the beneﬁt of a person under twelve years of age, or of unsound mind, by or by consent, either express or implied, of the guardian or other person having lawful charge of that person, is an offence by reason of any harm which it may cause, or be intended by the doer to cause or be known by the doer to be likely to cause to that person: Provided— Provisos. First.—That this exception shall not extend to the intentional causing of death, or to the attempting to cause death; Secondly.—That this exception shall not extend to the doing of anything which the person doing it knows to be likely to cause death, for any purpose other than the preventing of death or grievous hurt, or the curing of any grievous disease or inﬁrmity; Thirdly.—That this exception shall not extend to the voluntary causing of grievous hurt, or to the attempting to cause grievous hurt, unless it be for the purpose of preventing death or grievous hurt, or the curing of any grievous disease or inﬁrmity; Fourthly.—That this exception shall not extend to the abetment of any offence, to"
IPC_1860,90,"[s 90] Consent known to be given under fear or misconception. A consent is not such a consent as is intended by any section of this Code, if the consent is given by a person under fear of injury, or under a misconception of fact, 1 and if the person doing the act knows, or has reason to believe, that the consent was given in consequence of such fear or misconception; or Consent of insane person. if the consent is given by a person who, from unsoundness of mind, or intoxication, is unable to understand the nature and consequence of that to which he gives his consent; or Consent of child. unless the contrary appears from the context, if the consent is given by a person who is under twelve years of age. COMMENT.— This section does not deﬁne 'consent' but describes what not consent is. This section says that consent is not a true consent if it is given— (1) by a person under fear of injury; and the person obtaining the consent knows or has reason to believe this. (2) by a person under a misconception of fact; (3) by a person of unsound mind; and who is unable to understand the nature (4) by a person who is intoxicated; and consequence of that to which he gives his consent. (5) by a per"
IPC_1860,91,"[s 91] Exclusion of acts which are offences independently of harm caused. The exceptions in sections 87, 88 and 89 do not extend to acts which are offences independently of any harm which they may cause, or be intended to cause, or be known to be likely to cause, to the person giving the consent, or on whose behalf the consent is given. ILLUSTRATION Causing miscarriage (unless caused in good faith for the purpose of saving the life of the woman) is an offence independently of any harm which it may cause or be intended to cause to the woman. Therefore, it is not an offence ""by reason of such harm""; and the consent of the woman or of her guardian to the causing of such miscarriage does not justify the act. 1.  Shankar Narayan Bhadolkar v State of Maharashtra, AIR 2004 SC 1966 [LNIND 2004 SC 1370] : 2004 Cr LJ 1778 : (2005) 9 SCC 71 [LNIND 2004 SC 1370] . 2.  The Indian Evidence Act, I of 1872, section 105. 3.  Musammat Anandi, (1923) 45 All 329 ; Babulal, 1960 Cr LJ 437 (All). 4.  A K Chaudhary v State of Gujarat, 2006 Cr LJ 726 (Guj). 5.  A K Chaudhary v State of Gujarat, 2006 Cr LJ 726 (Guj). COMMENT.— The section serves as a corollary to sections 87, 88 and 89. It says in explicit"
IPC_1860,92,"[s 92] Act done in good faith for beneﬁt of a person without consent. Nothing is an offence by reason of any harm which it may cause to a person for whose beneﬁt it is done in good faith, even without that person's consent, if the circumstances are such that it is impossible for that person to signify consent, or if that person is incapable of giving consent, and has no guardian or other person in lawful charge of him from whom it is possible to obtain consent in time for the thing to be done with beneﬁt: Provided— Provisos. First.—That this exception shall not extend to the intentional causing of death, or the attempting to cause death; Secondly.—That this exception shall not extend to the doing of anything which the person doing it knows to be likely to cause death, for any purpose other than the preventing of death or grievous hurt, or the curing of any grievous disease or inﬁrmity; Thirdly.—That this exception shall not extend to the voluntary causing of hurt, or to the attempting to cause hurt, for any purpose other than the preventing of death or hurt; Fourthly.—That this exception shall not extend to the abetment of any offence, to the committing of which offence it would no"
IPC_1860,93,"[s 93] Communication made in good faith. No communication made in good faith is an offence by reason of any harm1 to the person to whom it is made, if it is made for the beneﬁt of that person. ILLUSTRATION A, a surgeon, in good faith, communicates to a patient his opinion that he cannot live. The patient dies in consequence of the shock. A has committed no offence, though he knew it to be likely that the communication might cause the patient's death. 1.  Shankar Narayan Bhadolkar v State of Maharashtra, AIR 2004 SC 1966 [LNIND 2004 SC 1370] : 2004 Cr LJ 1778 : (2005) 9 SCC 71 [LNIND 2004 SC 1370] . 2.  The Indian Evidence Act, I of 1872, section 105. 3.  Musammat Anandi, (1923) 45 All 329 ; Babulal, 1960 Cr LJ 437 (All). 4.  A K Chaudhary v State of Gujarat, 2006 Cr LJ 726 (Guj). 5.  A K Chaudhary v State of Gujarat, 2006 Cr LJ 726 (Guj). 245.  Veeda Menezes v Yusuf Khan, 1966 Cr LJ 1489 : AIR 1966 SC 1773 [LNIND 1966 SC 107] : 68 Bom LR 629. COMMENT.— This section protects the innocent without unduly cloaking the guilty. The communication under this section must be (1) made in good faith; and (2) for the beneﬁt of the person to whom it is made. The illustration to this section doe"
IPC_1860,94,"[s 94] Act to which a person is compelled by threats. Except murder, and offences against the State punishable with death, nothing is an offence which is done by a person who is compelled to do it by threats, which, at the time of doing it, reasonably cause the apprehension that instant death to that person will otherwise be the consequence : Provided the person doing the act did not of his own accord, or from a reasonable apprehension of harm to himself short of instant death, place himself in the situation by which he became subject to such constraint. Explanation 1.—A person who, of his own accord, or by reason of a threat of being beaten, joins a gang of dacoits, knowing their character, is not entitled to the beneﬁt of this exception, on the ground of his having been compelled by his associates to do anything that is an offence by law. Explanation 2.—A person seized by a gang of dacoits, and forced, by threat of instant death, to do a thing which is an offence by law; for example, a smith compelled to take his tools and to force the door of a house for the dacoits to enter and plunder it, is entitled to the beneﬁt of this exception. COMMENT.— By this section a person is excuse"
IPC_1860,95,"[s 95] Act causing slight harm. Nothing is an offence by reason that it causes, or that it is intended to cause, or that it is known to be likely to cause, any harm, if that harm is so slight that no person of ordinary sense and temper would complain of such harm. COMMENT.— slight harm or triﬂes.—The maxim de minimis non curat lex (the law takes no account of triﬂes) is the foundation of this section. The authors of the Code observe: Clause 73 [this section] is intended to provide for those cases which, though, from the imperfections of language, fall within the letter of the penal law, are yet not within its spirit, and are all over the world considered by the public, and for the most part dealt with by the tribunals, as innocent. As our deﬁnitions are framed, it is theft to dip a pen in another man's ink, mischief to crumble one of his wafers, an assault to cover him with a cloud of dust by riding past him, hurt to incommode him by pressing against him in getting into a carriage. There are innumerable acts without performing which men cannot live together in society, acts which all men constantly do and suffer in turn, and which it is desirable that they should do and suffer in t"
IPC_1860,96,"[s 96] Things done in private defence. Nothing is an offence which is done in the exercise of the right of private defence. COMMENT.— In a civilised society the defence of person and property of every member thereof is the responsibility of the State. Consequently, there is a duty cast on every person faced with apprehension of imminent danger of his person or property to seek the aid of the machinery provided by the State but if immediately such aid is not available, he has the right of private defence. Right to private defence is a very valuable right and it has been recognized in all civilized and democratic societies within certain reasonable limits. Sections 96–106 of IPC, 1860 codify the entire law relating to right of private defence of person and property including the extent of and the limitation to exercise of such right. When enacting sections 96 to 106 of the IPC, 1860, excepting from its penal provisions, certain classes of acts, done in good faith for the purpose of repelling unlawful aggressions, the Legislature clearly intended to arouse and encourage the manly spirit of self-defence amongst the citizens, when faced with grave danger.269. [s 96.1] Principle.— The ba"
IPC_1860,97,"[s 97] Right of private defence of the body and of property. Every person has a right, subject to the restrictions contained in section 99, to defend — First.—His own body, and the body of any other person, against any offence affecting the human body; Secondly.—The property, whether movable or immovable, of himself or of any other person, against any act which is an offence falling under the deﬁnition of theft, robbery, mischief or criminal trespass, or which is an attempt to commit theft, robbery, mischief or criminal trespass. COMMENT.— This section broadly speciﬁes the offences against which the right of private defence can be exercised. Section 99 provides the limitations. These two sections combined together lay down the principles of the right of private defence. The ﬁrst clause of this section provides for the defence of body against any offence affecting the human body. The second provides for the defence of property against an act which amounts to the commission of certain offences. There is no obligation upon a person entitled to exercise the right of private defence and to defend his person or property, to retire merely because his assailant threatens him with violence."
IPC_1860,98,"[s 98] Right of private defence against the act of a person of unsound mind, etc. When an act, which would otherwise be a certain offence, is not that offence, by reason of the youth, the want of maturity of understanding, the unsoundness of mind or the intoxication of the person doing that act, or by reason of any misconception on the part of that person, every person has the same right of private defence against that act which he would have if the act were that offence. ILLUSTRATIONS (a) Z, under the inﬂuence of madness, attempts to kill A; Z is guilty of no offence. But A has the same right of private defence which he would have if Z were sane. (b) A enters by night a house which he is legally entitled to enter Z, in good faith, taking A for a house-breaker, attacks A. Here Z, by attacking A under this misconception, commits no offence. But A has the same right of private defence against Z, which he would have if Z were not acting under that misconception. 1.  Shankar Narayan Bhadolkar v State of Maharashtra, AIR 2004 SC 1966 [LNIND 2004 SC 1370] : 2004 Cr LJ 1778 : (2005) 9 SCC 71 [LNIND 2004 SC 1370] . 2.  The Indian Evidence Act, I of 1872, section 105. 3.  Musammat Anandi, ("
IPC_1860,99,"[s 99] Acts against which there is no right of private defence. There is no right of private defence against an act which does not reasonably cause the apprehension of death or of grievous hurt, if done, or attempted to be done, by a public servant acting in good faith under colour of his oﬃce, though that act, may not be strictly justiﬁable by law. There is no right of private defence against an act which does not reasonably cause the apprehension of death or of grievous hurt, if done, or attempted to be done, by the direction of a public servant acting in good faith under colour of his oﬃce, though that direction may not be strictly justiﬁable by law. There is no right of private defence in cases in which there is time to have recourse to the protection of the public authorities. Extent to which the right may be exercised. The right of private defence in no case extends to the inﬂicting of more harm than it is necessary to inﬂict for the purpose of defence. Explanation 1.—A person is not deprived of the right of private defence against an act done, or attempted to be done, by a public servant, as such, unless he knows or has reason to believe, that the person doing the act is suc"
IPC_1860,100,"[s 100] When the right of private defence of the body extends to causing death. The right of private defence of the body extends, under the restrictions mentioned in the last preceding section, to the voluntary causing of death or of any other harm to the assailant, if the offence which occasions the exercise of the right be of any of the descriptions hereinafter enumerated, namely:— First.—Such an assault as may reasonably cause the apprehension that death will otherwise be the consequence of such assault; Secondly.—Such an assault as may reasonably cause the apprehension that grievous hurt will otherwise be the consequence of such assault; Thirdly.—An assault with the intention of committing rape; Fourthly.—An assault with the intention of gratifying unnatural lust; Fifthly.—An assault with the intention of kidnapping or abducting; Sixthly.—An assault with the intention of wrongfully conﬁning a person, under circumstances which may reasonably cause him to apprehend that he will be unable to have recourse to the public authorities for his release. 449.[Seventhly.—An act of throwing or administering acid or an attempt to throw or administer acid which may reasonably cause the appre"
IPC_1860,101,"[s 101] When such right extends to causing any harm other than death. If the offence be not of any of the descriptions enumerated in the last preceding section, the right of private defence of the body does not extend to the voluntary causing of death to the assailant, but does extend, under the restrictions mentioned in section 99, to the voluntary causing to the assailant of any harm other than death. 1.  Shankar Narayan Bhadolkar v State of Maharashtra, AIR 2004 SC 1966 [LNIND 2004 SC 1370] : 2004 Cr LJ 1778 : (2005) 9 SCC 71 [LNIND 2004 SC 1370] . 2.  The Indian Evidence Act, I of 1872, section 105. 3.  Musammat Anandi, (1923) 45 All 329 ; Babulal, 1960 Cr LJ 437 (All). 4.  A K Chaudhary v State of Gujarat, 2006 Cr LJ 726 (Guj). 5.  A K Chaudhary v State of Gujarat, 2006 Cr LJ 726 (Guj). 480.  Mahinder Paul v State, 1979 Cr LJ 584 : AIR 1979 SC 577 [LNIND 1978 SC 389] ; See also Yogendra Morarij, 1980 Cr LJ 459 : AIR 1980 SC 660 . 481.  State of J&K v Hazara Singh, 1980 Cr LJ 1501 : 1981 SCC (Cr) 537 : AIR 1981 SC 451 . 482.  Ghunnu v State of UP, 1980 Cr LJ (NOC) 15 : AIR 1980 SC 864 : 1980 All LJ 397 : 1979 SCC (Cr) 438. See also Chuhar Singh v State of Punjab, AIR 1991 SC 10"
IPC_1860,102,"[s 102] Commencement and continuance of the right of private defence of the body. The right of private defence of the body commences as soon as a reasonable apprehension of danger to the body arises from an attempt or threat to commit the offence though the offence may not have been committed; and it continues as long as such apprehension of danger to the body continues. 1.  Shankar Narayan Bhadolkar v State of Maharashtra, AIR 2004 SC 1966 [LNIND 2004 SC 1370] : 2004 Cr LJ 1778 : (2005) 9 SCC 71 [LNIND 2004 SC 1370] . 2.  The Indian Evidence Act, I of 1872, section 105. COMMENT.— This section indicates when the right of private defence of the body commences and till what time it continues. The right commences as soon as a reasonable apprehension of danger to the body arises from an attempt, or threat, or commit the offence, although the offence may not have been committed, but not until that there is that reasonable apprehension. The right lasts so long as the reasonable apprehension of the danger to the body continues.484. It commences and continues as long as danger to body lasts. The extent to which the exercise of the right will be justiﬁed will depend not on the actual danger"
IPC_1860,103,"[s 103] When the right of private defence of property extends to causing death. The right of private defence of property extends, under the restrictions mentioned in section 99, to the voluntary causing of death or of any other harm to the wrong-doer, if the offence, the committing of which, or the attempting to commit which, occasions the exercise of the right, be an offence of any of the descriptions hereinafter enumerated, namely:— First.—Robbery; Secondly.—House-breaking by night; Thirdly.—Mischief by ﬁre committed on any building, tent or vessel, which building, tent or vessel is used as a human dwelling, or as a place for the custody of property; Fourthly.—Theft, mischief, or house-trespass, under such circumstances as may reasonably cause apprehension that death or grievous hurt will be the consequence, if such right of private defence is not exercised. State Amendments Karnataka.—The following amendments were made by Karnataka Act No. 8 of 1972, s. 2 (w.e.f. 7-10-1972). In its application to the State of Karnataka in s. 103(1) in clause Thirdly— (i) after the words ""mischief by ﬁre"", insert the words ""or any explosive substance""; (ii) after the words ""as a human dwelling, o"
IPC_1860,104,"[s 104] When such right extends to causing any harm other than death. If the offence, the committing of which, or the attempting to commit which, occasions the exercise of the right of private defence, be theft, mischief, or criminal trespass, not of any of the descriptions enumerated in the last preceding section, that right does not extend to the voluntary causing of death, but does extend, subject to the restrictions mentioned in section 99, to the voluntary causing to the wrong-doer of any harm other than death. 1.  Shankar Narayan Bhadolkar v State of Maharashtra, AIR 2004 SC 1966 [LNIND 2004 SC 1370] : 2004 Cr LJ 1778 : (2005) 9 SCC 71 [LNIND 2004 SC 1370] . 2.  The Indian Evidence Act, I of 1872, section 105. 3.  Musammat Anandi, (1923) 45 All 329 ; Babulal, 1960 Cr LJ 437 (All). 4.  A K Chaudhary v State of Gujarat, 2006 Cr LJ 726 (Guj). 5.  A K Chaudhary v State of Gujarat, 2006 Cr LJ 726 (Guj). 499.  Ramram Mahton, (1947) 26 Pat 550. 500.  Jai Bhagwan v State of Haryana, AIR 1999 SC 1083 [LNIND 1999 SC 116] : 1999 Cr LJ 1634 accused party was in possession of the land into which the other party entered for tilling it. The mother of the accused exhorted them and they murde"
IPC_1860,105,"[s 105] Commencement and continuance of the right of private defence of property. The right of private defence of property commences when a reasonable apprehension of danger to the property commences. The right of private defence of property against theft continues till the offender has effected his retreat with the property or either the assistance of the public authorities is obtained, or the property has been recovered. The right of private defence of property against robbery continues as long as the offender causes or attempts to cause to any person death or hurt or wrongful restraint or as long as the fear of instant death or of instant hurt or of instant personal restraint continues. The right of private defence of property against criminal trespass or mischief continues as long as the offender continues in the commission of criminal trespass or mischief. The right of private defence of property against house-breaking by night continues as long as the house-trespass which has been begun by such house-breaking continues. COMMENT.— This section indicates when the right of defence of property commences and till what period it continues. It is similar to section 102. [s 105.1] Fi"
IPC_1860,106,"[s 106] Right of private defence against deadly assault when there is risk of harm to innocent person. If in the exercise of the right of private defence against an assault which reasonably causes the apprehension of death, the defender be so situated that he cannot effectually exercise that right without risk of harm to an innocent person, his right of private defence extends to the running of that risk. ILLUSTRATION A is attacked by a mob who attempt to murder him. He cannot effectually exercise his right of private defence without ﬁring on the mob, and he cannot ﬁre without risk of harming young children who are mingled with the mob. A commits no offence if by so ﬁring he harms any of the children. 1.  Shankar Narayan Bhadolkar v State of Maharashtra, AIR 2004 SC 1966 [LNIND 2004 SC 1370] : 2004 Cr LJ 1778 : (2005) 9 SCC 71 [LNIND 2004 SC 1370] . 2.  The Indian Evidence Act, I of 1872, section 105. 3.  Musammat Anandi, (1923) 45 All 329 ; Babulal, 1960 Cr LJ 437 (All). 4.  A K Chaudhary v State of Gujarat, 2006 Cr LJ 726 (Guj). 5.  A K Chaudhary v State of Gujarat, 2006 Cr LJ 726 (Guj). 508.  State of Karnataka v Madesha, (2007) 7 SCC 35 [LNIND 2007 SC 918] : AIR 2007 SC 2917 [L"
IPC_1860,107,"[s 107] Abetment of a thing. A person abets the doing of a thing, who— First.—Instigates any person to do that thing; or Secondly.—Engages with one or more other person or persons in any conspiracy for the doing of that thing, if an act or illegal omission takes place in pursuance of that conspiracy, and in order to the doing of that thing; or Thirdly.—Intentionally aids, by any act or illegal omission, the doing of that thing. Explanation 1.—A person who, by wilful misrepresentation, or by wilful concealment of a material fact which he is bound to disclose, voluntarily causes or procures, or attempts to cause or procure, a thing to be done, is said to instigate the doing of that thing. ILLUSTRATION A, a public oﬃcer is authorised by a warrant from a Court of Justice to apprehend Z. B, knowing that fact and also that C is not Z, wilfully represents to A that C is Z, and thereby intentionally causes A to apprehend C. Here B abets by instigation the apprehension of C. Explanation 2.—Whoever, either prior to or at the time of the commission of an act, does anything in order to facilitate the commission of that act, and thereby facilitates the commission thereof, is said to aid the doi"
IPC_1860,108,"[s 108] Abettor. A person abets an offence, who abets either the commission of an offence, or the commission of an act which would be an offence, if committed by a person capable by law of committing an offence with the same intention or knowledge as that of the abettor. Explanation 1.—The abetment of the illegal omission of an act may amount to an offence although the abettor may not himself be bound to do that act. Explanation 2.—To constitute the offence of abetment it is not necessary that the act abetted should be committed, or that the effect requisite to constitute the offence should be caused. ILLUSTRATIONS (a) A instigates B to murder C. B refuses to do so. A is guilty of abetting B to commit murder. (b) A instigates B to murder D. B in pursuance of the instigation stabs D. D recovers from the wound. A is guilty of instigating B to commit murder. Explanation 3.—It is not necessary that the person abetted should be capable by law of committing an offence, or that he should have the same guilty intention or knowledge as that of the abettor, or any guilty intention or knowledge. ILLUSTRATIONS (a) A, with a guilty intention, abets a child or a lunatic to commit an act which wo"
IPC_1860,109,"[s 109] Punishment of abetment if the act abetted is committed in consequence and where no express provision is made for its punishment. Whoever abets any offence shall, if the act abetted is committed in consequence of the abetment, and no express provision is made by this Code for the punishment of such abetment, be punished with the punishment provided for the offence. Explanation.—An act or offence is said to be committed in consequence of abetment, when it is committed in consequence of the instigation, or in pursuance of the conspiracy, or with the aid which constitutes the abetment. ILLUSTRATIONS (a) A offers a bribe to B, a public servant, as a reward for showing A some favour in the exercise of B's oﬃcial functions. B accepts the bribe. A has abetted the offence deﬁned in section 161. (b) A instigates B to give false evidence. B, in consequence of the instigation, commits that offence. A is guilty of abetting that offence, and is liable to the same punishment as B. (c) A and B conspire to poison Z. A, in pursuance of the conspiracy, procures the poison and delivers it to B in order that he may administer it to Z. B, in pursuance of the conspiracy, administers the poison to"
IPC_1860,110,"[s 110] Punishment of abetment if person abetted does act with different intention from that of abettor. Whoever abets the commission of an offence shall, if the person abetted does the act with a different intention or knowledge from that of the abettor, be punished with the punishment provided for the offence which would have been committed if the act had been done with the intention or knowledge of the abettor and with no other. COMMENTS.— This section provides that though the person abetted commits the offence with a different intention or knowledge yet the abettor will be punished with the punishment provided for the offence abetted. The liability of the person abetted is not affected by this section. Explanation 3 to section 108 should be read in conjunction with this section. See illustration (d) to that section. THE INDIAN PENAL CODE CHAPTER V OF ABETMENT"
IPC_1860,111,"[s 111] Liability of abettor when one act abetted and different act done. When an act is abetted and a different act is done, the abettor is liable for the act done, in the same manner and to the same extent as if he had directly abetted it: Proviso. Provided the act done was a probable consequence of the abetment, and was committed under the inﬂuence of the instigation, or with the aid or in pursuance of the conspiracy which constituted the abetment. ILLUSTRATIONS (a) A instigates a child to put poison into the food of Z, and gives him poison for that purpose. The child, in consequence of the instigation, by mistake puts the poison into the food of Y, which is by the side of that of Z. Here, if the child was acting under the inﬂuence of A's instigation, and the act done was under the circumstances a probable consequence of the abetment, A is liable in the same manner and to the same extent as if he had instigated the child to put the poison into the food of Y. (b) A instigates B to burn Z's house. B sets ﬁre to the house and at the same time commits theft of property there. A, though guilty of abetting the burning of the house, is not guilty of abetting the theft; for the theft wa"
IPC_1860,112,"[s 112] Abettor when liable to cumulative punishment for act abetted and for act done. If the act for which the abettor is liable under the last preceding section is committed in addition to the act abetted, and constitutes a distinct offence, the abettor is liable to punishment for each of the offences. ILLUSTRATION A instigates B to resist by force a distress made by a public servant. B, in consequence, resists that distress. In offering the resistance, B voluntarily causes grievous hurt to the oﬃcer executing the distress. As B has committed both the offences of resisting the distress, and the offence of voluntarily causing grievous hurt, B is liable to punishment for both these offences; and, if A knew that B was likely voluntarily to cause grievous hurt in resisting the distress A will also be liable to punishment for each of the offences. 96.  Re Irala Palle Ramiah, 1957 Cr LJ 815 (AP). COMMENTS.— This section extends the principle enunciated in the preceding section. Under it the abettor is punished for the offence abetted as well as the offence committed. A joint reading of sections 111, 112 and 133 make it abundantly clear that if a person abets another in the commission o"
IPC_1860,113,"[s 113] Liability of abettor for an effect caused by the act abetted different from that intended by the abettor. When an act is abetted with the intention on the part of the abettor of causing a particular effect, and an act for which the abettor is liable in consequence of the abetment, caused a different effect from that intended by the abettor, the abettor is liable for the effect caused, in the same manner and to the same extent as if he had abetted the act with the intention of causing that effect, provided he knew that the act abetted was likely to cause that effect. ILLUSTRATION A instigates B to cause grievous hurt to Z. B, in consequence of the instigation causes grievous hurt to Z. Z dies in consequence. Here, if A knew that the grievous hurt abetted was likely to cause death, A is liable to be punished with the punishment provided for murder. COMMENTS.— This section should be read in conjunction with section 111. Section 111 provides for the doing of an act different from the one abetted, whereas this section deals with the case when the act done is the same as the act abetted but its effect is different. THE INDIAN PENAL CODE CHAPTER V OF ABETMENT"
IPC_1860,114,"[s 114] Abettor present when offence is committed. Whenever any person who if absent would be liable to be punished as an abettor, is present when the act or offence for which he would be punishable in consequence of the abetment is committed, he shall be deemed to have committed such act or offence. COMMENTS.— This section: is only brought into operation when circumstances amounting to abetment of a particular crime have ﬁrst been proved, and then the presence of the accused at the commission of that crime is proved in addition … Section 114 deals with the case, where there has been the crime of abetment, but where also there has been actual commission of the crime abetted and the abettor has been present thereat, and the way in which it deals with such a case is this. Instead of the crime being still abetment with circumstances of aggravation, the crime becomes the very crime abetted. The section is evidently not punitory. Because participation de facto. … may sometimes be obscure in detail, it is established by the presumption Juris et de jure that actual presence plus prior abetment can mean nothing else but participation. The presumption raised by s. 114 brings the case within"
IPC_1860,115,"[s 115] Abetment of offence punishable with death or imprisonment for life—if offence not committed. Whoever abets the commission of an offence punishable with death or 109. [imprisonment for life] shall, if that offence be not committed in consequence of the abetment, and no express provision1 is made by this Code for the punishment of such abetmnt,2 be punished with imprisonment of either description for a term which may extend to seven years, and shall also be liable to ﬁne; If act causing harm be done in consequence. and if any act for which the abettor is liable in consequence of the abetment, and which causes hurt to any person, is done, the abettor shall be liable to imprisonment of either description for a term which may extend to fourteen years, and shall also be liable to ﬁne. ILLUSTRATION A instigates B to murder Z. The offence is not committed. If B had murdered Z, he would have been subject to the punishment of death or 110.[imprisonment for life]. Therefore A is liable to imprisonment for a term which may extend to seven years and also to a ﬁne; and if any hurt be done to Z in consequence of the abetment, he will be liable to imprisonment for a term which may extend t"
IPC_1860,116,"[s 116] Abetment of offence punishable with imprisonment— if offence be not committed. Whoever abets an offence punishable with imprisonment shall, if that offence be not committed in consequence of the abetment, and no express provision is made by this Code for the punishment of such abetment, be punished with imprisonment of any description provided for that offence for a term which may extend to one-fourth part of the longest term provided for that offence, or with such ﬁne as is provided for that offence, or with both; If abettor or person abetted be a public servant whose duty it is to prevent offence. and if the abettor or the person abetted is a public servant, whose duty it is to prevent the commission of such offence, the abettor shall be punished with imprisonment of any description provided for that offence, for a term which may extend to one-half of the longest term provided for that offence, or with such ﬁne as is provided for the offence, or with both. ILLUSTRATIONS (a) A offers a bribe to B, a public servant, as a reward for showing A some favour in the exercise of B's oﬃcial functions. B refuses to accept the bribe. A is punishable under this section. (b) A instigat"
IPC_1860,117,"[s 117] Abetting commission of offence by the public or by more than ten persons. Whoever abets the commission of an offence by the public generally or by any number or class of persons exceeding ten, shall be punished with imprisonment of either description for a term which may extend to three years, or with ﬁne, or with both. ILLUSTRATION A aﬃxes in a public place a placard instigating a sect consisting of more than ten members to meet at a certain time and place, for the purpose of attacking the members of an adverse sect, while engaged in a procession. A has committed the offence deﬁned in this section. COMMENT— Abetting by public or more than ten persons.—Abetment has a reference both to the person or persons abetted, and to the offence or offences the commission of which is abetted. This section deals with former, whatever may be the nature of the offence abetted, while section 115 deals with the latter without having regard to the person or persons abetted.117. Under this section it will be suﬃcient to show any instigation or other mode of abetment, though neither the effect intended, nor any other effect follows from it. The gravamen of a charge under this section is the ab"
IPC_1860,118,"[s 118] Concealing design to commit offence punishable with death or imprisonment for life. Whoever intending to facilitate or knowing it to be likely that he will thereby facilitate the commission of an offence punishable with death or 122.[imprisonment for life], 123.[voluntarily conceals by any act or omission or by the use of encryption or any other information hiding tool, the existence of a design] to commit such offence or makes any representation which he knows to be false respecting such design, If offence be committed — if offence be not committed. shall, if that offence be committed, be punished with imprisonment of either description for a term which may extend to seven years, or, if the offence be not committed, with imprisonment of either description for a term which may extend to three years; and in either case shall also be liable to ﬁne. ILLUSTRATION A, knowing that dacoity is about to be committed at B, falsely informs the Magistrate that a dacoity is about to be committed at C, a place in an opposite direction, and thereby misleads the Magistrate with intent to facilitate the commission of the offence. The dacoity is committed at B in pursuance of the design. A i"
IPC_1860,119,"[s 119] Public servant concealing design to commit offence which it is his duty to prevent. Whoever, being a public servant, intending to facilitate or knowing it to be likely that he will thereby facilitate the commission of an offence which it is his duty as such public servant to prevent; 125.[voluntarily conceals by any act or omission or by the use of encryption or any other information hiding tool, the existence of a design] to commit such offence, or makes any representation which he knows to be false respecting such design; If offence be committed. shall, if the offence be committed, be punished with imprisonment of any description provided for the offence, for a term which may extend to one-half of the longest term of such imprisonment, or with such ﬁne as is provided for that offence, or with both; If offence be punishable with death, etc. or, if the offence be punishable with death or 126.[imprisonment for life], with imprisonment of either description for a term which may extend to ten years; If offence be not committed. or if the offence be not committed, shall be punished with imprisonment of any description provided for the offence, for a term which may extend to one"
IPC_1860,120,"[s 120] Concealing design to commit offence punishable with imprisonment. Whoever, intending to facilitate or knowing it to be likely that he will thereby facilitate the commission of an offence punishable with imprisonment, If offence be committed—if offence be not committed. voluntarily conceals, by any act or illegal omission, the existence of a design to commit such offence, or makes any representation which he knows to be false respecting such design, shall, if the offence be committed, be punished with imprisonment of the description provided for the offence, for a term which may extend to one-fourth, and, if the offence be not committed, to one-eighth, of the longest term for such imprisonment, or with such ﬁne as is provided for the offence, or with both. COMMENT— Punishment for concealing design.—The basic principle of this section and section 118 is one and the same. Section 118 deals with offences punishable with death or imprisonment for life; this section deals with offences punishable with imprisonment. All offences except those punishable only with ﬁne are included in these two sections. THE INDIAN PENAL CODE 1.CHAPTER V-A CRIMINAL CONSPIRACY [s 120A] Deﬁnition of cr"
IPC_1860,121,"[s 121] Waging, or attempting to wage war or abetting waging of war, against the Government of India. Whoever, wages war1. against the 1[Government of India]2., or attempts, to wage such war, or abets the waging of such war3., shall be punished with death, or 2[imprisonment for life] 3[and shall also be liable to ﬁne]. 4.[ILLUSTRATIONS] 5.[***] (a) A joins an insurrection against the 6.[Government of India]. A has committed the offence deﬁned in this section. 7.[***]COMMENT— Earlier the word used in section 121 was ""Queen"". After the formation of the republic under the Constitution it was substituted by the expression ""Government of India"" by the Adaption of Laws Order of 1950. In a republic, sovereignty vests in the people of the country and the lawfully elected government is simply the representative and a manifestation of the sovereign, that is, the people. Thus, the expression ""Government of India"", as appearing in section 121, must be held to mean the State or interchangeably the people of the country as the repository of the sovereignty of India which is manifested and expressed through the elected Government.8. [s 121.1] Waging war against Government.— The concept of war emb"
IPC_1860,122,"[s 122] Collecting arms, etc., with intention of waging war against the Government of India. Whoever collects men, arms or ammunition or otherwise prepares to wage war with the intention of either waging or being prepared to wage war against the 42. [Government of India], shall be punished with 43.[imprisonment for life] or imprisonment of either description for a term not exceeding ten years, 44.[and shall also be liable to ﬁne]. 42.  Subs. by the A.O. 1950, for ""Queen"". COMMENT— This section is intended to put down with a heavy hand any preparation to wage war against the Government of India. The act made punishable by this section cannot be considered attempts; they are in truth preparations made for committing the offence of waging war. Preparation consists of devising or arranging the means or measures necessary for the commission of the offence. It differs widely from attempt which is the direct movement towards the commission after preparations are made. Preparation to commit an offence is punishable only when the preparation is to commit offences under section 122 (waging war against the Government of India) and section 399 (preparation and an attempt is sometimes thin and "
IPC_1860,123,"[s 123] Concealing with intent to facilitate design to wage war. Whoever, by any act, or by any illegal omission, conceals the existence of a design to wage war against the 46.[Government of India], intending by such concealment to facilitate, or knowing it to be likely that such concealment will facilitate, the waging of such war, shall be punished with imprisonment of either description for a term which may extend to ten years, and shall also be liable to ﬁne. COMMENT— This section reiterates the principle enunciated in section 118, the only difference being that the penalty under it is more severe. Section 39 of Code of Criminal Procedure (Cr PC), 1973 read with section 176 of the IPC, 1860 makes it an offence for any person who is aware of the commission of, or of the intention of any person to commit, an offence under sections 121–126, both inclusive (that is, offences against the State speciﬁed in Chapter VI of the Code), to omit giving any notice or furnishing any information to any public servant. Moreover, section 123 of IPC, 1860 makes it an offence to conceal, whether by act or omission, the existence of a design to ""wage war"" against the Government of India, when intend"
IPC_1860,124,"[s 124] Assaulting President, Governor, etc., with intent to compel or restrain the exercise of any lawful power. Whoever, with the intention of inducing or compelling the 49.[President] of India, or the 50.[Governor 51.[***]] of any 52.[State], 53.[***] 54.[***] 55.[***] to exercise or refrain from exercising in any manner any of the lawful powers of such 56.[President] or 57. [Governor 58.[***]], assaults or wrongfully restrains, or attempts wrongfully to restrain, or overawes, by means of criminal force or the show of criminal force, or attempts so to overawe, such 59.[President or 60.[Governor 61.[***]], shall be punished with imprisonment of either description for a term which may extend to seven years, and shall also be liable to ﬁne. 49.  Subs. by the A.O. 1950, for ""Governor General"". 50.  Subs. by Act 3 of 1951, section 3 and Sch., for ""Governor"" (w.e.f. 1 April 1951). 51.  The words ""or Rajpramukh"" omitted by the A.O. (No. 2) 1956. 52.  Subs. by the A.O. 1950, for ""Province"". Earlier the word ""Province"" was subs. by the A.O. 1937, for the word ""Presidency"". COMMENT— This section is an ampliﬁcation of the third clause of section 121A. It punishes severely assaults, etc., m"
IPC_1860,125,"[s 125] Waging war against any Asiatic Power in alliance with the Government of India. Whoever wages war against the Government of any Asiatic Power in alliance or at peace with the 98.[Government of India] or attempts to wage such war, or abets the waging of such war, shall be punished with 99.[imprisonment for life], to which ﬁne may be added, or with imprisonment of either description for a term which may extend to seven years, to which ﬁne may be added, or with ﬁne. 98.  Subs. by the A.O. 1950, for ""Queen"". 99.  Subs. by Act 26 of 1955, section 117 and Sch., for ""transportation for life"" (w.e.f. 1 January 1956). 100.  M & M 105. 101.  Jameson, (1896) 2 QB 425 , 430. COMMENT— Waging war against Asiatic power.—This section restrains a person from making India the base of intrigues and enterprise for the restoration of deposed rulers or other like purposes. The fulﬁlment of the obligations of the State to allies and friendly Powers requires that the abetment of such schemes by its subjects whether by furnishing supplies or otherwise should be forbidden.100. ""One Sovereign power is bound to respect the subjects and the rights of all other sovereign powers outside its own territory"""
IPC_1860,126,"[s 126] Committing depredation on territories of power at peace with the Government of India. Whoever commits depredation, or makes preparations to commit depredation, on the territories of any power in alliance or at peace with the 102.[Government of India], shall be punished with imprisonment of either description for a term which may extend to seven years, and shall also be liable to ﬁne and to forfeiture of any property used or intended to be used in committing such depredation, or acquired by such depredation. 102.  Subs. by the A.O. 1950, for ""Queen"". COMMENT— Depredation.—The preceding section provides for waging war against any Asiatic Power in alliance with the Government of India, this section prevents the commission of depredation or plunder on territories of States at peace with the Government of India. The scope of this section is much wider than the preceding section, for it applies to a Power which may or may not be Asiatic. THE INDIAN PENAL CODE CHAPTER VI OF OFFENCES AGAINST THE STATE The offences against the State fall into the following groups:— I. Waging, or attempting or conspiring to wage, or collecting men and ammunition to wage war against the Government of "
IPC_1860,127,"[s 127] Receiving property taken by war or depredation mentioned in sections 125 and 126. Whoever receives any property knowing the same to have been taken in the commission of any of the offences mentioned in sections 125 and 126, shall be punished with imprisonment of either description for a term which may extend to seven years, and shall also be liable to ﬁne and to forfeiture of the property so received. COMMENT— This section applies to those persons who knowingly receive any property obtained by waging war with a Power at peace with the Government of India or by committing depredation on its territories. THE INDIAN PENAL CODE CHAPTER VI OF OFFENCES AGAINST THE STATE The offences against the State fall into the following groups:— I. Waging, or attempting or conspiring to wage, or collecting men and ammunition to wage war against the Government of India (sections 121, 121A, 122, 123). II. Assaulting President, or Governor of a State with intent to compel or restrain the exercise of any lawful power (section 124). III. Sedition (section 124A). IV. War against a power at peace with the Government of India (section 125) or committing depredations on the territories of such power ("
IPC_1860,128,"[s 128] Public servant voluntarily allowing prisoner of State or war to escape. Whoever, being a public servant and having the custody of any State prisoner1 or prisoner of war2, voluntarily allows such prisoner to escape from any place in which such prisoner is conﬁned, shall be punished with 103.[imprisonment for life], or imprisonment of either description for a term which may extend to ten years, and shall also be liable to ﬁne. COMMENT— Allowing escape to prisoners.—This section and section 225A provide for one kind of offence. In both sections the public servant who has the custody of the prisoner is punished if he voluntarily allows such prisoner to escape. In this section the prisoner must be a State prisoner or a prisoner of war; under section 225A the prisoner may be an ordinary criminal. The offence under this section is thus, an aggravated form of the offence than under section 225A. 1. 'State prisoner' is one whose conﬁnement is necessary in order to preserve the security of India from foreign hostility or from internal commotion, and who has been conﬁned by the order of the Government of India.104. 2. 'Prisoner of war' is one who in war is taken in arms. Those who are"
IPC_1860,129,"[s 129] Public servant negligently suffering such prisoner to escape. Whoever, being a public servant and having the custody of any State prisoner or prisoner of war, negligently suffers such prisoner to escape from any place of conﬁnement in which such prisoner is conﬁned, shall be punished with simple imprisonment for a term which may extend to three years, and shall also be liable to ﬁne. COMMENT— Negligently suffering prisoners to escape.—The offence under this section is like the one provided in section 128. Under it the escape of the prisoner should be owing to the negligence of the public servant. Section 128 punishes a public servant who voluntarily allows a State prisoner to escape. Section 223 punishes the escape of an ordinary prisoner under similar circumstances. THE INDIAN PENAL CODE CHAPTER VI OF OFFENCES AGAINST THE STATE The offences against the State fall into the following groups:— I. Waging, or attempting or conspiring to wage, or collecting men and ammunition to wage war against the Government of India (sections 121, 121A, 122, 123). II. Assaulting President, or Governor of a State with intent to compel or restrain the exercise of any lawful power (section 124)."
IPC_1860,130,"[s 130] Aiding escape of, rescuing or harbouring such prisoner. Whoever knowingly aids or assists any State prisoner or prisoner of war in escaping from lawful custody, or rescues or attempts to rescue any such prisoner, or harbours or conceals any such prisoner who has escaped from lawful custody, or offers or attempts to offer any resistance to the recapture of such prisoner, shall be punished with 106.[imprisonment for life], or with imprisonment of either description for a term which may extend to ten years, and shall also be liable to ﬁne. Explanation.—A State prisoner or prisoner of war, who is permitted to be at large on his parole within certain limits in 107.[India], is said to escape from lawful custody if he goes beyond the limits within which he is allowed to be at large. 106.  Subs. by Act 26 of 1955, section 117 and Sch., for ""transportation for life"" (w.e.f. 1January1956). 107.  The words ""British India"" have successively been subs. by the A.O. 1948, the A.O. 1950 and Act 3 of 1951, section 3 and Sch. (w.e.f. 1 April 1951), to read as above. COMMENT— Aiding escape, harbouring escapees.—This section uses words more extensive than those in the two preceding ones which "
IPC_1860,131,"[s 131] Abetting mutiny, or attempting to seduce a soldier, sailor or airman from his duty. Whoever abets the committing of mutiny by an oﬃcer, soldier, 1.[sailor or airman], in the Army, 2.[Navy or Air Force] of the 3.[Government of India] or attempts to seduce any such oﬃcer, soldier, 4.[sailor or airman] from his allegiance or his duty, shall be punished with 5.[imprisonment for life], or with imprisonment of either description for a term which may extend to ten years, and shall also be liable to ﬁne. 6.[Explanation.—In this section the words ""oﬃcer"", 7.[""soldier"", 8.[""sailor""] and ""airman""] include any person subject to 9.[the Army Act, 10.[the Army Act, 195011.], 12.[the Naval Discipline Act, 13.[***] the Indian Navy (Discipline) Act, 1934 (34 of 1934)14.], 15.[the Air Force Act or 16.[the Air Force Act, 1950]], as the case may be].] 1.  Subs. by Act 10 of 1927, section 2 and Sch. I, for ""or sailor"" 2.  Subs. by Act 10 of 1927, section 2 and Sch. I, for ""or Navy"". 3.  Subs. by the A.O. 1950, for ""Queen"". 4.  Subs. by Act 10 of 1927, section 2 and Sch. I, for ""or sailor"". 5.  Subs. by Act 26 of 1955, section 117 and Sch., for ""transportation for life"" (w.e.f. 1-1-1956). 6.  Ins"
IPC_1860,132,"[s 132] Abetment of mutiny if mutiny is committed in consequence thereof. Whoever abets the committing of mutiny by an oﬃcer, soldier, 18.[sailor or airman] in the Army, 19.[Navy or Air Force] of the 20.[Government of India], shall, if mutiny be committed in consequence of that abetment, be punished with death or with 21. [imprisonment for life], or imprisonment of either description for a term which may extend to ten years, and shall also be liable to ﬁne. 18.  Subs. by Act 10 of 1927, section 2 and Sch. I, for ""or sailor"". 19.  Subs. by Act 10 of 1927, section 2 and Sch. I, for ""or Navy"". 20.  Subs. by the A.O. 1950, for ""Queen"". 21.  Subs. by Act 26 of 1955, section 117 and Sch., for ""transportation for life"" (w.e.f. 1-1-1956). THE INDIAN PENAL CODE CHAPTER VII OF OFFENCES RELATING TO THE ARMY, NAVY AND AIR FORCE"
IPC_1860,133,"[s 133] Abetment of assault by soldier, sailor or airman on his superior oﬃcer, when in execution of his oﬃce. Whoever abets an assault by an oﬃcer, soldier, 22.[sailor or airman], in the Army, 23. [Navy or Air Force] of the 24.[Government of India], on any superior oﬃcer being in the execution of his oﬃce, shall be punished with imprisonment of either description for a term which may extend to three years, and shall also be liable to ﬁne. 22.  Subs. by Act 10 of 1927, section 2 and Sch. I, for ""or sailor"". 23.  Subs. by Act 10 of 1927, section 2 and Sch. I, for ""or Navy"". 24.  Subs. by the A.O. 1950, for ""Queen"". COMMENT— Abetment of assault, etc.—This section punishes the abetment of an assault which is not committed. The next section punishes similar abetment where the offence is committed. THE INDIAN PENAL CODE CHAPTER VII OF OFFENCES RELATING TO THE ARMY, NAVY AND AIR FORCE"
IPC_1860,134,"[s 134] Abetment of such assault, if the assault is committed. Whoever abets an assault by an oﬃcer, soldier, 25.[sailor or airman], in the Army, 26. [Navy or Air Force] of the 27.[Government of India], on any superior oﬃcer being in the execution of his oﬃce, shall, if such assault be committed in consequence of that abetment be punished with imprisonment of either description for a term which may extend to seven years, and shall also be liable to ﬁne. 25.  Subs. by Act 10 of 1927, section 2 and Sch. I, for ""or sailor"". 26.  Subs. by Act 10 of 1927, section 2 and Sch. I, for ""or Navy"". 27.  Subs. by the A.O. 1950, for ""Queen"". COMMENT— Where abetted assault committed.—This section punishes the abetment of an assault when such assault is committed in consequence of that abetment. It stands in the same relation to section 133 as section 132 does to section 131. THE INDIAN PENAL CODE CHAPTER VII OF OFFENCES RELATING TO THE ARMY, NAVY AND AIR FORCE"
IPC_1860,135,"[s 135] Abetment of desertion of soldier, sailor or airman. Whoever abets the desertion of any oﬃcer, soldier, 28.[sailor or airman], in the Army, 29.[Navy or Air Force] of the 30.[Government of India], shall be punished with imprisonment of either description for a term which may extend to two years, or with ﬁne, or with both. 28.  Subs. by Act 10 of 1927, section 2 and Sch. I, for ""or sailor"". 29.  Subs. by Act 10 of 1927, section 2 and Sch. I, for ""or Navy"". 30.  Subs. by the A.O. 1950, for ""Queen"". COMMENT— Abetment of desertion.—The desertion abetted under this section need not take place. Mere abetment is made punishable. THE INDIAN PENAL CODE CHAPTER VII OF OFFENCES RELATING TO THE ARMY, NAVY AND AIR FORCE"
IPC_1860,136,"[s 136] Harbouring deserter. Whoever, except as hereinafter expected, knowing or having reason to believe that an oﬃcer, soldier, 31.[sailor or airman], in the Army, 32.[Navy or Air Force] of the 33. [Government of India], has deserted, harbours such oﬃcer, soldier, 34.[sailor or airman], shall be punished with imprisonment of either description for a term which may extend to two years, or with ﬁne, or with both. Exception.—This provision does not extend to the case in which the harbour is given by a wife to her husband. 31.  Subs. by Act 10 of 1927, section 2 and Sch. I, for ""or sailor"". 32.  Subs. by Act 10 of 1927, section 2 and Sch. I, for ""or Navy"". 33.  Subs. by the A.O. 1950, for ""Queen"". 34.  Subs. by Act 10 of 1927, section 2 and Sch. I, for ""or sailor"". COMMENT— Harbouring deserter.—A person harbouring a deserter is an 'accessory after the fact'. The gist of the offence is concealment of a deserter to prevent his apprehension. Exception is made only in the case of a wife. The word 'harbour' is deﬁned in section 52A. THE INDIAN PENAL CODE CHAPTER VII OF OFFENCES RELATING TO THE ARMY, NAVY AND AIR FORCE"
IPC_1860,137,"[s 137] Deserter concealed on board, merchant vessel through negligence of master. The master or person in charge of a merchant vessel, on board of which any deserter from the Army, 35.[Navy or Air Force] of the 36.[Government of India] is concealed, shall, though ignorant of such concealment, be liable to a penalty not exceeding ﬁve hundred rupees, if he might have known of such concealment but for some neglect of his duty as such master or person in charge, or but for some want of discipline on board of the vessel. 35.  Subs. by Act 10 of 1927, section 2 and Sch. I, for ""or Navy"". 36.  Subs. by the A.O. 1950, for ""Queen"". COMMENT— Concealment on board.—This section punishes the master or person in charge of a merchant ship on board of which a deserter has concealed himself. The master is liable even though he is ignorant of such concealment. But some negligence or laxity in the maintenance of discipline on the part of the master has to be made out. THE INDIAN PENAL CODE CHAPTER VII OF OFFENCES RELATING TO THE ARMY, NAVY AND AIR FORCE"
IPC_1860,138,"[s 138] Abetment of act of insubordination by soldier, sailor or airman. Whoever abets what he knows to be an act of insubordination by an oﬃcer, soldier, 37. [sailor or airman], in the Army, 38.[Navy or Air Force] of the 39.[Government of India], shall, if such act of insubordination be committed in consequence of that abetment, be punished with imprisonment of either description for a term which may extend to six months, or with ﬁne, or with both. 37.  Subs. by Act 10 of 1927, section 2 and Sch. I, for ""or sailor"". 38.  Subs. by Act 10 of 1927, section 2 and Sch. I, for ""or Navy"". 39.  Subs. by the A.O. 1950, for ""Queen"". COMMENT— Abetment of insubordination.—In this section it is expressed as part of the deﬁnition of the offence that the abettor knows the quality of the act abetted, that is, he knows it to be an act of insubordination. THE INDIAN PENAL CODE CHAPTER VII OF OFFENCES RELATING TO THE ARMY, NAVY AND AIR FORCE [s 138A] [Repealed] [Application of foregoing sections to the Indian Marine Service.] Repealed by s. 2 and Sch. of Act XXXV of 1934. THE INDIAN PENAL CODE CHAPTER VII OF OFFENCES RELATING TO THE ARMY, NAVY AND AIR FORCE"
IPC_1860,139,"[s 139] Persons subject to certain Acts. No person subject to 40.[the Army Act, 41.[the Army Act, 1950, the Naval Discipline Act, 42.[43.[***] the Indian Navy (Discipline) Act, 193444.], 45.[the Air Force Act or 46. [the Air Force Act, 1950]]], is subject to punishment under this Code for any of the offences deﬁned in this Chapter. 40.  Subs. by Act 10 of 1927, section 2 and Sch. I, for ""any Article of War for the Army or Navy ofthe Queen, or for any part of such Army or Navy"". 41.  Subs. by Act 3 of 1951, section 3 and Sch., for ""the Indian Army Act, 1911"" (w.e.f. 1-4-1951). 42.  Ins. by Act 35 of 1934, section 2 and Sch. 43.  The words ""or that Act as modiﬁed"" omitted by the A.O. 1950. 44.  Now see the Navy Act, 1957 (62 of 1957). 45.  Subs. by Act 14 of 1932, section 130 and Sch., for ""or the Air Force Act"". 46.  Subs. by Act 3 of 1951, section 3 and Sch., for ""the Indian Air Force Act, 1932"" (w.e.f. 1-4- 1951). COMMENT— Persons subject to these special Acts are punishable under those Acts and not under the Penal Code. THE INDIAN PENAL CODE CHAPTER VII OF OFFENCES RELATING TO THE ARMY, NAVY AND AIR FORCE"
IPC_1860,140,"[s 140] Wearing garb or carrying token used by soldier, sailor or airman. Whoever, not being a soldier, 47.[sailor or airman], in the Military, 48.[Naval or Air] service of the 49.[Government of India], wears any garb or carries any token resembling any garb or token used by such a soldier, 50.[sailor or airman] with the intention that it may be believed that he is such a soldier, 51.[sailor or airman], shall be punished with imprisonment of either description for a term which may extend to three months, or with ﬁne which may extend to ﬁve hundred rupees, or with both. 47.  Subs. by Act 10 of 1927, section 2 and Sch. I, for ""or sailor"". 48.  Subs. by Act 10 of 1927, section 2 and Sch. I, for ""or Navy"". 49.  Subs. by the A.O. 1950, for ""Queen"". 50.  Subs. by Act 10 of 1927, section 2 and Sch. I, for ""or sailor"". 51.  Subs. by Act 10 of 1927, section 2 and Sch. I, for ""or sailor"". COMMENT— Wearing garb or carrying token.—The gist of the offence herein made penal is the intention of the accused wearing the dress of a soldier for the purpose of inducing others to believe that he is in service at the present time. Merely wearing a soldier's garb without any speciﬁc intention is no offen"
IPC_1860,141,"[s 141] Unlawful assembly. An assembly of ﬁve or more1 persons is designated an ""unlawful assembly"", if the common object2 of the persons composing that assembly is— First.—To overawe by criminal force, or show of criminal force, 1.[the Central or any State Government or Parliament or the Legislature of any State], or any public servant in the exercise of the lawful power of such public servant; or Second.—To resist the execution of any law, or of any legal process; or Third.—To commit any mischief or criminal trespass, or other offence; or Fourth.—By means of criminal force, or show of criminal force, to any person, to take or obtain possession of any property, or to deprive any person of the enjoyment of a right of way, or of the use of water or other incorporeal right of which he is in possession or enjoyment, or to enforce any right or supposed right; or Fifth.—By means of criminal force, or show of criminal force, to compel any person to do what he is not legally bound to do, or to omit to do what he is legally entitled to do. Explanation.—An assembly which was not unlawful when it assembled, may subsequently become an unlawful assembly. 1.  Subs. by the A.O. 1950, for The Cen"
IPC_1860,142,"[s 142] Being member of unlawful assembly. Whoever, being aware of facts which render any assembly an unlawful assembly, intentionally joins that assembly, or continues in it, is said to be a member of an unlawful assembly. THE INDIAN PENAL CODE CHAPTER VIII OF OFFENCES AGAINST THE PUBLIC TRANQUILLITY The offences in this chapter may be classiﬁed in the following four groups:— I. Unlawful assembly. (1) Being a member of an unlawful assembly (sections 141, 142, 143). (2) Joining an unlawful assembly armed with deadly weapons (section 144). (3) Joining or continuing in an unlawful assembly knowing it has been commanded to disperse (section 145). (4) Hiring of persons to join an unlawful assembly (section 150). (5) Harbouring persons hired for an unlawful assembly (section 157). (6) Being hired to take part in an unlawful assembly (section 158). II. Rioting (sections 146, 147). (1) Rioting with deadly weapon (section 148). (2) Assaulting or obstructing a public servant in the suppression of a riot (section 152). (3) Wantonly giving provocation with intent to cause riot (section 153). (4) Liability of the owner or occupier of land on which an unlawful assembly is held or a riot is comm"
IPC_1860,143,"[s 143] Punishment. Whoever is a member of an unlawful assembly, shall be punished with imprisonment of either description for a term which may extend to six months, or with ﬁne, or with both. COMMENT— Unlawful assembly.—An 'assembly' is a company of persons assembled together in a place, usually for a common purpose. Court is concerned with an 'unlawful assembly'. Wherever ﬁve or more persons commit a crime with a common object and intent, then each of them would be liable for commission of such offence, in terms of sections 141 and 149, Indian Penal Code, 1860 (IPC, 1860). It is not possible to deﬁne the constituents or dimensions of an offence under section 149 simpliciter with regard to dictionary meaning of the words 'unlawful assembly' or 'assembly'.2. An assembly of ﬁve or more persons having as its common object any of the ﬁve objects enumerated under section 1 41 of IPC is deemed to be an unlawful assembly. Membership of an unlawful assembly is itself an offence punishable under section.143, whereas other species of the said offence are dealt with under section 143–145 of IPC. Similarly, sections 146–148 of IPC deals with the offence of rioting which is deﬁned to be use of"
IPC_1860,144,"[s 144] Joining unlawful assembly armed with deadly weapon. Whoever, being armed with any deadly weapon, or with anything which, used as a weapon of offence, is likely to cause death, is a member of an unlawful assembly, shall be punished with imprisonment of either description for a term which may extend to two years, or with ﬁne, or with both. COMMENT— Armed with deadly weapons.—This is an aggravated form of the offence mentioned in the last section. The risk to public tranquillity is aggravated by the intention of using force evinced by carrying arms. The enhanced punishment under this section can only be inﬂicted on that member of an unlawful assembly who is armed with a weapon of offence. THE INDIAN PENAL CODE CHAPTER VIII OF OFFENCES AGAINST THE PUBLIC TRANQUILLITY The offences in this chapter may be classiﬁed in the following four groups:— I. Unlawful assembly. (1) Being a member of an unlawful assembly (sections 141, 142, 143). (2) Joining an unlawful assembly armed with deadly weapons (section 144). (3) Joining or continuing in an unlawful assembly knowing it has been commanded to disperse (section 145). (4) Hiring of persons to join an unlawful assembly (section 150). (5)"
IPC_1860,145,"[s 145] Joining or continuing in unlawful assembly, knowing it has been commanded to disperse. Whoever joins or continues in an unlawful assembly, knowing that such unlawful assembly has been commanded in the manner prescribed by law to disperse, shall be punished with imprisonment of either description for a term which may extend to two years, or with ﬁne, or with both. COMMENT— Joining or continuing with unlawful assembly.— 52.  Jagmohan, 1977 Cr LJ 1394 (Ori). 53.  R Deb, Op Cit, vol II, pp 834–835; See also Duncan, supra. This section is connected with section 151, infra. Section 188 of IPC, 1860 provides for the disobedience of any lawful order promulgated by a public servant. Sections 145 and 151 deal with special cases as the disobedience may cause serious breach of the peace. As to the powers of the police to disperse an unlawful assembly, see section 129, Criminal Procedure Code. [s 145.1] CASES.— Where an assembly did not by its own conduct become an unlawful assembly by developing common object within the meaning of section 141, IPC, 1860, its members could not be convicted under section 145, IPC, by merely joining or continuing as its members.52. It may, however, be add"
IPC_1860,146,"[s 146] Rioting. Whenever force or violence is used by an unlawful assembly,1 or by any member thereof, in prosecution of the common object2 of such assembly, every member of such assembly is guilty of the offence of rioting. THE INDIAN PENAL CODE CHAPTER VIII OF OFFENCES AGAINST THE PUBLIC TRANQUILLITY The offences in this chapter may be classiﬁed in the following four groups:— I. Unlawful assembly. (1) Being a member of an unlawful assembly (sections 141, 142, 143). (2) Joining an unlawful assembly armed with deadly weapons (section 144). (3) Joining or continuing in an unlawful assembly knowing it has been commanded to disperse (section 145). (4) Hiring of persons to join an unlawful assembly (section 150). (5) Harbouring persons hired for an unlawful assembly (section 157). (6) Being hired to take part in an unlawful assembly (section 158). II. Rioting (sections 146, 147). (1) Rioting with deadly weapon (section 148). (2) Assaulting or obstructing a public servant in the suppression of a riot (section 152). (3) Wantonly giving provocation with intent to cause riot (section 153). (4) Liability of the owner or occupier of land on which an unlawful assembly is held or a riot is co"
IPC_1860,147,"[s 147] Punishment for rioting. Whoever is guilty of rioting, shall be punished with imprisonment of either description for a term which may extend to two years, or with ﬁne, or with both. COMMENT— Rioting.—A riot is an unlawful assembly in a particular state of activity, which activity is accompanied by the use of force or violence. It is only the use of force that distinguishes rioting from an unlawful assembly.54. Under the Common law when members of an unlawful assembly actually carry out their unlawful common purpose with violence, so as to cause alarm, they are guilty of riot. For a successful prosecution of a riot case the prosecution must prove:— (i) that there were ﬁve or more persons; (ii) that they had a common purpose; (iii) that they had begun to execute such purpose; (iv) that they intended to help one another by force, if necessary; (v) that they had shown such degree of violence which would alarm at least one person of reasonable courage. This last mentioned fact need not be proved by calling a person, who has been so alarmed but it may be made out from facts and circumstances of the case in hand.55. The ingredients mentioned in item numbers (iv) and (v) above are n"
IPC_1860,148,"[s 148] Rioting armed with deadly weapon. Whoever is guilty of rioting, being armed with a deadly weapon or with anything which, used as a weapon of offence, is likely to cause death, shall be punished with imprisonment of either description for a term which may extend to three years, or with ﬁne, or with both. COMMENT— Rioting with deadly weapons.—Similar to section 144, this section is an aggravated form of the offence mentioned in the previous section. Enhanced punishment is 76.  Vasu Pillai v State, 1956 Cr LJ 1358 ; Nand Kishore v State, AIR 1961 Ori. 29 [LNIND 1959 ORI 52] ; Re VS Reddy, (1963) 2 Cr LJ 70 . 77.  State of AP v Rayaneedi Sitharamaiah, (2008) 16 SCC 179 [LNIND 2008 SC 2492] . Mohd Ishaq v S Kazam Pasha, (2009) 12 SCC 748 [LNIND 2009 SC 1173] : 2009 Cr LJ 3063 , a mob 60–70 persons armed with deadly weapons entered a house and forcibly removed household articles and took them away on a lorry, person at whose instance they acted, held liable. 78.  Nand Kishore v State of Bihar, 2000 Cr LJ 5079 (Pat). See also Raju v State of Rajasthan, (2007) 10 SCC 289 [LNIND 2007 SC 591] . 79.  Mahadev Sharma v State of Bihar, AIR 1966 SC 302 [LNIND 1965 SC 143] : 1965 (1) SCR 1"
IPC_1860,149,"[s 149] Every member of unlawful assembly guilty of offence committed in prosecution of common object. If an offence is committed by any member of an unlawful assembly in prosecution of the common object1 of that assembly, or such as the members of that assembly knew to be likely to be committed in prosecution of that object, every person who, at the time of the committing of that offence, is a member of the same assembly, is guilty of that offence. COMMENT— Liability of every member.—The Supreme Court has held that this section does not create a separate offence but only declares the vicarious liability of all the members of an unlawful assembly for acts done in prosecution of the common object of that assembly or for such offences as the members of the unlawful assembly knew to be likely to be committed in prosecution of that object.82. However, Benches of a smaller strength in some cases83. have observed that section 149 creates a speciﬁc and distinct offence. Thus the law declared therein by the Benches of a smaller strength cannot be taken as correct legal position.84. This section creates a speciﬁc and distinct offence.85. It is not the intention of the legislature in enactin"
IPC_1860,150,"[s 150] Hiring, or conniving at hiring, of persons to join unlawful assembly. Whoever hires or engages or employs, or promotes, or connives at the hiring, engagement or employment of any person to join or become a member of any unlawful assembly, shall be punishable as a member of such unlawful assembly, and for any offence which may be committed by any such person as a member of such unlawful assembly in pursuance of such hiring, engagement or employment, in the same manner as if he had been a member of such unlawful assembly, or himself had committed such offence. COMMENT— 163.  Vinit v State of Maharashtra, 1994 Cr LJ 1791 at pp 1804–1805, certain persons, who constituted an unlawful assembly, were hired to eliminate a particular person. The eliminators and their procurer were both held equally liable. This section brings within the reach of the law those who are really the originators and instigators of the offences committed by hired persons. It deals with the case of those who are neither abettors of nor participators in the offence committed by an unlawful assembly. The section creates a speciﬁc offence. It intends to embrace all those who hire, promote or connive at the emp"
IPC_1860,151,"[s 151] Knowingly joining or continuing in assembly of ﬁve or more persons after it has been commanded to disperse. Whoever knowingly joins or continues in any assembly of ﬁve or more persons likely to cause a disturbance of the public peace, after such assembly has been lawfully commanded to disperse, shall be punished with imprisonment of either description for a term which may extend to six months, or with ﬁne, or with both. Explanation.—If the assembly is an unlawful assembly within the meaning of section 141, the offender will be punishable under section 145. COMMENT— 164.  Yeshwant v State, 34 Cr LJ 705; See also Bealty v Gillbanks, (1882) 9 QBD 308 ; Kempe Gowda, 1954 Cr LJ 490 (Mysore). 165.  R Deb, Principles of Criminology, Criminal Law and Investigation, 2nd Edn, vol II, p 834. See also Re P Abdul Sattar, 1961 (1) Cr LJ 291 (Mysore). 166.  Kempe Gowda, 1954 Cr LJ 490 (Mysore), supra. 167.  Komma Neelakantha Reddy v State of AP, AIR 1978 SC 1021 [LNIND 1978 SC 55] : (1978) 2 SCC 473 [LNIND 1978 SC 55] : 1978 (3) SCR 75 [LNIND 1978 SC 55] : 1978 Cr LJ 780 : (1978) 1 SCC (Cr) 285. Effect of command to disperse.—Section 145 punishes the continuance in an unlawful assembly af"
IPC_1860,152,"[s 152] Assaulting or obstructing public servant when suppressing riot, etc. Whoever assaults or threatens to assault, or obstructs or attempts to obstruct, any public servant in the discharge of his duty as such public servant, in endeavouring to disperse an unlawful assembly, or to suppress a riot or affray, or uses, or threatens, or attempts to use criminal force to such public servant, shall be punished with imprisonment of either description for a term which may extend to three years, or with ﬁne, or with both. COMMENT— Assault or obstruction of public servant.—The last section punished disobedience to the order of a public servant commanding an assembly to disperse. This section punishes more severely persons who assault a public servant endeavouring to disperse an unlawful assembly. It is intended to prevent the use of force on a public servant in order to prevent him from discharging his duty. THE INDIAN PENAL CODE CHAPTER VIII OF OFFENCES AGAINST THE PUBLIC TRANQUILLITY The offences in this chapter may be classiﬁed in the following four groups:— I. Unlawful assembly. (1) Being a member of an unlawful assembly (sections 141, 142, 143). (2) Joining an unlawful assembly armed"
IPC_1860,153,"[s 153] Wantonly giving provocation with intent to cause riot—. Whoever malignantly,1 or wantonly,2 by doing anything which is illegal, gives provocation to any person intending or knowing it to be likely that such provocation will cause the offence of rioting to be committed, shall, if the offence of rioting be committed in consequence of such provocation, be punished with imprisonment of either description for a term which may extend to one year, or with ﬁne, or with both; if rioting be committed;if not committed. and if the offence of rioting be not committed, with imprisonment of either description for a term which may extend to six months, or with ﬁne, or with both. COMMENT— Provocation for rioting.—A person, who maliciously or recklessly gives provocation to another by doing an illegal act knowing that such provocation will incite the other to rioting, is punishable under this section. The offence under this section involves some act of origination of a riot by doing an illegal act infuriating to the feelings of those who ultimately come to riot. The expression ""gives provocation"" connotes such idea. This section is intended to apply to such provocative words or acts as do no"
IPC_1860,154,"[s 154] Owner or occupier of land on which an unlawful assembly is held. Whenever any unlawful assembly or riot takes place, the owner or occupier of the land upon which such unlawful assembly is held, or such riot is committed, and any person having or claiming an interest in such land, shall be punishable with ﬁne not exceeding one thousand rupees, if he or his agent or manager, knowing that such offence is being or has been committed, or having reason to believe it is likely to be committed, do not give the earliest notice thereof in his or their power to the principal oﬃcer at the nearest police-station, and do not, in the case of his or their having reason to believe that it was about to be committed, use all lawful means in his or their power to prevent it, and, in the event of its taking place, do not use all lawful means in his or their power to disperse or suppress the riot or unlawful assembly. 212.  M&M 128. 213.  Kazi Zeamuddin Ahmed, (1901) 28 Cal 504 ; Payag Singh, (1890) 12 All 550 . 214.  Rule 252, Bengal Police Regulations, vol I 1943, p 108. 215.  MK Ibrahim, 1979 Cr LJ 175 (Kant); Indu Bhushan v State, 1995 Cr LJ 1180 (Cal). COMMENT— Liability of owner or occupie"
IPC_1860,155,"[s 155] Liability of person for whose beneﬁt riot is committed. Whenever a riot is committed for the beneﬁt or on behalf of any person who is the owner or occupier of any land, respecting which such riot takes place or who claims any interest in such land, or in the subject of any dispute which gave rise to the riot, or who has accepted or derived any beneﬁt therefrom, such person shall be punishable with ﬁne, if he or his agent or manager, having reason to believe that such riot was likely to be committed or that the unlawful assembly by which such riot was committed was likely to be held, shall not respectively use all lawful means in his or their power to prevent such assembly or riot from taking place, and for suppressing and dispersing the same. COMMENT— Liability of beneﬁciary of riot.—Under the preceding section the owner of land is punishable for the taking place of an unlawful assembly or riot on his land. This section requires that the unlawful assembly or riot should take place in the interest of the owner or any person claiming interest in the land. The section, therefore, imposes unlimited ﬁne. The preceding section refers to an unlawful assembly, as well as a riot; th"
IPC_1860,156,"[s 156] Liability of agent of owner or occupier for whose beneﬁt riot is committed. Whenever a riot is committed for the beneﬁt or on behalf of any person who is the owner or occupier of any land respecting which such riot takes place, or who claims any interest in such land, or in the subject of any dispute which gave rise to the riot, or who has accepted or derived any beneﬁt therefrom, the agent or manager of such person shall be punishable with ﬁne, if such agent or manager, having reason to believe that such riot was likely to be committed, or that the unlawful assembly by which such riot was committed was likely to be held, shall not use all lawful means in his power to prevent such riot or assembly from taking place and for suppressing and dispersing the same. COMMENT— The provisions of the last two sections are made applicable by this section to the agent or manager of the owner or occupier of land. THE INDIAN PENAL CODE CHAPTER VIII OF OFFENCES AGAINST THE PUBLIC TRANQUILLITY The offences in this chapter may be classiﬁed in the following four groups:— I. Unlawful assembly. (1) Being a member of an unlawful assembly (sections 141, 142, 143). (2) Joining an unlawful assembly"
IPC_1860,157,"[s 157] Harbouring persons hired for an unlawful assembly. Whoever harbours, receives or assembles, in any house or premises in his occupation or charge, or under his control any persons, knowing that such persons have been hired, engaged, or employed, or are about to be hired, engaged, or employed, to join or become members of an unlawful assembly, shall be punished with imprisonment of either description for a term which may extend to six months, or with ﬁne, or with both. COMMENT— Harbouring hired persons.—Section 150 makes the hiring of persons to join an unlawful assembly punishable, whereas this section makes punishable the harbouring 216.  Radharaman Shaha, (1931) 58 Cal 1401 . of such hired persons. It has a wider application. The section clearly refers to some unlawful assembly in the future and provides for an occurrence which may happen, not which has happened. An act of harbouring a person, with the knowledge that, in some time past, he had joined or was likely to have been a member of an unlawful assembly, is not an offence under this section.216. THE INDIAN PENAL CODE CHAPTER VIII OF OFFENCES AGAINST THE PUBLIC TRANQUILLITY The offences in this chapter may be classiﬁe"
IPC_1860,158,"[s 158] Being hired to take part in an unlawful assembly or riot;. Whoever is engaged, or hired, or offers or attempts to be hired or engaged, to do or assist in doing any of the acts speciﬁed in section 141, shall be punished with imprisonment of either description for a term which may extend to six months, or with ﬁne, or with both, or to go armed. and whoever, being so engaged or hired as aforesaid, goes armed, or engages or offers to go armed, with any deadly weapon or with anything which used as a weapon of offence is likely to cause death, shall be punished with imprisonment of either description for a term which may extend to two years, or with ﬁne, or with both. COMMENT— This section is intended to punish those persons who hire themselves out as members of an unlawful assembly or assist any such members. It is divided into to two parts. Higher penalty is awarded where the accused is armed with a deadly weapon. THE INDIAN PENAL CODE CHAPTER VIII OF OFFENCES AGAINST THE PUBLIC TRANQUILLITY The offences in this chapter may be classiﬁed in the following four groups:— I. Unlawful assembly. (1) Being a member of an unlawful assembly (sections 141, 142, 143). (2) Joining an unlawf"
IPC_1860,159,"[s 159] Affray. When two or more persons1, by ﬁghting in a public place, 2 disturb the public peace,3 they are said to ""commit an affray"". COMMENT— The offence of affray in essence consists of the following ingredients— (a) ﬁghting by two or more persons, (b) the ﬁghting must take place in a public place 217.  Gadadhar Guru v State of Orissa, 1989 Cr LJ 2080. (c) such ﬁghting must also result in disturbance of the public peace. Only if such ingredients are satisﬁed, an offence of affray can be said to have occasioned for which the persons causing the same would be responsible. In a prosecution under section 159, IPC, 1860, there must be positive evidence of public peace having been disturbed which would mean that, by the action of the accused the even tempo of life of the public was disturbed resulting in affecting the peace and tranquillity of the locality.217. THE INDIAN PENAL CODE CHAPTER VIII OF OFFENCES AGAINST THE PUBLIC TRANQUILLITY The offences in this chapter may be classiﬁed in the following four groups:— I. Unlawful assembly. (1) Being a member of an unlawful assembly (sections 141, 142, 143). (2) Joining an unlawful assembly armed with deadly weapons (section 144). (3) "
IPC_1860,160,"[s 160] Punishment for committing affray. Whoever commits an affray, shall be punished with imprisonment of either description for a term which may extend to one month, or with ﬁne which may extend to one hundred rupees, or with both. COMMENT— Affray.—The word 'affray' is derived from the French word affraier, to terrify, and in a legal sense it is taken for a public offence to the terror of the people. The essence of the offence consists in the terror it is likely to cause to the public. The Criminal Procedure Code, 1973 has now made it a cognizable offence. [s 160.1] Ingredients.— This section requires three things— 1. Two or more persons must ﬁght. 2. They must ﬁght in a public place. 3. They must disturb the public peace. The ﬁrst basic ingredient of section 159, IPC, 1860, is ﬁghting between two or more persons. The next ingredient is that the ﬁghting should have been in public place and the last ingredient is that the ﬁghting should have disturbed public peace.218. 1. 'Two or more persons'.—An affray requires two persons at the least. An unlawful assembly requires ﬁve. The offence of Affray is a ﬁght, i.e., a bilateral act, in which two parties participate and it will not amo"
IPC_1860,166,"[s 166] Public servant, disobeying law, with intent to cause injury to any person. Whoever, being a public servant, knowingly disobeys any direction of the law as to the way in which he is to conduct himself as such public servant, intending to cause, or knowing it to be likely that he will, by such disobedience, cause injury to any person, shall be punished with simple imprisonment for a term which may extend to one year, or with ﬁne, or with both. ILLUSTRATION A, being an oﬃcer directed by law to take property in execution, in order to satisfy a decree pronounced in Z's favour by a Court of Justice, knowingly disobeys that direction of law, with the knowledge that he is likely thereby to cause injury to Z. A has committed the offence deﬁned in this section. COMMENT— Disobedience of law by public servant.—The offence under this section consists in a wilful departure from the direction of the law, intending to cause injury to any person. Mere breach of departmental rules will not bring a public servant within the purview of this section. 1.  K K Patel v State of Gujarat, AIR 2000 SC 3346 [LNIND 2000 SC 889] : 2000 Cr LJ 4592 : JT 2000 (7) SC 246 [LNIND 2000 SC 889] : (2000) 6 SCC 1"
IPC_1860,167,"[s 167] Public servant framing an incorrect document with intent to cause injury. Whoever, being a public servant, and being, as 7.[such public servant, charged with the preparation or translation of any document or electronic record, frames, prepares or translates that document or electronic record] in a manner which he knows or believes to be incorrect, intending thereby to cause or knowing it to be likely that he may thereby cause injury to any person, shall be punished with imprisonment of either description for a term which may extend to three years, or with ﬁne, or with both. COMMENT— The preceding section deals generally with the disobedience of any direction of law; this section deals with a speciﬁc instance, viz., that of framing an incorrect document with intent to cause injury. It is similar to section 218, which deals also with cases of framing incorrect record or writing with intent to save person from punishment or property from forfeiture, whereas section 167 deals with cases of framing incorrect document only with intent to cause injury. In a case, the allegation that the accused, who is a Deputy Superintendent of Police, suppressed the statement recorded under sect"
IPC_1860,168,"[s 168] Public servant unlawfully engaging in trade. Whoever, being a public servant, and being legally bound as such public servant not to engage in trade, engages in trade, shall be punished with simple imprisonment for a term which may extend to one year, or with ﬁne, or with both. COMMENT— Public servant engaging in trade.—This section punishes those public servants who are legally bound not to engage in trade. If public servants were allowed to trade they would fail to perform their duties with undivided attention. Being in oﬃcial position they could easily obtain unfair advantages over other traders. The word 'trade' covers every kind of trade, business, profession, or occupation.9. This proposition of law no longer seems to be correct in view of the Supreme Court's decision in Mahesh Kumar Dhirajlal's case10. wherein their Lordships held that trade in its narrow sense means ""exchange of goods for goods or for money with the object of making proﬁt"" and in its widest sense means ""any business with a view to earn proﬁt"". Thus, where a tracer in the oﬃce of Sub-divisional Soil Conservation Oﬃcer took earned leave and during that period of leave obtained training as an Electrical"
IPC_1860,169,"[s 169] Public servant unlawfully buying or bidding for property. Whoever, being a public servant, and being legally bound as such public servant, not to purchase or bid for certain property, purchases or bids for that property, either in his own name or in the name of another, or jointly, or in shares with others, shall be punished with simple imprisonment for a term which may extend to two years, or with ﬁne, or with both; and the property, if purchased, shall be conﬁscated. COMMENT— Buying or holding property.—This section is merely an extension of the principle enunciated in the last section. It prohibits a public servant from purchasing or bidding for property which he is legally bound not to purchase. It is necessary that there should be some statutory law or rules or regulations framed under the law and not merely some administrative instructions or guidelines prohibiting public servants from purchasing certain property. In this case, a Code of Conduct was issued by the State Government in the exercise of its executive power under Article 162 of the Constitution under which Ministers were prohibited from buying Government properties. There were no mandatory terms providing f"
IPC_1860,170,"[s 170] Personating a public servant. Whoever pretends to hold any particular oﬃce as a public servant,1 knowing that he does not hold such oﬃce or falsely personates any other person holding such oﬃce, and in such assumed character does or attempts to do any act 2 under colour of such oﬃce,3 shall be punished with imprisonment of either description for a term which may extend to two years, or with ﬁne, or with both. [s 170.1] Ingredients.— The section requires two things— 1. A person (a) pretending to hold a particular oﬃce as a public servant, knowing that he does not hold such oﬃce, or (b) falsely personating any other person holding such oﬃce. 2. Such person in such assumed character must do or attempt to do an act under colour of such oﬃce. COMMENT— 16.  Aziz-ud-din v State, (1904) All 294 . Personating public servant.—Mere personation is not an offence under this section. The person personating must do or attempt to do some act under colour of the oﬃce of the public servant whom he personates. Section 140 punishes the person who wears the garb or carries the token used by a soldier. This section punishes a person who does any act in the assumed character of a public servant. "
IPC_1860,171,"[s 171] Wearing garb or carrying token used by public servant with fraudulent intent. Whoever, not belonging to a certain class of public servants, wears any garb or carries any token resembling any garb or token used by that class of public servants, with the intention that it may be believed, or with the knowledge that it is likely to be believed, that he belongs to that class of public servants, shall be punished with imprisonment of either description for a term which may extend to three months, or with ﬁne which may extend to two hundred rupees, or with both. COMMENT— Wearing garb or token of public servant.—Under this section the offence is complete, although no act is done or attempted in the assumed oﬃcial character. The mere circumstance of wearing a garb, or carrying a token, with the intention or knowledge supposed, is suﬃcient. It is not necessary that something should pass in words. If any act is done then the preceding section will apply. Under section 140 IPC, 1860, wearing the garb or carrying the token of a soldier is made punishable. THE INDIAN PENAL CODE 1.[CHAPTER IX-A OF OFFENCES RELATING TO ELECTIONS [s 171A] ""Candidate"", ""Electoral right"", deﬁned. For the pur"
IPC_1860,172,"[s 172] Absconding to avoid service of summons or other proceeding. Whoever absconds1 in order to avoid being served with a summons, notice or order,2 proceeding from any public servant, legally competent, as such public servant, to issue such summons, notice or order, shall be punished with simple imprisonment for a term which may extend to one month, or with ﬁne which may extend to ﬁve hundred rupees, or with both; or, if the summons or notice or order is to attend in person or by agent, or to 1. [produce a document or an electronic record in a Court of Justice], with simple imprisonment for a term which may extend to six months, or with ﬁne which may extend to one thousand rupees, or with both. COMMENT.— Absconding to avoid summons.—Absconding to avoid service of summons or other proceeding is similar to non-attendance in obedience to an order from a public servant. The object of this section is to punish an offender for the contempt his conduct indicates of the authority whose process he disregards. The second clause applies where the summons or notice or order is (1) for attendance in Court; or (2) for production of a document. 1. 'Absconds'.—This term is not to be understood "
IPC_1860,173,"[s 173] Preventing service of summons or other proceeding, or preventing publication thereof. Whoever in any manner intentionally prevents the serving on himself, or on any other person, of any summons, notice or order proceeding from any public servant legally competent, as such public servant, to issue such summons, notice or order, or intentionally prevents the lawful aﬃxing to any place of any such summons, notice or order, or intentionally removes any such summons, notice or order from any place to which it is lawfully aﬃxed, or intentionally prevents the lawful making of any proclamation, under the authority of any public servant legally competent, as such public servant, to direct such proclamation to be made, shall be punished with simple imprisonment for a term which may extend to one month, or with ﬁne which may extend to ﬁve hundred rupees, or with both; or, if the summons, notice, order or proclamation is to attend in person or by agent, or 6.[to produce a document or electronic record in a Court of Justice], with simple imprisonment for a term which may extend to six months, or with ﬁne which may extend to one thousand rupees, or with both. COMMENT.— Preventing service"
IPC_1860,174,"[s 174] Non-attendance in obedience to an order from public servant. Whoever, being legally bound to attend in person or by an agent at a certain place and time in obedience to a summons, notice, order or proclamation proceeding from any public servant legally competent, as such public servant, to issue the same, intentionally omits to attend at that place or time, or departs from the place where he is bound to attend before the time at which it is lawful for him to depart, shall be punished with simple imprisonment for a term which may extend to one month, or with ﬁne which may extend to ﬁve hundred rupees, or with both, or, if the summons, notice, order or proclamation is to attend in person or by agent in a Court of Justice, with simple imprisonment for a term which may extend to six months, or with ﬁne which may extend to one thousand rupees, or with both. ILLUSTRATIONS (a) A, being legally bound to appear before the 12.[High Court] at Calcutta, in obedience to a subpoena issuing from that Court, intentionally omits to appear. A has committed the offence deﬁned in this section. (b) A, being legally bound to appear before a 13.[District Judge] as a witness, in obedience to a sum"
IPC_1860,175,"[s 175] Omission to produce 28.[document or electric record] to public servant by person legally bound to produce it. Whoever, being legally bound to produce or deliver up any 29.[document or electronic record] of any public servant, as such, intentionally omits so to produce or deliver up the same, shall be punished with simple imprisonment for a term which may extend to one month, or with ﬁne which may extend to ﬁve hundred rupees, or with both, or, if the 30.[document or electronic record] is to be produced or delivered up to a Court of Justice, with simple imprisonment for a term which may extend to six months, or with ﬁne which may extend to one thousand rupees, or with both. ILLUSTRATION A, being legally bound to produce a document before a 31.[District Court], intentionally omits to produce the same. A has committed the offence deﬁned in this section. 28.  Subs. by Act 21 of 2000, section 91 and Sch. I, for ""document"" (w.e.f. 17-10-2000). 29.  Subs. by Act 21 of 2000, section 91 and Sch. I, for ""document"" (w.e.f. 17-10-2000). 30.  Subs. by Act 21 of 2000, section 91 and Sch. I, for ""document"" (w.e.f. 17-10-2000). 31.  Subs. by the A.O. 1950, for ""Zila Court"". 32.  Arun Paswa"
IPC_1860,176,"[s 176] Omission to give notice or information to public servant by person legally bound to give it. Whoever, being legally bound to give any notice or to furnish information on any subject to any public servant, as such, intentionally omits to give such notice or to furnish such information in the manner and at the time required by law, shall be punished with simple imprisonment for a term which may extend to one month, or with ﬁne which may extend to ﬁve hundred rupees, or with both; or, if the notice or information required to be given respects the commission of an offence, or is required for the purpose of preventing the commission of an offence, or in order to the apprehension of an offender, with simple imprisonment for a term which may extend to six months, or with ﬁne which may extend to one thousand rupees, or with both; 33.[or, if the notice or information required to be given is required by an order passed under sub-section (1) of section 565 (now 356) of the Code of Criminal Procedure, 1898 (now 1973)34. with imprisonment of either description for a term which may extend to six months, or with ﬁne which may extend to one thousand rupees, or with both.] COMMENT.— Omissio"
IPC_1860,177,"[s 177] Furnishing false information. Whoever, being legally bound to furnish information on any subject to any public servant, as such, furnishes, as true, information on the subject which he knows or has reason to believe to be false, shall be punished with simple imprisonment for a term which may extend to six months, or with ﬁne which may extend to one thousand rupees, or with both; or, if the information which he is legally bound to give respects the commission of an offence, or is required for the purpose of preventing the commission of an offence, or in order to the apprehension of an offender, with imprisonment of either description for a term which may extend to two years, or with ﬁne, or with both. ILLUSTRATIONS (a) A, a landholder, knowing of the commission of a murder within the limits of his estate, wilfully misinforms the Magistrate of the district that the death has occurred by accident in consequence of the bite of a snake. A is guilty of the offence deﬁned in this section. (b) A, a village watchman, knowing that a considerable body of strangers has passed through his village in order to commit a dacoity in the house of Z, a wealthy merchant residing in a neighbouri"
IPC_1860,178,"[s 178] Refusing oath or aﬃrmation when duly required by public servant to make it. Whoever refuses to bind himself by an oath 50.[or aﬃrmation] to state the truth, when required so to bind himself by a public servant legally competent to require that he shall so bind himself, shall be punished with simple imprisonment for a term which may extend to six months, or with ﬁne which may extend to one thousand rupees, or with both. 50.  Ins. by Act 10 of 1873, section 15. 51.  Kiran Bedi and Inder Singh v Committee of Inquiry, AIR 1989 SC 714 [LNIND 1989 SC 833] : 1989 Cr LJ 903 : (1989) 1 SCR 20 [LNIND 1989 SC 833] : (1989) 1 SCC 494 [LNIND 1989 SC 10] . COMMENT.— Refusal to take oath.—The refusal to take an oath amounts to contempt of Court. The person refusing may be dealt with under section 345 of the Cr PC, 1973 summarily or the Court may proceed under section 195 of the same Code. The penalty of this section would not be attracted where the refusal to take oath is justiﬁable. This observation of the Supreme Court occurs in Kiran Bedi and Inder Singh v Committee of Inquiry.51. The justiﬁcation available to the police-oﬃcers in question was that they were sought to be cross-examined"
IPC_1860,179,"[s 179] Refusing to answer public servant authorised to question. Whoever, being legally bound to state the truth on any subject to any public servant, refuses to answer any question demanded of him touching that subject by such public servant in the exercise of the legal powers of such public servant, shall be punished with simple imprisonment for a term which may extend to six months, or with ﬁne which may extend to one thousand rupees, or with both. COMMENT.— Refusing to answer questions.—The offence under this section consists in the refusal to answer a question which is relevant to the subject concerning which the public servant is authorised to inquire, or which at least touches that subject. Under sections 121–132 of the Indian Evidence Act a witness is exempted from answering certain questions. If a person gives false answers, then he will be guilty under section 193 and not under this section. Refusing to answer the question of a police-oﬃcer investigating a case under section 161 of the Criminal Procedure Code is not an offence under this section.52. This section also applies to the accused as the words used in section 161(1) Cr PC, 1973, are ""any person acquainted with f"
IPC_1860,180,"[s 180] Refusing to sign statement. Whoever refuses to sign any statement made by him, when required to sign that statement by a public servant legally competent to require that he shall sign that statement, shall be punished with simple imprisonment for a term which may extend to three months, or with ﬁne which may extend to ﬁve hundred rupees, or with both. 57.  Basavaraj Shivarudrappa Sirsi v State of Karnataka, 2011 Cr LJ 4809 (Kar). 58.  Durga Prasad, and BC Saxena, Supra. 59.  Basavaraj Shivarudrappa Sirsi v State of Karnataka 2011 Cr LJ 4809 (Kar). COMMENT— The essential ingredients to constitute the offence under this Section are:— (i) The accused made a statement before a public servant. (ii) The accused was required by public servant to sign such statement. (iii) Public servant was legally empowered or competent to require the accused to sign that statement, and (iv) That the accused refused to sign statement.57. [s 180.1] Refusal to sign.— The statement must be such a one as the accused can be legally required to sign, e.g., a statement recorded under the provisions of sections 164 and 281(5) of the Cr PC, 1973 or a statement under sections 8 and 9 of the Railway Propert"
IPC_1860,181,"[s 181] False statement on oath or aﬃrmation to public servant or person authorised to administer an oath or aﬃrmation. Whoever, being legally bound by an oath 60.[or aﬃrmation] to state the truth on any subject to any public servant or other person authorized by law to administer such oath 61.[or aﬃrmation], makes, to such public servant or other person as aforesaid, touching the subject, any statement which is false, and which he either knows or believes to be false or does not believe to be true, shall be punished with imprisonment of either description for a term which may extend to three years, and shall also be liable to ﬁne. 60.  Ins. by Act 10 of 1873, section 15. COMMENT.— False statement on oath.—This section should be compared with section 191. Under it a false statement to any public servant, or other person, authorised to administer oath or aﬃrmation, is punishable.62. It does not apply where the public servant administers the oath in a case wholly beyond his jurisdiction63. or where he is not competent to make a statement on solemn aﬃrmation.64. [s 181.1] Failure to administer oath.— In view of sections 4 and 5 of the Oaths Act, 1969, it is always desirable to adminis"
IPC_1860,182,"[s 182] False information, with intent to cause public servant to use his lawful power to the injury of another person. Whoever gives to any public servant any information 1 which he knows or believes to be false, intending thereby to cause, or knowing it to be likely that he will thereby cause, such public servant— (a) to do or omit anything2 which such public servant ought not to do or omit if the true state of facts respecting which such information is given were known by him, or (b) to use the lawful power of such public servant to the injury or annoyance of any person, shall be punished with imprisonment of either description for a term which may extend to six months, or with ﬁne which may extend to one thousand rupees, or with both.] ILLUSTRATIONS (a) A informs a Magistrate that Z, a police-oﬃcer, subordinate to such Magistrate, has been guilty of neglect of duty or misconduct, knowing such information to be false, and knowing it to be likely that the information will cause the Magistrate to dismiss Z. A has committed the offence deﬁned in this section. (b) A falsely informs a public servant that Z has contraband salt in a secret place, knowing such information to be false, a"
IPC_1860,183,"[s 183] Resistance to the taking of property by the lawful authority of a public servant. Whoever offers any resistance to the taking of any property by the lawful authority of any public servant, knowing or having reason to believe that he is such public servant, shall be punished with imprisonment of either description for a term which may extend to six months, or with ﬁne which may extend to one thousand rupees, or with both. COMMENT— This section makes it penal to offer resistance to the taking of property by the lawful authority of any public servant. The Bombay High Court has held that there are no words in the section as there are in section 99, extending the operation of the section to acts which are not strictly justiﬁable by law. Resistance to an act of a public oﬃcer acting bona ﬁde though in excess of his authority may give rise to some charge in the nature of assault, but it cannot afford any foundation for a prosecution under this section.90. The Madras High Court is of opinion that this section should be read in conjunction with section 99. Taking the two together, if an oﬃcer acts in good faith under colour of his oﬃce the mere circumstance that his ""act may not be "
IPC_1860,184,"[s 184] Obstructing sale of property offered for sale by authority of public servant. Whoever intentionally obstructs any sale of property offered for sale by the lawful authority of any public servant, as such, shall be punished with imprisonment of either description for a term which may extend to one month, or with ﬁne which may extend to ﬁve hundred rupees, or with both. 97.  Provincial Govt. CP & Berar v Balaram, (1939) Nag 139. COMMENT— This section punishes intentional obstruction of the sale of any property conducted under the lawful authority of a public servant. No physical obstruction is necessary. Use of abusive language by a person at an auction-sale conducted by a public servant makes him liable to be convicted of an offence under this section.97. THE INDIAN PENAL CODE CHAPTER X OF CONTEMPTS OF THE LAWFUL AUTHORITY OF PUBLIC SERVANTS This Chapter contains penal provisions intended to enforce obedience to the lawful authority of public servants. Contempt of the lawful authority of Courts of Justice, of Oﬃcers of Revenue, Oﬃcers of Police, and other public servants are punishable under this head."
IPC_1860,185,"[s 185] Illegal purchase or bid for property offered for sale by authority of public servant. Whoever, at any sale of property1 held by the lawful authority of a public servant, as such, purchases or bids for any property on account of any person, whether himself or any other, whom he knows to be under a legal incapacity to purchase that property at that sale, or bids for such property not intending to perform the obligations under which he lays himself by such bidding, shall be punished with imprisonment of either description for a term which may extend to one month, or with ﬁne which may extend to two hundred rupees, or with both. 98.  2nd Rep., section 110. 99.  Bishan Prasad, (1914) 37 All 128 . COMMENT— This section makes it penal to bid at a public sale of property on account of a party who is under a legal incapacity to purchase it, or to bid for it not intending to complete the purchase or as it is expressed to perform the obligations under which the bidder lays himself by such ""bidding"".98. 1. 'Property'.—This word is used in its wide sense. The right to sell drugs is a monopoly granted for a certain area and comes within the deﬁnition of property. A person who bids at an "
IPC_1860,186,"[s 186] Obstructing public servant in discharge of public functions. Whoever voluntarily obstructs any public servant in the discharge of his public functions, shall be punished with imprisonment of either description for a term which may extend to three months, or with ﬁne which may extend to ﬁve hundred rupees, or with both. State Amendment Andhra Pradesh.— Offence under section 186 is cognizable. [Vide A.P.G.O. Ms. No. 732, dated 5th December, 1991]. COMMENT— This section provides for voluntarily obstructing a public servant in the discharge of his duties. It must be shown that the obstruction or resistance was offered to a public servant in the discharge of his duties or public functions as authorised by law. The mere fact of a public servant believing that he was acting in the discharge of his duties will not be suﬃcient to make resistance or obstruction to him amount to an offence.100. If the public servant is acting in good faith under colour of his oﬃce there is no right of private defence against his act.101. The word ""obstruction"" connotes some overt act in the nature of violence or show of violence.102. To constitute ""obstruction"", it is not necessary that there should b"
IPC_1860,187,"[s 187] Omission to assist public servant when bound by law to give assistance. Whoever, being bound by law to render or furnish assistance to any public servant in the execution of his public duty, intentionally omits to give such assistance, shall be punished with simple imprisonment for a term which may extend to one month, or with ﬁne which may extend to two hundred rupees, or with both; and if such assistance be demanded of him by a public servant legally competent to make such demand for the purposes of executing any process lawfully issued by a Court of Justice, or of preventing the commission of an offence, or of suppressing a riot, or affray, or of apprehending a person charged with or guilty of an offence, or of having escaped from lawful custody, shall be punished with simple imprisonment for a term which may extend to six months, or with ﬁne which may extend to ﬁve hundred rupees, or with both. COMMENT— This section provides, ﬁrst in general terms for the punishment when a person, being bound by law to render assistance to a public servant in the execution of his public duty, intentionally omits to assist; and second, for the punishment when the assistance is demanded f"
IPC_1860,188,"[s 188] Disobedience to order duly promulgated by public servant. Whoever, knowing that, by an order promulgated by a public servant lawfully empowered to promulgate such order, he is directed to abstain from a certain act, or to take certain order with certain property in his possession or under his management, disobeys such direction, shall, if such disobedience causes or tends to cause obstruction, annoyance or injury, or risk of obstruction, annoyance or injury, to any person lawfully employed, be punished with simple imprisonment for a term which may extend to one month or with ﬁne which may extend to two hundred rupees, or with both; and if such disobedience causes or tends to cause danger to human life, health or safety, or causes or tends to cause a riot or affray, shall be punished with imprisonment of either description for a term which may extend to six months, or with ﬁne which may extend to one thousand rupees, or with both. Explanation.—It is not necessary that the offender should intend to produce harm, or contemplate his disobedience as likely to produce harm. It is suﬃcient that he knows of the order which he disobeys, and that his disobedience produces, or is like"
IPC_1860,189,"[s 189] Threat of injury to public servant. Whoever holds out any threat of injury to any public servant, or to any person in whom he believes that public servant to be interested, for the purpose of inducing that public servant to do any act, or to forbear or delay to do any act, connected with the exercise of the public functions of such public servant, shall be punished with imprisonment of either description for a term which may extend to two years, or with ﬁne, or with both. State Amendment Andhra Pradesh.— In Andhra Pradesh offence under section 189 is cognizable. [Vide A.P.G.O. Ms. No. 732, dated 5th December, 1991]. COMMENT— Under this section there must be a threat of injury either to the public servant or to any one in whom the accused believes the public servant to be interested. What the section deals with are menaces which would have a tendency to induce the public servant to alter his action. See section 503 which deﬁnes criminal intimidation and applies in all cases. This section deals with criminal intimidation of a public servant. Threats of violence to a public servant who accepted bribe money but did not do the promised work are not covered by this section. A pub"
IPC_1860,190,"[s 190] Threat of injury to induce person to refrain from applying for protection to public servant. Whoever holds out any threat of injury to any person for the purpose of inducing that person to refrain or desist from making a legal application for protection against any injury to any public servant legally empowered as such to give such protection, or to cause such protection to be given, shall be punished with imprisonment of either description for a term which may extend to one year, or with ﬁne, or with both. State Amendment Andhra Pradesh.—Offence under section 190 is cognizable. [Vide A.P.G.O. Ms. No. 732, dated 5th December, 1991]. COMMENT— The object of this section is to prevent persons from terrorising others with a view to deter them from seeking the protection of public servants against any injury. Where a clergyman, knowing that a civil suit was pending against a person for the possession of certain church property, excommunicated him for withholding it, it was held that the clergyman had committed no offence under this section. By a notiﬁcation under section 10(1) of the Criminal Law Amendment Act, 1932 the State Government can make this offence a cognizable one for"
IPC_1860,191,"[s 191] Giving false evidence. Whoever, being legally bound by an oath or by an express provision of law to state the truth, or being bound by law to make a declaration upon any subject,1 makes any statement which is false,2. and which he either knows or believes to be false or does not believe to be true,3. is said to give false evidence. Explanation 1.—A statement is within the meaning of this section, whether it is made verbally or otherwise. Explanation 2.—A false statement as to the belief of the person attesting is within the meaning of this section, and a person may be guilty of giving false evidence by stating that he believes a thing which he does not believe, as well as by stating that he knows a thing which he does not know. ILLUSTRATIONS (a) A, in support of a just claim which B has against Z for one thousand rupees, falsely swears on a trial that he heard Z admit the justice of B's claim. A has given false evidence. (b) A, being bound by an oath to state the truth, states that he believes a certain signature to be the handwriting of Z, when he does not believe it to be the handwriting of Z. Here A states that which he knows to be false, and therefore gives false eviden"
IPC_1860,192,"[s 192] Fabricating false evidence. Whoever causes any circumstance to exist or 42.[makes any false entry in any book or record or electronic record or makes any document or electronic record containing a false statement], intending that such circumstance, false entry or false statement may appear in evidence in a judicial proceeding,1 or in a proceeding taken by law before a public servant2 as such, or before an arbitrator, and that such circumstance, false entry or false statement so appearing in evidence, may cause any person who in such proceeding is to form an opinion upon the evidence, to entertain an erroneous opinion touching any point material3 to the result of such proceeding, is said ""to fabricate4 false evidence"". ILLUSTRATIONS (a) A, puts jewels into a box belonging to Z, with the intention that they may be found in that box, and that this circumstance may cause Z to be convicted of theft. A has fabricated false evidence. (b) A makes a false entry in his shop-book for the purpose of using it as corroborative evidence in a Court of Justice. A has fabricated false evidence. (c) A, with the intention of causing Z to be convicted of a criminal conspiracy, writes a letter i"
IPC_1860,193,"[s 193] Punishment for false evidence. Whoever intentionally gives false evidence in any stage of a judicial proceeding, or fabricates false evidence for the purpose of being used in any stage of a judicial proceeding,1 shall be punished with imprisonment of either description for a term which may extend to seven years, and shall also be liable to ﬁne, and whoever intentionally gives or fabricates false evidence in any other case,2 shall be punished with imprisonment of either description for a term which may extend to three years, and shall also be liable to ﬁne. Explanation 1.—A trial before a Court-martial; 67. [***] is a judicial proceeding. Explanation 2.—An investigation directed by law preliminary to a proceeding before a Court of Justice, is a stage of a judicial proceeding, though that investigation may not take place before a Court of Justice. ILLUSTRATION A, in an enquiry before a Magistrate for the purpose of ascertaining whether Z ought to be committed for trial, makes on oath a statement which he knows to be false. As this enquiry is a stage of a judicial proceeding, A has given false evidence. Explanation 3.—An investigation directed by a Court of Justice according t"
IPC_1860,194,"[s 194] Giving or fabricating false evidence with intent to procure conviction of capital offence. Whoever gives or fabricates false evidence, intending thereby to cause, or knowing it to be likely that he will thereby cause, any person to be convicted of an offence which is capital 96.[by the law for the time being in force in 97.[India]] shall be punished with 98.[imprisonment for life], or with rigorous imprisonment for a term which may extend to ten years, and shall also be liable to ﬁne; if innocent person be thereby convicted and executed. and if an innocent person be convicted and executed in consequence of such false evidence, the person who gives such false evidence shall be punished either with death or the punishment hereinbefore described. COMMENT.— This is an aggravated form of the offence of giving or fabricating false evidence made punishable by section 193. 1.  S Palani Velayutham v District Collector Tirunvelveli TN, (2010) 1 SCC (Cr) 401 : (2009) 10 SCC 664 [LNIND 2009 SC 1659] : (2009) 12 SCR 1215 [LNIND 2009 SC 1659] . 96.  Subs. by the A.O. 1948, for ""by the law of British India or England"". 97.  Subs. by Act 3 of 1951, section 3 and Sch, for ""the States"" (w.e."
IPC_1860,195,"[s 195] Giving or fabricating false evidence with intent to procure conviction of offence punishable with imprisonment for life or imprisonment. Whoever gives or fabricates false evidence intending thereby to cause, or knowing it to be likely that he will thereby cause, any person to be convicted of an offence which 102.[by the law for the time being in force in 103.[India]] is not capital, but punishable with 104.[imprisonment for life], or imprisonment for a term of seven years or upwards, shall be punished as a person convicted of that offence would be liable to be punished. ILLUSTRATION A gives false evidence before a Court of Justice, intending thereby to cause Z to be convicted of a dacoity. The punishment of dacoity is 105.[imprisonment for life], or rigorous imprisonment for a term which may extend to ten years, with or without ﬁne. A, therefore, is liable to 106.[imprisonment for life] or imprisonment, with or without ﬁne. COMMENT.— 1.  S Palani Velayutham v District Collector Tirunvelveli TN, (2010) 1 SCC (Cr) 401 : (2009) 10 SCC 664 [LNIND 2009 SC 1659] : (2009) 12 SCR 1215 [LNIND 2009 SC 1659] . 102.  Subs. by the A.O. 1948, for ""by the law of British India or England""."
IPC_1860,196,"[s 196] Using evidence known to be false. Whoever corruptly uses or attempts to use as true or genuine evidence any evidence which he knows to be false or fabricated, shall be punished in the same manner as if he gave or fabricated false evidence. COMMENT.— This section applies to those who make use of such evidence as is made punishable by sections 193, 194 and 195. It must be read with sections 191 and 192, and can only apply to the use of evidence which was false evidence within the meaning of section 191, or fabricated evidence within the deﬁnition laid down in section 192.118. Where an expert witness deposing on behalf of the defence claimed to be a diploma holder in criminology from the Imperial College of Science and Technology, London and it was found that the said claim was totally false and the diploma produced by him was a forged document, it was held he committed an offence in relation to Court proceedings under sections 193 and 196, IPC, 1860, and as such a Court complaint under section 195 (1)(b)(i), Cr PC, 1973, was necessary to prosecute him.119. 1.  S Palani Velayutham v District Collector Tirunvelveli TN, (2010) 1 SCC (Cr) 401 : (2009) 10 SCC 664 [LNIND 2009 SC 16"
IPC_1860,197,"[s 197] Issuing or signing false certiﬁcate. Whoever issues or signs any certiﬁcate required by law to be given or signed, or relating to any fact of which such certiﬁcate is by law admissible in evidence, knowing or believing that such certiﬁcate is false in any material point, shall be punished in the same manner as if he gave false evidence. COMMENT.— Several laws require a certiﬁcate of some matter to be given. The offence of certifying in any of these, knowing or believing that the certiﬁcate is false, is put on the same footing as the offence of giving false evidence. The certiﬁcate must, however, be false in a material point. The issuing or signing must be by the oﬃcer or person authorized to certify. [s 197.1] Ingredients.— The section has two essentials:— 1.  S Palani Velayutham v District Collector Tirunvelveli TN, (2010) 1 SCC (Cr) 401 : (2009) 10 SCC 664 [LNIND 2009 SC 1659] : (2009) 12 SCR 1215 [LNIND 2009 SC 1659] . 121.  Mangtu Ram v State of Rajasthan, 2003 Cr LJ 4733 (Raj). 122.  D Jothi v KP Kandasamy, 2000 Cr LJ 292 (Mad). 123.  Mahabir Thakur, (1916) 23 CLJ 423; Kumar Choudhari v State, (1936) 16 Pat 21; Prafulla Kumar Khara, (1942) 1 Cal 573 . A caste certiﬁcat"
IPC_1860,198,"[s 198] Using as true a certiﬁcate known to be false. Whoever corruptly uses or attempts to use any such certiﬁcate as a true certiﬁcate, knowing the same to be false in any material point, shall be punished in the same manner as if he gave false evidence. COMMENT.— This section is connected with section 197 just as section 196 is connected with sections 193, 194 and 195.125. Appellant used the duplicate certiﬁcate with changes, as a true certiﬁcate knowing it to be false in material particular and thereby got admission in Polytechnic. Therefore, there is no reason to interfere with the conviction. However, looking to the nature of the offence and the fact that the appellant's past and present records have been good and the fact that he has already lost his career and is now married, reduced the sentence to that already undergone.126. 1.  S Palani Velayutham v District Collector Tirunvelveli TN, (2010) 1 SCC (Cr) 401 : (2009) 10 SCC 664 [LNIND 2009 SC 1659] : (2009) 12 SCR 1215 [LNIND 2009 SC 1659] . 125.  Premlata v State of Rajasthan, 1998 Cr LJ 1430 (Raj), for notes on the case see under section 197. 126.  Tulsibhai Jivabhai Changani v State of Gujarat, (2001) 1 SCC 719 [LNIND 2"
IPC_1860,199,"[s 199] False statement made in declaration which is by law receivable as evidence. Whoever, in any declaration made or subscribed by him, which declaration any Court of Justice, or any public servant or other person, is bound or authorised by law to receive as evidence of any fact, makes any statement which is false, and which he either knows or believes to be false or does not believe to be true, touching any point material to the object for which the declaration is made or used, shall be punished in the same manner as if he gave false evidence. COMMENT.— This section makes the penalty attached to the offence of giving false evidence applicable to declarations which, although not compellable, have, on being made, the same effect as the compulsory declarations referred to in sections 51 and 191.127. Voluntary declarations are thus placed on the same level as compulsory declarations. The Supreme Court has said that the complaint for an offence under section 199, IPC, 1860, must make out the offence by singling out false averment in the complaint. Thus, where the allegation was that the accused had used a false aﬃdavit before the Rent 1.  S Palani Velayutham v District Collector Tir"
IPC_1860,200,"[s 200] Using as true such declaration knowing it to be false. Whoever corruptly uses or attempts to use as true any such declaration, knowing the same to be false in any material point, shall be punished in the same manner as if he gave false evidence. Explanation.—A declaration which is inadmissible merely upon the ground of some informality, is a declaration within the meaning of sections 199 to 200. COMMENT.— This section is connected with the last section just as section 198 is with section 197 or section 196 with sections 193, 194 and 195. The person who uses a false declaration is made liable as one who makes it. 1.  S Palani Velayutham v District Collector Tirunvelveli TN, (2010) 1 SCC (Cr) 401 : (2009) 10 SCC 664 [LNIND 2009 SC 1659] : (2009) 12 SCR 1215 [LNIND 2009 SC 1659] . THE INDIAN PENAL CODE CHAPTER XI OF FALSE EVIDENCE AND OFFENCES AGAINST PUBLIC JUSTICE Under the Indian Penal Code, 1860 offences relating to false evidence and offences against public justice are contained in Chapter XI. In relation to proceeding in any Court, the offences enumerated are: giving false evidence or fabricating false evidence (sections 191–193); giving or fabricating false evidence wit"
IPC_1860,201,"[s 201] Causing disappearance of evidence of offence, or giving false information to screen offender—. Whoever, knowing or having reason to believe that an offence has been committed,1 causes any evidence of the commission of that offence to disappear, with the intention of screening the offender2 from legal punishment, or with that intention gives any information respecting the offence which he knows or believes to be false; if a capital offence; shall, if the offence which he knows or believes to have been committed is punishable with death, be punished with imprisonment of either description for a term which may extend to seven years, and shall also be liable to ﬁne; if punishable with imprisonment for life; and if the offence is punishable with 132.[imprisonment for life], or with imprisonment which may extend to ten years, shall be punished with imprisonment of either description for a term which may extend to three years, and shall also be liable to ﬁne; if punishable with less than ten years' imprisonment. and if the offence is punishable with imprisonment for any term not extending to ten years, shall be punished with imprisonment of the description provided for the offence"
IPC_1860,202,"[s 202] Intentional omission to give information of offence by person bound to inform. Whoever, knowing or having reason to believe that an offence has been committed, intentionally omits to give any information respecting that offence which he is legally bound to give, shall be punished with imprisonment of either description for a term which may extend to six months, or with ﬁne, or with both. COMMENT.— This section punishes the illegal omission to give information of those who are by some law bound to give information, when such omission is intentional. It is similar to section 176. See sections 39 and 40, Criminal Procedure Code, as to the persons legally bound to give information. The word ""whoever"" in section 202, IPC, 1860, refers to persons other than the offender.185. Moreover to compel a criminal to incriminate himself would violate the spirit of Article 20(3) of the Constitution. Where the duty to inform arises ﬁrst and is not performed, the liability under this section would arise and it would be no defence that subsequent to the breach of duty there was involvement of the accused person in some crimes. The person who knew or had reason to believe that death was not nat"
IPC_1860,203,"[s 203] Giving false information respecting an offence committed. Whoever knowing or having reason to believe that an offence has been committed, gives any information respecting that offence which he knows or believes to be false, shall be punished with imprisonment of either description for a term which may extend to two years, or with ﬁne, or with both. 192.[Explanation.—In sections 201 and 202 and in this section the word ""offence"", includes any act committed at any place out of 193.[India], which, if committed in 194. [India], would be punishable under any of the following sections, namely, 302, 304, 382, 392, 393, 394, 395, 396, 397, 398, 399, 402, 435, 436, 449, 450, 457, 458, 459 and 460.] COMMENT.— The liability under this section attaches to anyone who gives false information whether he is legally bound to furnish such information or not. The object of the Legislature is to discourage and punish the giving of false information to the police concerning offences which are actually committed and which the person charged with knows, or 1.  S Palani Velayutham v District Collector Tirunvelveli TN, (2010) 1 SCC (Cr) 401 : (2009) 10 SCC 664 [LNIND 2009 SC 1659] : (2009) 12 SCR 1"
IPC_1860,204,"[s 204] Destruction of document to prevent its production as evidence. Whoever secretes or destroys any 200.[document or electronic record] which he may be lawfully compelled to produce as evidence in a Court of Justice, or in any proceeding lawfully held before a public servant, as such, or obliterates or renders illegible the whole or any part of such 201.[document or electronic record] with the intention of preventing the same from being produced or used as evidence before such Court or public servant as aforesaid, or after he shall have been lawfully summoned or required to produce the same for that purpose, shall be punished with imprisonment of either description for a term which may extend to two years, or with ﬁne, or with both. COMMENT.— Section 175 deals with omission to produce or deliver up any document to any public servant, this section deals with secretion or destruction of a document which a person may lawfully be compelled to produce in a Court. A person may secrete a document not only when the existence of the document is unknown to other persons and for the 1.  S Palani Velayutham v District Collector Tirunvelveli TN, (2010) 1 SCC (Cr) 401 : (2009) 10 SCC 664 [LN"
IPC_1860,205,"[s 205] False personation for purpose of act or proceeding in suit or prosecution. Whoever falsely personates another, and in such assumed character makes any admission or statement, or confesses judgment, 1 or causes any process to be issued or becomes bail or security, or does any other act in any suit or criminal prosecution, shall be punished with imprisonment of either description for a term which may extend to three years, or with ﬁne, or with both. COMMENT.— The offence punishable under this section is not merely cheating by using a ﬁctitious name, but by falsely assuming to be some other real person and in that character making an admission, confessing judgment, or causing any process to be issued, etc. Any fraudulent gain or a beneﬁt to the offender is not an essential element of this offence.205. Where A personated B at a trial with B's consent, which was given to save himself from the trouble of making an appearance in person before a Magistrate, it was held that A was guilty of an offence under this section, and B was guilty of abetment of 1.  S Palani Velayutham v District Collector Tirunvelveli TN, (2010) 1 SCC (Cr) 401 : (2009) 10 SCC 664 [LNIND 2009 SC 1659] : (2009"
IPC_1860,206,"[s 206] Fraudulent removal or concealment of property to prevent its seizure as forfeited or in execution. Whoever fraudulently removes, conceals, transfers or delivers to any person any property or any interest therein, intending thereby to prevent that property or interest therein from being taken as a forfeiture or in satisfaction of a ﬁne, under a sentence which has been pronounced, or which he knows to be likely to be pronounced, by a Court of Justice or other competent authority, or from being taken in execution of a decree or order which has been made, or which he knows to be likely to be made by a Court of Justice in a civil suit, shall be punished with imprisonment of either description for a term which may extend to two years, or with ﬁne, or with both. COMMENT.— The concealment or removal of property contemplated in this section must be to prevent the property from being taken. Where the property is already taken and the removal is subsequent, the offence under this section is not committed.210. The word 'taken' has been used in the sense of 'seized' or 'taken possession of'.211. Where the 1.  S Palani Velayutham v District Collector Tirunvelveli TN, (2010) 1 SCC (Cr) 40"
IPC_1860,207,"[s 207] Fraudulent claim to property to prevent its seizure as forfeited or in execution. Whoever fraudulently accepts, receives or claims any property or any interest therein, knowing that he has no right or rightful claim to such property or interest, or practices any deception touching any right to any property or any interest therein, intending thereby to prevent that property or interest therein from being taken as a forfeiture or in satisfaction of a ﬁne, under a sentence which has been pronounced, or which he knows to be likely to be pronounced by a Court of Justice or other competent authority, or from being taken in execution of a decree or order which has been made, or which he knows to be likely to be made by a Court of Justice in a civil suit, shall be punished with imprisonment of either description for a term which may extend to two years, or with ﬁne, or with both. COMMENT.— This section deals with the receiver, acceptor, or claimer of property who tries to prevent its seizure as a forfeiture. It punishes the accomplice just as the preceding section punishes the principal offender. 1.  S Palani Velayutham v District Collector Tirunvelveli TN, (2010) 1 SCC (Cr) 401 : "
IPC_1860,208,"[s 208] Fraudulently suffering decree for sum not due. Whoever fraudulently causes or suffers a decree or order to be passed against him at the suit of any person for a sum not due or for a larger sum than is due to such person or for any property or interest in property to which such person is not entitled, or fraudulently causes or suffers a decree or order to be executed against him after it has been satisﬁed, or for anything in respect of which it has been satisﬁed, shall be punished with imprisonment of either description for a term which may extend to two years, or with ﬁne, or with both. ILLUSTRATION A institutes a suit against Z. Z, knowing that A is likely to obtain a decree against him, fraudulently suffers a judgment to pass against him for a larger amount at the suit of B, who has no just claim against him, in order that B, either on his own account or for the beneﬁt of Z, may share in the proceeds of any sale of Z's property which may be made under A's decree. Z has committed an offence under this section. COMMENT.— 1.  S Palani Velayutham v District Collector Tirunvelveli TN, (2010) 1 SCC (Cr) 401 : (2009) 10 SCC 664 [LNIND 2009 SC 1659] : (2009) 12 SCR 1215 [LNIND 20"
IPC_1860,209,"[s 209] Dishonestly making false claim in Court. Whoever fraudulently or dishonestly, or with intent to injure or annoy any person, makes in a Court of Justice any claim which he knows to be false, shall be punished with imprisonment of either description for a term which may extend to two years, and shall also be liable to ﬁne. COMMENT.— This section relates to false and fraudulent claims in a Court of Justice. It is much wider than the last section as it applies to a person who is acting fraudulently or dishonestly. Not only must the claim be false to the knowledge of the person making it, but the object of it must be to defraud, to cause wrongful loss or wrongful gain, to injure or to annoy. The section punishes the making of a false claim. The offence will be complete as soon as a suit is ﬁled. If a person applies for the execution of a decree which has already been executed his act will be an offence under the next section.215. Where the Court took cognizance of a complaint against dishonestly making a false claim in a Court without complaint of the concerned civil judge, the cognizance was held to be not justiﬁed by reason of section 195(b)(ii), Cr PC, 1973 that covers such 1"
IPC_1860,210,"[s 210] Fraudulently obtaining decree for sum not due. Whoever fraudulently obtains 1 a decree or order against any person for a sum not due or for a larger sum than is due, or for any property or interest in property to which he is not entitled, or fraudulently causes a decree or order to be executed against any person after it has been satisﬁed 2 or for anything in respect of which it has been satisﬁed or fraudulently suffers or permits any such act to be done in his name, shall be punished with imprisonment of either description for a term which may extend to two years, or with ﬁne, or with both. COMMENT.— This section is the counterpart to section 208 in respect of fraudulent decrees, just as section 207 is the counterpart to section 206 in respect of fraudulent transfers and conveyances, the object of the Code being to strike both parties alike with the same penalty. This section, taken together with section 208, will enable both plaintiff and defendant to a fraudulent or collusive suit or execution to be dealt with alike. 1. 'Obtains'.—The offence is committed when the decree is fraudulently obtained and the fact that the decree has not been set aside, though admissible to pr"
IPC_1860,211,"[s 211] False charge of offence made with intent to injure. Whoever, with intent to cause injury1 to any person, institutes or causes to be instituted any criminal proceedings2 against that person, or falsely charges3 any person with having committed an offence, knowing that there is no just or lawful ground4 for such proceeding or charge against that person, shall be punished with imprisonment of either description for a term which may extend to two years, or with ﬁne, or with both; and if such criminal proceeding be instituted5 on a false charge of an offence punishable with death, 223.[imprisonment for life], or imprisonment for seven years or upwards, shall be punishable with imprisonment of either description for a term which may extend to seven years, and shall also be liable to ﬁne. COMMENT.— This section includes two distinct offences:— (1) Actually instituting or causing to be instituted false criminal proceeding against a person.224. (2) Preferring a false charge against a person. The ﬁrst assumes the second, but the second may be committed where no criminal proceedings follow. The necessary ingredients to constitute either of the above offences are— (1) the criminal proc"
IPC_1860,212,"[s 212] Harbouring offender—. Whenever an offence has been committed, whoever harbours or conceals a person whom he knows or has reason to believe to be the offender, with the intention of screening him from legal punishment; If a Capital Offence; shall, if the offence is punishable with death, be punished with imprisonment of either description for a term which may extend to ﬁve years, and shall also be liable to ﬁne; if punishable with imprisonment for life, or with imprisonment. and if the offence is punishable with 274.[imprisonment for life], or with imprisonment which may extend to ten years, shall be punished with imprisonment of either description for a term which may extend to three years, and shall also be liable to ﬁne; and if the offence is punishable with imprisonment which may extend to one year, and not to ten years, shall be punished with imprisonment of the description provided for the offence for a term which may extend to one-fourth part of the longest term of imprisonment provided for the offence, or with ﬁne, or with both. 275.[""Offence"" in this section includes any act committed at any place out of 276. [India], which, if committed in 277.[India], would be pun"
IPC_1860,213,"[s 213] Taking gift, etc., to screen an offender from punishment—. Whoever accepts or attempts to obtain, or agrees to accept, any gratiﬁcation for himself or any other person, or any restitution of property to himself or any other person, in consideration of his concealing an offence or of his screening any person from legal punishment for any offence, or of his not proceeding against any person for the purpose of bringing him to legal punishment, if a capital offence; shall, if the offence is punishable with death, be punished with imprisonment of either description for a term which may extend to seven years, and shall also be liable to ﬁne; if punishable with imprisonment for life, or with imprisonment. and if the offence is punishable with imprisonment for life, or with imprisonment which may extend to ten years, shall be punished with imprisonment of either description for a term which may extend to three years, and shall also be liable to ﬁne; and if the offence is punishable with imprisonment not extending to ten years, shall be punished with imprisonment of the description provided for the offence for a term which may extend to one-fourth part of the longest term of impriso"
IPC_1860,214,"[s 214] Offering gift or restoration of property in consideration of screening offender—. Whoever gives or causes, or offers or agrees to give or cause, any gratiﬁcation to any person, or 292.[restores or causes the restoration of] any property to any person, in consideration of that person's concealing an offence, or of his screening any person from legal punishment for any offence, or of his not proceeding against any person for the purpose of bringing him to legal punishment; if a capital offence; shall, if the offence is punishable with death, be punished with imprisonment of either description for a term which may extend to seven years, and shall also be liable to ﬁne; if punishable with imprisonment for life, or with imprisonment. and if the offence is punishable with 293.[imprisonment for life], or with imprisonment which may extend to ten years, shall be punished with imprisonment of either description for a term which may extend to three years, and shall also be liable to ﬁne; and if the offence is punishable with imprisonment not extending to ten years, shall be punished with imprisonment of the description provided for the offence for a term which may extend to one-fourt"
IPC_1860,215,"[s 215] Taking gift to help to recover stolen property, etc. Whoever takes or agrees or consents to take 1 any gratiﬁcation under pretence or on account of helping any person to recover any movable property of which he shall have been deprived by any offence punishable under this Code, shall, unless he uses all means in his power to cause the offender to be apprehended 2 and convicted of the offence, be punished with imprisonment of either description for a term which may extend to two years, or with ﬁne, or with both. COMMENT.— Scope.—This section is intended to apply to someone who, being in league with the thief, receives some gratiﬁcation on account of helping the owner to recover the stolen property, without at the same time using all the means in his power to cause the thief to be apprehended and convicted of the offence. There is nothing in this section that should exclude an actual thief from liability under it if in addition to committing theft he also tried to realise money by a promise to return the stolen article. An actual thief or a person suspected to be the thief can be convicted under this section.296. 1.  S Palani Velayutham v District Collector Tirunvelveli TN, ("
IPC_1860,216,"[s 216] Harbouring offender who has escaped from custody or whose apprehension has been ordered—. Whenever any person convicted of or charged with an offence, being in lawful custody for that offence, escapes from such custody; or whenever a public servant, in the exercise of the lawful powers of such public servant, orders a certain person to be apprehended for an offence, whoever, knowing of such escape or order for apprehension, harbours of conceals that person with the intention of preventing him from being apprehended, shall be punished in the manner following that is to say,— if a capital offence; if the offence for which the person was in custody or is ordered to be apprehended is punishable with death, he shall be punished with imprisonment of either description for a term which may extend to seven years, and shall also be liable to ﬁne; if punishable with imprisonment for life, or with imprisonment. if the offence is punishable with 300.[imprisonment for life], or imprisonment for ten years, he shall be punished with imprisonment of either description for a term which may extend to three years, with or without ﬁne; and if the offence is punishable with imprisonment which m"
IPC_1860,217,"[s 217] Public servant disobeying direction of law with intent to save person from punishment or property from forfeiture. Whoever, being a public servant, knowingly disobeys any direction of the law as to the way in which he is to conduct himself as such public servant, intending thereby to save, or knowing it to be likely that he will thereby save, any person from legal punishment, or subject him to a less punishment than that to which he is liable, or with intent to save, or knowing that he is likely thereby to save, any property from forfeiture or any charge to which it is liable by law, shall be punished with imprisonment of either description for a term which may extend to two years, or with ﬁne, or with both. COMMENT.— This section and the three following sections deal with disobedience on the part of public servants in respect of oﬃcial duty. This section punishes intentional disobedience of any direction of law on the part of a public servant to save a person from punishment. It is not necessary to show that, in point of fact, the person so intended to be saved had committed an offence, or was 1.  S Palani Velayutham v District Collector Tirunvelveli TN, (2010) 1 SCC (Cr) "
IPC_1860,218,"[s 218] Public servant framing incorrect record or writing with intent to save person from punishment or property from forfeiture. Whoever, being a public servant, and being as such public servant, charged with the preparation of any record or other writing, frames that record or writing in a manner which he knows to be incorrect, with intent to cause, or knowing it to be likely that he will thereby cause, loss or injury to the public or to any person, or with intent thereby to save, or knowing it to be likely that he will thereby save, any person from legal punishment, or with intent to save, or knowing that he is likely thereby to save, any property from forfeiture or other charge to which it is liable by law, shall be punished with imprisonment of either description for a term which may extend to three years, or with ﬁne, or with both. COMMENT.— This section deals with intentional preparation by a public servant of a false record with the object of saving or injuring any person or property. The correctness of the record is of the highest importance to both the State and the public. The intention with which the public servant does the act mentioned in the section is an essential "
IPC_1860,219,"[s 219] Public servant in judicial proceeding corruptly making report etc. contrary to law. Whoever, being a public servant, corruptly or maliciously makes or pronounces in any stage of a judicial proceeding, any report, order, verdict, or decision which he knows to be contrary to law, shall be punished with imprisonment of either description for a term which may extend to seven years, or with ﬁne, or with both. COMMENT.— This section should be read in conjunction with section 77. It contemplates some wilful excess of authority, in other words, a guilty knowledge superadded to an illegal act. This section and the following one deal with corrupt or malicious exercise of the power vested in a public servant for a particular purpose. From the language of section 219 IPC, 1860, it is clear that when any public servant corruptly or maliciously makes or pronounces in any stage of judicial proceeding any report, order, verdict or decision which he knows to be contrary to law, shall be punished.333. [s 219.1] Case against judicial oﬃcers.— 1.  S Palani Velayutham v District Collector Tirunvelveli TN, (2010) 1 SCC (Cr) 401 : (2009) 10 SCC 664 [LNIND 2009 SC 1659] : (2009) 12 SCR 1215 [LNIND"
IPC_1860,220,"[s 220] Commitment for trial or conﬁnement by person having authority who knows that he is acting contrary to law. Whoever, being in any oﬃce which gives him legal authority to commit persons for trial or to conﬁnement, or to keep persons in conﬁnement, corruptly or maliciously commits any person for trial or to conﬁnement, or keeps any person in conﬁnement, in the exercise of that authority knowing that in so doing he is acting contrary to law, shall be punished with imprisonment of either description for a term which may extend to seven years, or with ﬁne, or with both. COMMENT.— This section is a further extension of the principle laid down in the preceding section. It is general in its application, whereas the last section applies to judicial oﬃcers. In order to bring home the charge under the section it must next be shown that the accused corruptly or maliciously committed such person for trial or to conﬁnement or kept him in conﬁnement in exercise of that authority knowing that in so doing he was acting contrary to law. This analysis of the section by the Supreme Court occurs in a case in which a police constable made the victims to alight from a bus and took them to a nearby"
IPC_1860,221,"[s 221] Intentional omission to apprehend on the part of public servant bound to apprehend. Whoever, being a public servant, legally bound as such public servant to apprehend or to keep in conﬁnement any person charged with or liable to apprehended for an offence, intentionally omits to apprehend such person, or intentionally suffers such person to escape, or intentionally aids such person in escaping or attempting to escape from such conﬁnement, shall be punished as follows, that is to say:— with imprisonment of either description for a term which may extend to seven years, with or without ﬁne, if the person in conﬁnement, or who ought to have been apprehended, was charged with, or liable to be apprehended for, an offence punishable with death; or with imprisonment of either description for a term which may extend to three years, with or without ﬁne, if the person in conﬁnement, or who ought to have been apprehended, was charged with, or liable to be apprehended for, an offence punishable with 337.[imprisonment for life] or imprisonment for a term which may extend to ten years; or with imprisonment of either description for a term which may extend to two years, with or without ﬁne"
IPC_1860,222,"[s 222] Intentional omission to apprehend on the part of public servant bound to apprehend person under sentence or lawfully committed. Whoever, being a public servant, legally bound as such public servant to apprehend or to keep in conﬁnement any person under sentence of a Court of Justice for any offence 340.[or lawfully committed to custody], intentionally omits to apprehend such person, or intentionally suffers such person to escape or intentionally aids such person in escaping or attempting to escape from such conﬁnement, shall be punished as follows, that is to say:— with 341.[imprisonment for life] or with imprisonment of either description for a term which may extend to fourteen years, with or without ﬁne, if the person in conﬁnement, or who ought to have been apprehended, is under sentence of death; or with imprisonment of either description for a term which may extend to seven years, with or without ﬁne, if the person in conﬁnement, or who ought to have been apprehended, is subject, by a sentence of a Court of Justice, or by virtue of a commutation of such sentence, to 342.[imprisonment for life] 343.[***] 344.[***] 345. [***] 346.[***] or imprisonment for a term of ten y"
IPC_1860,223,"[s 223] Escape from conﬁnement or custody negligently suffered by public servant. Whoever, being a public servant legally bound as such public servant to keep in conﬁnement any person charged with 347.[or convicted of any offence or lawfully committed to custody], negligently suffers such person to escape from conﬁnement, shall be punished with simple imprisonment for a term which may extend to two years, or with ﬁne, or with both. COMMENT.— This section further extends the principle laid down in the two preceding sections. It punishes a public servant who negligently suffers any person charged with an offence to escape from conﬁnement. The last two sections deal with intentional omission to apprehend such person. [s 223.1] Ingredients.— In order to establish the charge under section 223, IPC, 1860 the following facts have to be established:— 1.  S Palani Velayutham v District Collector Tirunvelveli TN, (2010) 1 SCC (Cr) 401 : (2009) 10 SCC 664 [LNIND 2009 SC 1659] : (2009) 12 SCR 1215 [LNIND 2009 SC 1659] . 347.  Ins. by Act 27 of 1870, section 8. 348.  Banshidhar Swain v State of Orissa, 1987 Cr LJ 1819 (Ori). 349.  Debi, (1907) 29 All 377 . 350.  Girja Shankar Sahay, 1972 Cr LJ "
IPC_1860,224,"[s 224] Resistance or obstruction by a person to his lawful apprehension. Whoever intentionally offers any resistance or illegal obstruction to the lawful apprehension of himself for any offence with which he is charged or of which he has been convicted, or escapes or attempts to escape from any custody in which he is lawfully detained for any such offence, 1 shall be punished with imprisonment of either description for a term which may extend to two years, or with ﬁne, or with both. Explanation.—The punishment in this section is in addition to the punishment for which the person to be apprehended or detained in custody was liable for the offence with which he was charged, or of which he was convicted. COMMENT.— This and the section following relate to resistance or illegal obstruction offered to the lawful apprehension of any person. Sections 221–223 punish public servants who fail to apprehend or conﬁne persons liable to be apprehended or conﬁned. Section 224, IPC, 1860 has two distinct parts. The ﬁrst relates to resistance to apprehension and the second part relates to escape from custody. In order to bring 1.  S Palani Velayutham v District Collector Tirunvelveli TN, (2010) 1 S"
IPC_1860,225,"[s 225] Resistance or obstruction to lawful apprehension of another person. Whoever intentionally offers any resistance or illegal obstruction to the lawful apprehension of any other person for an offence, or rescues or attempts to rescue any other person from any custody in which that person is lawfully detained for an offence, shall be punished with imprisonment of either description for a term which may extend to two years, or with ﬁne, or with both; or, if the person to be apprehended, or the person rescued or attempted to be rescued, is charged with or liable to be apprehended for an offence punishable with 361. [imprisonment for life] or imprisonment for a term which may extend to ten years, shall be punished with imprisonment of either description for a term which may extend to three years, and shall also be liable to ﬁne; or, if the person to be apprehended or the person attempted to be rescued, is charged with or liable to be apprehended for an offence punishable with death, shall be punished with imprisonment of either description for a term which may extend to seven years, and shall also be liable to ﬁne; or, if the person to be apprehended or rescued, or attempted to be"
IPC_1860,226,"[s 226] [Omitted] [* * *] [Omitted]. [by Act XXVI of 1955, section 117 and Sch.] 1.  S Palani Velayutham v District Collector Tirunvelveli TN, (2010) 1 SCC (Cr) 401 : (2009) 10 SCC 664 [LNIND 2009 SC 1659] : (2009) 12 SCR 1215 [LNIND 2009 SC 1659] . THE INDIAN PENAL CODE CHAPTER XI OF FALSE EVIDENCE AND OFFENCES AGAINST PUBLIC JUSTICE Under the Indian Penal Code, 1860 offences relating to false evidence and offences against public justice are contained in Chapter XI. In relation to proceeding in any Court, the offences enumerated are: giving false evidence or fabricating false evidence (sections 191–193); giving or fabricating false evidence with intent to procure conviction (sections 194 and 195); threatening any person to give false evidence (section 195A); using evidence known to be false (section 196); using as true a certiﬁcate known to be false (section 198); making a false statement in a declaration which is by law receivable as evidence (section 199); using as true any declaration receivable as evidence, knowing it to be false (section 200); causing disappearance of evidence of offence, or giving false information to screen offender (section 201); intentional omission to gi"
IPC_1860,227,"[s 227] Violation of condition of remission of punishment. Whoever, having accepted any conditional remission of punishment, knowingly violates any condition on which such remission was granted, shall be punished with the punishment to which he was originally sentenced, if he has already suffered no part of that punishment, and if he has suffered any part of that punishment, then with so much of that punishment as he has not already suffered. COMMENT.— This section deals with those cases in which remission of punishment is made conditional by Government under section 432 of the Code of Criminal Procedure. Section 227 of the IPC, 1860 makes it a speciﬁc offence on the part of any person who has accepted any conditional remission of punishment if he knowingly violates any condition on which such remission was granted. In other words while the Code of Criminal Procedure envisages arrest of a person who violates the conditions of remission and remand straightway to jail, section 227 of the IPC, 1860 envisages for the same act of violation of conditions, prosecution and the punishment, if the prosecution succeeds, is the same, as the consequence contemplated under section 432 (3), namel"
IPC_1860,228,"[s 228] Intentional insult or interruption to public servant sitting in judicial proceeding. Whoever intentionally offers any insult, or causes any interruption to any public servant, while such public servant is sitting in any stage of a judicial proceeding, shall be punished with simple imprisonment for a term which may extend to six months, or with ﬁne which may extend to one thousand rupees, or with both. STATE AMENDMENT Andhra Pradesh.— Offence under section 228 is cognizable. [Vide A.P.G.O. Ms. No. 732, dated 5th December, 1991]. COMMENT.— The object of this section is to punish a person who intentionally insults in any way the Court administering justice. It lays down the highest sentence that can be inﬂicted for contempt of Court. By a notiﬁcation under section 10(1) of The Criminal Law Amendment Act, 1932 the State Government can make an offence under section 228, IPC, 1860, a cognizable offence for a speciﬁed area for such time as the notiﬁcation remains in force. No Court shall take cognizance of the offence under section 228, when such offence is alleged to have been committed in, or in relation to, any proceeding in any Court, except on the complaint in writing of that"
IPC_1860,229,"[s 229] Personation of a Juror or Assessor. Whoever, by personation or otherwise, shall intentionally cause, or knowingly suffer himself to be returned, empanelled or sworn as a juryman or assessor in any case in which he knows that he is not entitled by law to be so returned, empanelled or sworn, or knowing himself to have been so returned, empanelled or sworn contrary to law, shall voluntarily serve on such jury or as such assessor, shall be punished with imprisonment of either description for a term which may extend to two years, or with ﬁne, or with both. COMMENT.— This section was intended to punish personation of a juror or an assessor. It has now become obsolete with the abolition of assessor or jury system of trial. 1.  S Palani Velayutham v District Collector Tirunvelveli TN, (2010) 1 SCC (Cr) 401 : (2009) 10 SCC 664 [LNIND 2009 SC 1659] : (2009) 12 SCR 1215 [LNIND 2009 SC 1659] . THE INDIAN PENAL CODE CHAPTER XI OF FALSE EVIDENCE AND OFFENCES AGAINST PUBLIC JUSTICE Under the Indian Penal Code, 1860 offences relating to false evidence and offences against public justice are contained in Chapter XI. In relation to proceeding in any Court, the offences enumerated are: giving"
IPC_1860,230,"[s 230] ""Coin"" deﬁned. 1.[Coin is metal used for the time being as money, and stamped and issued by the authority of some State or Sovereign Power in order to be so used.] Indian coin. 2.[Indian coin is metal stamped and issued by the authority of the Government of India in order to be used as money; and metal which has been so stamped and issued shall continue to be Indian coin for the purposes of this Chapter, notwithstanding that it may have ceased to be used as money.] ILLUSTRATIONS (a) Cowries are not coin. (b) Lumps of unstamped copper, though used as money, are not coin. (c) Medals are not coin, in as much as they are not intended to be used as money. (d) The coin denominated as the Company's rupee is 3.[Indian coin]. 4.[(e) The ""Farukhabad rupee"" which was formerly used as money under the authority of the Government of India is 5.[Indian coin] although it is no longer so used]. COMMENT.— In view of the deﬁnition of ""Indian coin"" in this section, it is immaterial whether the coins are still current or they have ceased to be used as money.6. 1.  Subs. by Act 19 of 1872, section 1, for the original ﬁrst paragraph. 2.  Subs. by A.O. 1950, for the former paragraph. 3.  Subs. by "
IPC_1860,231,"[s 231] Counterfeiting coin. Whoever counterfeits or knowingly performs any part of the process of counterfeiting coin, shall be punished with imprisonment of either description for a term which may extend to seven years, and shall also be liable to ﬁne. Explanation.—A person commits this offence who intending to practise deception, or knowing it to be likely that deception will thereby be practised, causes a genuine coin to appear like a different coin. 7.  Qadir Bakhsh, (1907) 30 All 93 ; Premsookh Dass, (1870) PR 38 of 1870. 8.  Amrit Sonar, (1919) 4 PLJ 525 , 20 Cr LJ 439. 9.  Ranchhod Mula v State, (1961) 2 Cr LJ 472 . COMMENT.— It is not necessary under this section that the counterfeit coin should be made with the primary intention of its being passed as genuine; it is suﬃcient if the resemblance to genuine coin is so close that it is capable of being passed as such.7. It is not essential for coins to be counterfeit that they should be of exact resemblances to genuine coins. It is suﬃcient that they are such as to cause deception and may be passed as genuine.8. But where the alleged counterfeit coins are such that none would be deceived, these cannot be counterfeit coins wit"
IPC_1860,232,"[s 232] Counterfeiting Indian coin. Whoever counterfeits, or knowingly performs any part of the process of counterfeiting 10.[Indian coin], shall be punished with 11.[imprisonment for life], or with imprisonment of either description for a term which may extend to ten years, and shall also be liable to ﬁne. 10.  Subs. by the A.O. 1950, for ""the Queen's coin"". 11.  Subs. by Act 26 of 1955, section 117 and Sch, for ""transportation for life"" (w.e.f. 1-1-1956). COMMENT.— The Code provides heavier punishment in cases of offences relating to Indian coin than those relating to foreign coins.12. The basic requirement for the prosecution to succeed against the accused in respect of counterfeiting coins is that the witnesses examined by the prosecution must speak of the manufacture of one coin resembling a genuine one. A presumption can also be drawn under Explanation 2 of section 28 that a person is counterfeiting coins when he causes one coin to resemble another so closely that the person intended to practice deception or knew it would be likely to cause deception. Section 232 prescribes the punishment for counterfeiting Indian coins. Section 235 prescribes the punishment for a person who "
IPC_1860,233,"[s 233] Making or selling instrument for counterfeiting coin. Whoever makes or mends, or performs any part of the process of making or mending, or buys, sells or disposes of, any die or instrument, for the purpose of being used, or knowing or having reason to believe that it is intended to be used, for the purpose of counterfeiting coin, shall be punished with imprisonment of either description for a term which may extend to three years, and shall also be liable to ﬁne. COMMENT.— In this as well as in the following sections mere acts of preparation towards the offence of coining are made substantive offences, such as the making of dies or other instruments used in the manufacture of coin. THE INDIAN PENAL CODE CHAPTER XII OF OFFENCES RELATING TO COIN AND GOVERNMENT STAMPS The offences described in this Chapter relate to (I) Coins and (II) Government Stamps. (I) Coins.— The offences relating to coins may be classiﬁed into three divisions:— (1) Counterfeiting, (2) alteration, and (3) acts of mint employees. 1. Counterfeiting— (1) Counterfeiting coins (sections 231, 232). (2) Making or selling instrument for counterfeiting (sections 233, 234). (3) Possession of instrument for counterf"
IPC_1860,234,"[s 234] Making or selling instrument for counterfeiting Indian coin. Whoever makes or mends, or performs any part of the process of making or mending, or buys, sells or disposes of, any die or instrument, for the purpose of being used, or knowing or having reason to believe that it is intended to be used, for the purpose of counterfeiting 15.[Indian coin], shall be punished with imprisonment of either description for a term which may extend to seven years, and shall also be liable to ﬁne. 15.  Subs. by the A.O. 1950, for ""the Queen's coin"". THE INDIAN PENAL CODE CHAPTER XII OF OFFENCES RELATING TO COIN AND GOVERNMENT STAMPS The offences described in this Chapter relate to (I) Coins and (II) Government Stamps. (I) Coins.— The offences relating to coins may be classiﬁed into three divisions:— (1) Counterfeiting, (2) alteration, and (3) acts of mint employees. 1. Counterfeiting— (1) Counterfeiting coins (sections 231, 232). (2) Making or selling instrument for counterfeiting (sections 233, 234). (3) Possession of instrument for counterfeiting (section 235). (4) Abetting in India the counterfeiting of coin out of India (section 236). (5) Importing or exporting of counterfeit coin (sect"
IPC_1860,235,"[s 235] Possession of instrument, or material for the purpose of using the same for counterfeiting coin. Whoever is in possession of any instrument or material, for the purpose of using the same for counterfeiting coin, or knowing or having reason to believe that the same is intended to be used for that purpose, shall be punished with imprisonment of either description for a term which may extend to three years, and shall also be liable to ﬁne; If Indian coin. and if the coin to be counterfeited is 16.[Indian coin], shall be punished with imprisonment of either description for a term which may extend to ten years, and shall also be liable to ﬁne. COMMENT.— 'Possession' connotes the intention to exercise power or control over the object possessed and therefore necessarily implies that the possessor has been conscious of the possibility of exercising that power or control. Mere possession of instruments and materials capable of counterfeiting coins is no offence. Possession of such instruments should be with the intention of counterfeiting coins and the intention must be proved. The onus of proving the ﬁtness of the materials for the purpose of counterfeiting coins was upon the prose"
IPC_1860,236,"[s 236] Abetting in India the counterfeiting out of India of coin. Whoever, being within 19.[India], abets the counterfeiting of coin out of 20.[India], shall be punished in the same manner as if he abetted the counterfeiting of such coin within 21.[India]. 19.  The words ""British India"" have successively been subs. by the A.O. 1948, the A.O. 1950 and Act 3 of 1951, section 3 and Sch (w.e.f. 1 April 1951), to read as above. 20.  Ibid. 21.  Ibid. COMMENT.— Any person in India, whether an Indian or a foreigner, who supplied instruments or materials for the purpose of counterfeiting any coin, or assists in any other way, is punishable under this section. Abetment in India must be complete. THE INDIAN PENAL CODE CHAPTER XII OF OFFENCES RELATING TO COIN AND GOVERNMENT STAMPS The offences described in this Chapter relate to (I) Coins and (II) Government Stamps. (I) Coins.— The offences relating to coins may be classiﬁed into three divisions:— (1) Counterfeiting, (2) alteration, and (3) acts of mint employees. 1. Counterfeiting— (1) Counterfeiting coins (sections 231, 232). (2) Making or selling instrument for counterfeiting (sections 233, 234). (3) Possession of instrument for counterfei"
IPC_1860,237,"[s 237] Import or export of counterfeit coin. Whoever imports into 22. [India], or exports therefrom, any counterfeit coin, knowing or having reason to believe that the same is counterfeit, shall be punished with imprisonment of either description for a term which may extend to three years, and shall also be liable to ﬁne. 22.  The words ""British India"" have successively been subs. by the A.O. 1948, the A.O. 1950 and Act 3 of 1951, section 3 and Sch. (w.e.f. 1-4-1951), to read as above. COMMENT.— The offence under this and the following section consists in an import or export, of any coin known by the importer, or which he has reason to believe, to be counterfeit. THE INDIAN PENAL CODE CHAPTER XII OF OFFENCES RELATING TO COIN AND GOVERNMENT STAMPS The offences described in this Chapter relate to (I) Coins and (II) Government Stamps. (I) Coins.— The offences relating to coins may be classiﬁed into three divisions:— (1) Counterfeiting, (2) alteration, and (3) acts of mint employees. 1. Counterfeiting— (1) Counterfeiting coins (sections 231, 232). (2) Making or selling instrument for counterfeiting (sections 233, 234). (3) Possession of instrument for counterfeiting (section 235). (4)"
IPC_1860,238,"[s 238] Import or export of counterfeits of Indian coin. Whoever imports into 23.[India], or exports therefrom, any counterfeit coin, which he knows or has reason to believe to be a counterfeit of 24.[Indian coin], shall be punished with 25.[imprisonment for life], or with imprisonment of either description for a term which may extend to ten years, and shall also be liable to ﬁne. 23.  The words ""British India"" have successively been subs. by the A.O. 1948, the A.O. 1950 and Act 3 of 1951, section 3 and Sch (w.e.f. 1 April 1951), to read as above. 24.  Subs. by the A.O. 1950, for ""the Queen's coin"". 25.  Subs. by Act 26 of 1955, section 117 and Sch, for ""transportation for life"" (w.e.f. 1-1-1956). THE INDIAN PENAL CODE CHAPTER XII OF OFFENCES RELATING TO COIN AND GOVERNMENT STAMPS The offences described in this Chapter relate to (I) Coins and (II) Government Stamps. (I) Coins.— The offences relating to coins may be classiﬁed into three divisions:— (1) Counterfeiting, (2) alteration, and (3) acts of mint employees. 1. Counterfeiting— (1) Counterfeiting coins (sections 231, 232). (2) Making or selling instrument for counterfeiting (sections 233, 234). (3) Possession of instrument for"
IPC_1860,239,"[s 239] Delivery of coin, possessed with knowledge that it is counterfeit. Whoever, having any counterfeit coin, which at the time when he became possessed of it knew to be counterfeit, fraudulently or with intent that fraud may be committed, delivers the same to any person, or attempts to induce any person to receive it shall be punished with imprisonment of either description for a term which may extend to ﬁve years, and shall also be liable to ﬁne. COMMENT.— This section is directed against a person other than the coiner, who procures or obtains or receives counterfeit coin, and not to the offence committed by the coiner. Three classes of offences are created by sections 239–243: (1) Delivery to another of coin, possessed with the knowledge that it is counterfeit (sections 239, 240). (2) Delivery to another of coin as genuine, which when ﬁrst possessed, the deliverer did not know to be counterfeit (section 241). (3) Possession of counterfeit coin by a person who knew it to be counterfeit when he became possessed thereof (sections 242, 243). THE INDIAN PENAL CODE CHAPTER XII OF OFFENCES RELATING TO COIN AND GOVERNMENT STAMPS The offences described in this Chapter relate to (I) Co"
IPC_1860,240,"[s 240] Delivery of Indian coin, possessed with knowledge that it is counterfeit. Whoever, having any counterfeit coin which is a counterfeit of 26.[Indian coin], and which, at the time when he became possessed of it, he knew to be a counterfeit of 27. [Indian coin], fraudulently or with intent that fraud may be committed, delivers the same to any person, or attempts to induce any person to receive it shall be punished with imprisonment of either description for a term which may extend to ten years, and shall also be liable to ﬁne. 26.  Subs. by the A.O. 1950, for ""Queen's coin"". 27.  Ibid. 28.  Ahmad Shah, (1892) PR No. 10 of 1892. 29.  Dost Mohammad, (1937) Nag 133. COMMENT.— The offence under this section is an aggravated form of the offence described in the last section. This section does not apply to the actual coiner.28. It must be established that the accused knew that the coins were counterfeit when he became possessed of them.29. THE INDIAN PENAL CODE CHAPTER XII OF OFFENCES RELATING TO COIN AND GOVERNMENT STAMPS The offences described in this Chapter relate to (I) Coins and (II) Government Stamps. (I) Coins.— The offences relating to coins may be classiﬁed into three divi"
IPC_1860,241,"[s 241] Delivery of coin as genuine, which, when ﬁrst possessed, the deliverer did not know to be counterfeit. Whoever delivers to any other person as genuine, or attempts to induce any other person to receive as genuine, any counterfeit coin which he knows to be counterfeit, but which he did not know to be counterfeit at the time when he took it into his possession, shall be punished with imprisonment of either description for a term which may extend to two years, or with ﬁne to an amount which may extend to ten times the value of the coin counterfeited, or with both. ILLUSTRATION A, a coiner, delivers counterfeit Company's rupees to his accomplice B, for the purpose of uttering them. B sells the rupees to C, another utterer, who buys them knowing them to be counterfeit. C pays away the rupees for goods to D, who receives them, not knowing them to be counterfeit. D, after receiving the rupees, discovers that they are counterfeit and pays them away as if they were good. Here D is punishable only under this section, but B and C are punishable under section 239 or 240, as the case may be. COMMENT.— This section applies to a casual utterer of base coins. Section 239 deals with profess"
IPC_1860,242,"[s 242] Possession of counterfeit coin by person who knew it to be counterfeit when he became possessed thereof. Whoever, fraudulently or with intent that fraud may be committed, is in possession of counterfeit coin, having known at the time when he became possessed thereof that such coin was counterfeit, shall be punished with imprisonment of either description for a term which may extend to three years, and shall also be liable to ﬁne. COMMENT.— Mere possession of a counterfeit coin is an offence under this and the following section, even though no attempt is made to pass it off, provided it was kept for a fraudulent purpose and was originally obtained with guilty knowledge. THE INDIAN PENAL CODE CHAPTER XII OF OFFENCES RELATING TO COIN AND GOVERNMENT STAMPS The offences described in this Chapter relate to (I) Coins and (II) Government Stamps. (I) Coins.— The offences relating to coins may be classiﬁed into three divisions:— (1) Counterfeiting, (2) alteration, and (3) acts of mint employees. 1. Counterfeiting— (1) Counterfeiting coins (sections 231, 232). (2) Making or selling instrument for counterfeiting (sections 233, 234). (3) Possession of instrument for counterfeiting (sect"
IPC_1860,243,"[s 243] Possession of Indian coin by person who knew it to be counterfeit when he became possessed thereof. Whoever, fraudulently or with intent that fraud may be committed, is in possession of counterfeit coin, which is a counterfeit of 30.[Indian coin], having known at the time when he became possessed of it that it was counterfeit, shall be punished with imprisonment of either description for a term which may extend to seven years, and shall also be liable to ﬁne. 30.  Subs. by the A.O. 1950, for ""Queen's coin"". 31.  Mohd Ibrahim v State, 1968 Cr LJ 1377 (Del). 32.  Ranchhod Mula v State, 1960 Cr LJ 472 (Guj). COMMENT.— For an offence under section 243, IPC, 1860, it has to be established by the prosecution that accused fraudulently or with intent that fraud may be committed, came into possession of counterfeit coins which were counterfeit of Indian coins, having known at the time he became possessed of them that they were counterfeit.31. Where the coins were not counterfeit coins but were in the process of being made counterfeit coins, section 243 has no application.32. THE INDIAN PENAL CODE CHAPTER XII OF OFFENCES RELATING TO COIN AND GOVERNMENT STAMPS The offences described i"
IPC_1860,244,"[s 244] Person employed in mint causing coin to be of different weight or composition from that ﬁxed by law. Whoever, being employed in any mint lawfully established in 33.[India], does any act, or omits what he is legally bound to do, with the intention of causing any coin issued from that mint to be of a different weight or composition from the weight or composition ﬁxed by law, shall be punished with imprisonment of either description for a term which may extend to seven years, and shall also be liable to ﬁne. 33.  The words ""British India"" have successively been subs. by the A.O. 1948, the A.O. 1950 and Act 3 of 1951, section 3 and Sch. (w.e.f. 1 April 1951), to read as above. COMMENT.— The object of this section is to secure purity of coinage and its exact conformity to the legal standard against the act or omission of person employed in mints. The law has ﬁxed the weight and composition of various coins and has declared in what cases they shall be a legal tender. THE INDIAN PENAL CODE CHAPTER XII OF OFFENCES RELATING TO COIN AND GOVERNMENT STAMPS The offences described in this Chapter relate to (I) Coins and (II) Government Stamps. (I) Coins.— The offences relating to coins m"
IPC_1860,245,"[s 245] Unlawfully taking coining instrument from mint. Whoever, without lawful authority, takes out of any mint, lawfully established in 34. [India], any coining tool or instrument, shall be punished with imprisonment of either description for a term which may extend to seven years, and shall also be liable to ﬁne. 34.  The words ""British India"" have successively been subs. by the A.O. 1948, the A.O. 1950 and Act 3 of 1951, section 3 and Sch. (w.e.f. 1 April 1951), to read as above. THE INDIAN PENAL CODE CHAPTER XII OF OFFENCES RELATING TO COIN AND GOVERNMENT STAMPS The offences described in this Chapter relate to (I) Coins and (II) Government Stamps. (I) Coins.— The offences relating to coins may be classiﬁed into three divisions:— (1) Counterfeiting, (2) alteration, and (3) acts of mint employees. 1. Counterfeiting— (1) Counterfeiting coins (sections 231, 232). (2) Making or selling instrument for counterfeiting (sections 233, 234). (3) Possession of instrument for counterfeiting (section 235). (4) Abetting in India the counterfeiting of coin out of India (section 236). (5) Importing or exporting of counterfeit coin (sections 237, 238). (6) Delivering counterfeit coin knowing it"
IPC_1860,246,"[s 246] Fraudulently or dishonestly diminishing weight or altering composition of coin. Whoever fraudulently or dishonestly performs on any coin any operation which diminishes the weight or alters the composition of that coin, shall be punished with imprisonment of either description for a term which may extend to three years, and shall also be liable to ﬁne. Explanation.—A person who scoops out part of the coin and puts anything else into the cavity alters the composition of that coin. THE INDIAN PENAL CODE CHAPTER XII OF OFFENCES RELATING TO COIN AND GOVERNMENT STAMPS The offences described in this Chapter relate to (I) Coins and (II) Government Stamps. (I) Coins.— The offences relating to coins may be classiﬁed into three divisions:— (1) Counterfeiting, (2) alteration, and (3) acts of mint employees. 1. Counterfeiting— (1) Counterfeiting coins (sections 231, 232). (2) Making or selling instrument for counterfeiting (sections 233, 234). (3) Possession of instrument for counterfeiting (section 235). (4) Abetting in India the counterfeiting of coin out of India (section 236). (5) Importing or exporting of counterfeit coin (sections 237, 238). (6) Delivering counterfeit coin knowing"
IPC_1860,247,"[s 247] Fraudulently or dishonestly diminishing weight or altering composition of Indian coin. Whoever fraudulently or dishonestly performs on any 35.[Indian coin] any operation which diminishes the weight or alters the composition of that coin, shall be punished with imprisonment of either description for a term which may extend to seven years, and shall also be liable to ﬁne. 35.  Subs. by the A.O. 1950, for ""any of the Queen's coin"". THE INDIAN PENAL CODE CHAPTER XII OF OFFENCES RELATING TO COIN AND GOVERNMENT STAMPS The offences described in this Chapter relate to (I) Coins and (II) Government Stamps. (I) Coins.— The offences relating to coins may be classiﬁed into three divisions:— (1) Counterfeiting, (2) alteration, and (3) acts of mint employees. 1. Counterfeiting— (1) Counterfeiting coins (sections 231, 232). (2) Making or selling instrument for counterfeiting (sections 233, 234). (3) Possession of instrument for counterfeiting (section 235). (4) Abetting in India the counterfeiting of coin out of India (section 236). (5) Importing or exporting of counterfeit coin (sections 237, 238). (6) Delivering counterfeit coin knowing it to be so (sections 239, 240). (7) Delivering co"
IPC_1860,248,"[s 248] Altering appearance of coin with intent that it shall pass as coin of different description. Whoever performs on any coin any operation which alters the appearance of that coin, with the intention that the said coin shall pass as a coin of a different description, shall be punished with imprisonment of either description for a term which may extend to three years, and shall also be liable to ﬁne. COMMENT.— This section refers to any operation which alters the appearance of a coin with the intention that the said coin shall pass as a coin of a different description, e.g., gilding, silvering. If the weight of the coin is diminished, either section 246 or section 247 applies. THE INDIAN PENAL CODE CHAPTER XII OF OFFENCES RELATING TO COIN AND GOVERNMENT STAMPS The offences described in this Chapter relate to (I) Coins and (II) Government Stamps. (I) Coins.— The offences relating to coins may be classiﬁed into three divisions:— (1) Counterfeiting, (2) alteration, and (3) acts of mint employees. 1. Counterfeiting— (1) Counterfeiting coins (sections 231, 232). (2) Making or selling instrument for counterfeiting (sections 233, 234). (3) Possession of instrument for counterfeiting ("
IPC_1860,249,"[s 249] Altering appearance of Indian coin with intent that it shall pass as coin of different description. Whoever performs on any 36.[Indian coin] any operation which alters the appearance of that coin, with the intention that the said coin shall pass as a coin of a different description, shall be punished with imprisonment of either description for a term which may extend to seven years, and shall also be liable to ﬁne. 36.  Subs. by the A.O. 1950, for ""any of the Queen's coin"". THE INDIAN PENAL CODE CHAPTER XII OF OFFENCES RELATING TO COIN AND GOVERNMENT STAMPS The offences described in this Chapter relate to (I) Coins and (II) Government Stamps. (I) Coins.— The offences relating to coins may be classiﬁed into three divisions:— (1) Counterfeiting, (2) alteration, and (3) acts of mint employees. 1. Counterfeiting— (1) Counterfeiting coins (sections 231, 232). (2) Making or selling instrument for counterfeiting (sections 233, 234). (3) Possession of instrument for counterfeiting (section 235). (4) Abetting in India the counterfeiting of coin out of India (section 236). (5) Importing or exporting of counterfeit coin (sections 237, 238). (6) Delivering counterfeit coin knowing it t"
IPC_1860,250,"[s 250] Delivery of coin possessed with knowledge that it is altered. Whoever, having coin in his possession with respect to which the offence deﬁned in section 246 or 248 has been committed, and having known at the time when he became possessed of such coin that such offence had been committed with respect to it, fraudulently or with intent that fraud may be committed, delivers such coin to any other person, or attempts to induce any other person to receive the same, shall be punished with imprisonment of either description for a term which may extend to ﬁve years, and shall also be liable to ﬁne. COMMENT.— This and the following section are intended to punish persons who are traders in spurious or altered coins. They correspond to sections 239 and 240. There must be both possession with knowledge and fraudulent delivery. THE INDIAN PENAL CODE CHAPTER XII OF OFFENCES RELATING TO COIN AND GOVERNMENT STAMPS The offences described in this Chapter relate to (I) Coins and (II) Government Stamps. (I) Coins.— The offences relating to coins may be classiﬁed into three divisions:— (1) Counterfeiting, (2) alteration, and (3) acts of mint employees. 1. Counterfeiting— (1) Counterfeiting coin"
IPC_1860,251,"[s 251] Delivery of Indian coin possessed with knowledge that it is altered. Whoever, having coin in his possession with respect to which the offence deﬁned in section 247 or 249 has been committed, and having known at the time when he became possessed of such coin that such offence had been committed with respect to it, fraudulently or with intent that fraud may be committed, delivers such coin to any other person, or attempts to induce any other person to receive the same, shall be punished with imprisonment of either description for a term which may extend to ten years, and shall also be liable to ﬁne. THE INDIAN PENAL CODE CHAPTER XII OF OFFENCES RELATING TO COIN AND GOVERNMENT STAMPS The offences described in this Chapter relate to (I) Coins and (II) Government Stamps. (I) Coins.— The offences relating to coins may be classiﬁed into three divisions:— (1) Counterfeiting, (2) alteration, and (3) acts of mint employees. 1. Counterfeiting— (1) Counterfeiting coins (sections 231, 232). (2) Making or selling instrument for counterfeiting (sections 233, 234). (3) Possession of instrument for counterfeiting (section 235). (4) Abetting in India the counterfeiting of coin out of India ("
IPC_1860,252,"[s 252] Possession of coin by person who knew it to be altered when he became possessed thereof. Whoever, fraudulently or with intent that fraud may be committed, is in possession of coin with respect to which the offence deﬁned in either of the section 246 or 248 has been committed, having known at the time of becoming possessed thereof that such offence had been committed with respect to such coin, shall be punished with imprisonment of either description for a term which may extend to three years, and shall also be liable to ﬁne. COMMENT.— Possession of debased or altered coin by the professional dealer, with fraudulent intention is made punishable by this section. This and the next section resemble sections 242 and 243. Under sections 250 and 251 the accused is punished for uttering, under this section and the next he is punished for possessing a coin in respect of which the offence deﬁned either in section 246 or section 247 has been committed. THE INDIAN PENAL CODE CHAPTER XII OF OFFENCES RELATING TO COIN AND GOVERNMENT STAMPS The offences described in this Chapter relate to (I) Coins and (II) Government Stamps. (I) Coins.— The offences relating to coins may be classiﬁed into"
IPC_1860,253,"[s 253] Possession of Indian coin by person who knew it to be altered when he became possessed thereof. Whoever, fraudulently or with intent that fraud may be committed, is in possession of coin with respect to which the offence deﬁned in either of the section 247 or 249 has been committed, having known at the time of becoming possessed thereof, that such offence had been committed with respect to such coin, shall be punished with imprisonment of either description for a term which may extend to ﬁve years, and shall also be liable to ﬁne. THE INDIAN PENAL CODE CHAPTER XII OF OFFENCES RELATING TO COIN AND GOVERNMENT STAMPS The offences described in this Chapter relate to (I) Coins and (II) Government Stamps. (I) Coins.— The offences relating to coins may be classiﬁed into three divisions:— (1) Counterfeiting, (2) alteration, and (3) acts of mint employees. 1. Counterfeiting— (1) Counterfeiting coins (sections 231, 232). (2) Making or selling instrument for counterfeiting (sections 233, 234). (3) Possession of instrument for counterfeiting (section 235). (4) Abetting in India the counterfeiting of coin out of India (section 236). (5) Importing or exporting of counterfeit coin (sectio"
IPC_1860,254,"[s 254] Delivery of coin as genuine which, when ﬁrst possessed, the deliverer did not know to be altered. Whoever delivers to any other person as genuine or as a coin of a different description from what it is, or attempts to induce any person to receive as genuine, or as a different coin from what it is, any coin in respect of which he knows that any such operation as that mentioned in section 246, 247, 248 or 249 has been performed, but in respect of which he did not, at the time when he took it into his possession, know that such operation had been performed, shall be punished with imprisonment of either description for a term which may extend to two years, or with ﬁne to an amount which may extend to ten times the value of the coin for which the altered coin is passed, or attempted to be passed. COMMENT.— Section 241 corresponds to this section. Where possession is acquired innocently but on subsequent knowledge that the coin is counterfeit if a person passes it off or attempts to pass it off as a genuine coin, he will be punished under this section. THE INDIAN PENAL CODE CHAPTER XII OF OFFENCES RELATING TO COIN AND GOVERNMENT STAMPS The offences described in this Chapter relat"
IPC_1860,255,"[s 255] Counterfeiting Government stamp. Whoever counterfeits, or knowingly performs any part of the process of counterfeiting, any stamp issued by Government for the purpose of revenue, shall be punished with 37.[imprisonment for life], or with imprisonment of either description for a term which may extend to ten years, and shall also be liable to ﬁne. Explanation.—A person commits this offence who counterfeits by causing a genuine stamp of one denomination to appear like a genuine stamp of a different denomination. 37.  Subs. by Act 26 of 1955, section 117 and Sch, for ""transportation for life"" (w.e.f. 1 January 1956). 38.  Lowden, (1914) 1 KB 144 . COMMENT.— This and the remaining sections of the Chapter deal with offences relating to Government stamps. These stamps are impressions upon paper, parchment, or any material used for writing, made by the Government mostly for the purpose of revenue. A stamp does not cease to be a stamp because it is cancelled. A person selling a forged stamp, although it bears a cancellation mark commits an offence of selling forged stamps.38. THE INDIAN PENAL CODE CHAPTER XII OF OFFENCES RELATING TO COIN AND GOVERNMENT STAMPS The offences described "
IPC_1860,256,"[s 256] Having possession of instrument or material for counterfeiting Government stamp. Whoever has in his possession any instrument or material for the purpose of being used, or knowing or having reason to believe that it is intended to be used, for the purpose of counterfeiting any stamp issued by Government for the purpose of revenue, shall be punished with imprisonment of either description for a term which may extend to seven years, and shall also be liable to ﬁne. COMMENT.— This section resembles section 235. THE INDIAN PENAL CODE CHAPTER XII OF OFFENCES RELATING TO COIN AND GOVERNMENT STAMPS The offences described in this Chapter relate to (I) Coins and (II) Government Stamps. (I) Coins.— The offences relating to coins may be classiﬁed into three divisions:— (1) Counterfeiting, (2) alteration, and (3) acts of mint employees. 1. Counterfeiting— (1) Counterfeiting coins (sections 231, 232). (2) Making or selling instrument for counterfeiting (sections 233, 234). (3) Possession of instrument for counterfeiting (section 235). (4) Abetting in India the counterfeiting of coin out of India (section 236). (5) Importing or exporting of counterfeit coin (sections 237, 238). (6) Deliv"
IPC_1860,257,"[s 257] Making or selling instrument for counterfeiting Government stamp. Whoever makes or performs any part of the process of making, or buys, or sells, or disposes of, any instrument for the purpose of being used, or knowing or having reason to believe that it is intended to be used, for the purpose of counterfeiting any stamp issued by Government for the purpose of revenue, shall be punished with imprisonment of either description for a term which may extend to seven years, and shall also be liable to ﬁne. COMMENT.— This section corresponds to section 234. THE INDIAN PENAL CODE CHAPTER XII OF OFFENCES RELATING TO COIN AND GOVERNMENT STAMPS The offences described in this Chapter relate to (I) Coins and (II) Government Stamps. (I) Coins.— The offences relating to coins may be classiﬁed into three divisions:— (1) Counterfeiting, (2) alteration, and (3) acts of mint employees. 1. Counterfeiting— (1) Counterfeiting coins (sections 231, 232). (2) Making or selling instrument for counterfeiting (sections 233, 234). (3) Possession of instrument for counterfeiting (section 235). (4) Abetting in India the counterfeiting of coin out of India (section 236). (5) Importing or exporting of cou"
IPC_1860,258,"[s 258] Sale of counterfeit Government stamp. Whoever, sells, or offers for sale, any stamp which he knows or has reason to believe to be a counterfeit of any stamp issued by Government for the purpose of revenue, shall be punished with imprisonment of either description for a term which may extend to seven years, and shall also be liable to ﬁne. THE INDIAN PENAL CODE CHAPTER XII OF OFFENCES RELATING TO COIN AND GOVERNMENT STAMPS The offences described in this Chapter relate to (I) Coins and (II) Government Stamps. (I) Coins.— The offences relating to coins may be classiﬁed into three divisions:— (1) Counterfeiting, (2) alteration, and (3) acts of mint employees. 1. Counterfeiting— (1) Counterfeiting coins (sections 231, 232). (2) Making or selling instrument for counterfeiting (sections 233, 234). (3) Possession of instrument for counterfeiting (section 235). (4) Abetting in India the counterfeiting of coin out of India (section 236). (5) Importing or exporting of counterfeit coin (sections 237, 238). (6) Delivering counterfeit coin knowing it to be so (sections 239, 240). (7) Delivering counterfeit coin not known to be so when ﬁrst possessed (section 241). (8) Possession of count"
IPC_1860,259,"[s 259] Having possession of counterfeit Government stamp. Whoever has in his possession any stamp which he knows to be a counterfeit of any stamp issued by Government for the purpose of revenue, intending to use, or dispose of the same as a genuine stamp, or in order that it may be used as a genuine stamp, shall be punished with imprisonment of either description for a term which may extend to seven years, and shall also be liable to ﬁne. COMMENT.— This section corresponds to section 243. THE INDIAN PENAL CODE CHAPTER XII OF OFFENCES RELATING TO COIN AND GOVERNMENT STAMPS The offences described in this Chapter relate to (I) Coins and (II) Government Stamps. (I) Coins.— The offences relating to coins may be classiﬁed into three divisions:— (1) Counterfeiting, (2) alteration, and (3) acts of mint employees. 1. Counterfeiting— (1) Counterfeiting coins (sections 231, 232). (2) Making or selling instrument for counterfeiting (sections 233, 234). (3) Possession of instrument for counterfeiting (section 235). (4) Abetting in India the counterfeiting of coin out of India (section 236). (5) Importing or exporting of counterfeit coin (sections 237, 238). (6) Delivering counterfeit coin know"
IPC_1860,260,"[s 260] Using as genuine a Government stamp known to be counterfeit. Whoever uses as genuine any stamp, knowing it to be counterfeit of any stamp issued by Government for the purpose of revenue, shall be punished with imprisonment of either description for a term which may extend to seven years, or with ﬁne, or with both. COMMENT.— This section corresponds to section 254. THE INDIAN PENAL CODE CHAPTER XII OF OFFENCES RELATING TO COIN AND GOVERNMENT STAMPS The offences described in this Chapter relate to (I) Coins and (II) Government Stamps. (I) Coins.— The offences relating to coins may be classiﬁed into three divisions:— (1) Counterfeiting, (2) alteration, and (3) acts of mint employees. 1. Counterfeiting— (1) Counterfeiting coins (sections 231, 232). (2) Making or selling instrument for counterfeiting (sections 233, 234). (3) Possession of instrument for counterfeiting (section 235). (4) Abetting in India the counterfeiting of coin out of India (section 236). (5) Importing or exporting of counterfeit coin (sections 237, 238). (6) Delivering counterfeit coin knowing it to be so (sections 239, 240). (7) Delivering counterfeit coin not known to be so when ﬁrst possessed (section 241"
IPC_1860,261,"[s 261] Effacing writing from substance bearing Government stamp, or removing from document a stamp used for it, with intent to cause loss to Government. Whoever, fraudulently or with intent to cause loss to the Government, removes or effaces from any substance, bearing any stamp issued by Government for the purpose of revenue, any writing or document for which such stamp has been used, or removes from any writing or document a stamp which has been used for such writing or document, in order that such stamp may be used for a different writing or document, shall be punished with imprisonment of either description for a term which may extend to three years, or with ﬁne, or with both. COMMENT.— This section may be compared with sections 246 and 248. It punishes (1) the effacing of a writing from a stamp, and (2) removing of a stamp from a document. THE INDIAN PENAL CODE CHAPTER XII OF OFFENCES RELATING TO COIN AND GOVERNMENT STAMPS The offences described in this Chapter relate to (I) Coins and (II) Government Stamps. (I) Coins.— The offences relating to coins may be classiﬁed into three divisions:— (1) Counterfeiting, (2) alteration, and (3) acts of mint employees. 1. Counterfeiting— "
IPC_1860,262,"[s 262] Using Government stamp known to have been before used. Whoever, fraudulently or with intent to cause loss to the Government, uses for any purpose a stamp issued by Government for the purpose of revenue, which he knows to have been before used, shall be punished with imprisonment of either description for a term which may extend to two years, or with ﬁne, or with both. COMMENT.— Under this section the fraudulent use of a stamp already used is made punishable. THE INDIAN PENAL CODE CHAPTER XII OF OFFENCES RELATING TO COIN AND GOVERNMENT STAMPS The offences described in this Chapter relate to (I) Coins and (II) Government Stamps. (I) Coins.— The offences relating to coins may be classiﬁed into three divisions:— (1) Counterfeiting, (2) alteration, and (3) acts of mint employees. 1. Counterfeiting— (1) Counterfeiting coins (sections 231, 232). (2) Making or selling instrument for counterfeiting (sections 233, 234). (3) Possession of instrument for counterfeiting (section 235). (4) Abetting in India the counterfeiting of coin out of India (section 236). (5) Importing or exporting of counterfeit coin (sections 237, 238). (6) Delivering counterfeit coin knowing it to be so (section"
IPC_1860,263,"[s 263] Erasure of mark denoting that stamp has been used. Whoever, fraudulently or with intent to cause loss to Government, erases or removes from a stamp issued by the Government for the purpose of revenue, any mark, put or impressed upon such stamp for the purpose of denoting that the same has been used, or knowingly has in his possession or sells or disposes of any such stamp from which such mark has been erased or removed, or sells or disposes of any such stamp which he knows to have been used, shall be punished with imprisonment of either description for a term which may extend to three years, or with ﬁne, or with both. COMMENT.— This section punishes (1) erasure or removal of a mark denoting that a stamp has been used, (2) knowingly possessing any such stamp, and (3) selling or disposing of any such stamp. THE INDIAN PENAL CODE CHAPTER XII OF OFFENCES RELATING TO COIN AND GOVERNMENT STAMPS The offences described in this Chapter relate to (I) Coins and (II) Government Stamps. (I) Coins.— The offences relating to coins may be classiﬁed into three divisions:— (1) Counterfeiting, (2) alteration, and (3) acts of mint employees. 1. Counterfeiting— (1) Counterfeiting coins (section"
IPC_1860,264,"[s 264] Fraudulent use of false instrument for weighing. Whoever fraudulently uses any instrument for weighing which he knows to be false, shall be punished with imprisonment of either description for a term which may extend to one year, or with ﬁne, or with both. 1.  Kanayalal, (1939) 41 Bom LR 977 . COMMENT.— Intention is an essential part of the offence under this section. The section requires two things: (1) fraudulent use of any false instrument for weighing, and (2) knowledge that it is false. The word 'false' in this and the following sections means different from the instrument, weight, or measure, which the offender and the person defrauded have ﬁxed upon, expressly or by implication, with reference to their mutual dealings. Where it was agreed between the seller and purchaser that a particular measure was to be used in measuring the commodity sold, it was held that, even though the measure was not of the standard requirement, it was not 'false' and there was no fraudulent intent within the meaning of this section.1. THE INDIAN PENAL CODE CHAPTER XIII OF OFFENCES RELATING TO WEIGHTS AND MEASURES"
IPC_1860,265,"[s 265] Fraudulent use of false weight or measure. Whoever fraudulently uses any false weight or false measure of length or capacity, or fraudulently uses any weight or any measure of length or capacity as a different weight or measure from what it is, shall be punished with imprisonment of either description for a term which may extend to one year, or with ﬁne, or with both. 2.  Suwalal v State, 1962 (2) Cr LJ 693. COMMENT.— It is clear from the above deﬁnition that the prosecution must prove three essential ingredients amongst others as (1) a weight or measure is a false one, (2) that the accused used such a weight or measure, and (3) that he did so fraudulently.2. THE INDIAN PENAL CODE CHAPTER XIII OF OFFENCES RELATING TO WEIGHTS AND MEASURES"
IPC_1860,266,"[s 266] Being in possession of false weight or measure. Whoever is in possession of any instrument for weighing, or of any weight, or of any measure of length or capacity, which he knows to be false, 3.intending that the same may be fraudulently used, shall be punished with imprisonment of either description for a term which may extend to one year, or with ﬁne, or with both. 3.  The word and omitted by Act 42 of 1953, section 4 and Sch. III (w.e.f. 23-12-1953). 4.  Kanayalal, (1939) 41 Bom LR 977 . 5.  Hamirmal, (1890) Unrep Cr C 514. COMMENT.— This section punishes a person who is in possession of a false weight or measure just as sections 235, 239 and 240 punish a person who is in possession of a counterfeit coin, and section 259 punishes a person who is in possession of a counterfeit stamp. A measure is false if it is something other than what it purports to be. If both the purchaser and seller are aware of the actual measure being used, there is no fraudulent intent as required by this section. It is only when the seller purports to sell according to a certain standard, and sells below that standard, that he can be said to be guilty of fraud.4. The mere possession of false weig"
IPC_1860,267,"[s 267] Making or selling false weight or measure. Whoever makes, sells or disposes of any instrument for weighing, or any weight, or any measure of length or capacity which he knows to be false, in order that the same may be used as true, or knowing that the same is likely to be used as true, shall be punished with imprisonment of either description for a term which may extend to one year, or with ﬁne, or with both. COMMENT.— The object of this section is to prevent the circulation of false scales, weights or measures. It punishes a person who makes, sells, or disposes of a false balance, weight or measure. THE INDIAN PENAL CODE CHAPTER XIV OF OFFENCES AFFECTING THE PUBLIC HEALTH, SAFETY CONVENIENCE, DECENCY AND MORALS The following speciﬁc instances of nuisance are dealt with in this Chapter:— 1. Act likely to spread infection (sections 269–271). 2. Adulteration of food or drink (sections 272–273). 3. Adulteration of drugs (sections 274–276). 4. Fouling water of a public spring or reservoir (section 277). 5. Making atmosphere noxious to health (section 278). 6. Rash driving or riding (section 279). 7. Rash navigation (sections 280-282). 8. Exhibition of false light, mark or buoy "
IPC_1860,268,"[s 268] Public nuisance. A person is guilty of a public nuisance, who does any act, or is guilty of an illegal omission, which causes any common injury, danger, or annoyance to the public or to the people in general who dwell or occupy property in the vicinity or which must necessarily cause injury, obstruction, danger, or annoyance to persons who may have occasion to use any public right. A common nuisance is not excused on the ground that it causes some convenience or advantage. COMMENT.— Nuisance is an inconvenience that materially interferes with the ordinary physical comfort of human existence. It may be public or private nuisance. As deﬁned in section 268 Indian Penal Code, 1860 (IPC, 1860) public nuisance is an offence against public either by doing a thing which tends to the annoyance of the whole community in general or by neglect to do anything which the common good requires. On the alternative it causes injury, obstruction, danger or annoyance to persons who may have occasion to use public right. It is the quantum of annoyance or discomfort in contra distinction to private nuisance which affects an individual is the decisive factor.1. Nuisance is of two kinds: (1) public"
IPC_1860,269,"[s 269] Negligent act likely to spread infection of disease dangerous to life. Whoever unlawfully or negligently does any act which is, and which he knows or has reason to believe to be, likely to spread the infection of any disease dangerous to life, shall be punished with imprisonment of either description for a term which may extend to six months, or with ﬁne, or with both. COMMENT.— This section is framed in order to prevent people from doing acts which are likely to spread infectious diseases. Welfare of the society is the primary duty of every civilised State. Section 269, IPC, 1860 makes the negligent act likely to spread infection or disease dangerous to life as an offence. The essential ingredients are: (1) that the accused does any act unlawfully or negligently; that such act is likely to spread infection of any disease dangerous to life; and (2) that he knows or had reasons to believe that the act is likely to cause such infection. 8.  Dr. Meeru Bhatia Prasad v State, 2001 Cr LJ 1674 (Del). 9.  Dr. Prabha Malhotra v State, 1999 Cr LJ 549 (All). Thus causing infection of the disease, which is dangerous to life, is covered by this section.8. The expression ""reason to belie"
IPC_1860,270,"[s 270] Malignant act likely to spread infection of disease dangerous to life. Whoever malignantly does any act which is, and which he knows or has reason to believe to be, likely to spread the infection of any disease dangerous to life, shall be punished with imprisonment of either description for a term which may extend to two years, or with ﬁne, or with both. COMMENT.— The offence under this section is an aggravated form of the offence punishable under the preceding section. In this section, the use of the word 'malignantly' indicates that the person spreading infection should be actuated by malice.10. There is no provision in the Prevention of Food Adulteration Act, 1954 which nulliﬁes sections 270–273 of the IPC, 1860 or which make them dormant and non- applicable.11. 10.  2nd Rep section 226. 11.  Mahesh Ramchandra Jadhav v State of Maharashtra, 1999 Cr LJ 2310 (Bom). 12.  Christy Fried Gram Industry v State of Karnataka, 2016 Cr LJ 482 (Kant) : 2016 (1) KCCR 83 . [s 270.1] Confrontation with Special Law.— Even if section 270 of IPC, 1860 is invoked for supply of substandard food articles the special procedure laid down under Food Safety and Standards Act, 2006 for testing an"
IPC_1860,271,"[s 271] Disobedience to quarantine rule. Whoever knowingly disobeys any rule made and promulgated 13.[by the 14.[***] Government 15.[***] for putting any vessel into a state of quarantine, or for regulating the intercourse of vessels in a state of quarantine with the shore or with other vessels, or for regulating the intercourse between places where an infectious disease prevails and other places, shall be punished with imprisonment of either description for a term which may extend to six months, or with ﬁne, or with both. COMMENT.— The motive for disobeying any rule is quite immaterial. The disobedience is punishable whether any injurious consequence ﬂows from it or not. 13.  Subs. by the A.O. 1937, for by the Government of India or by any Government. 14.  The words Central or any Provincial omitted by the A.O. 1950. 15.  The words or the Crown Representative omitted by the A.O. 1948. THE INDIAN PENAL CODE CHAPTER XIV OF OFFENCES AFFECTING THE PUBLIC HEALTH, SAFETY CONVENIENCE, DECENCY AND MORALS The following speciﬁc instances of nuisance are dealt with in this Chapter:— 1. Act likely to spread infection (sections 269–271). 2. Adulteration of food or drink (sections 272–273). 3. "
IPC_1860,272,"[s 272] Adulteration of food or drink intended for sale. Whoever adulterates any article of food or drink, so as to make such article noxious as food or drink, intending to sell such article as food or drink, or knowing it to be likely that the same will be sold as food or drink, shall be punished with imprisonment of either description for a term which may extend to six months, or with ﬁne which may extend to one thousand rupees, or with both. State Amendments Orissa.—1. The following amendments were made by Orissa Act No. 3 of 1999, s. 2. In its application to the State of Orissa, in sections 272, 273, 274, 275 and 276, for the words ""shall be punished with imprisonment of either description for a term which may extend to six months, or with ﬁne which may extend to one thousand rupees, or with both"", substitute the following, namely:— ""shall be punished with imprisonment for life and shall also be liable to ﬁne: Provided that the Court may, for adequate and special reasons to be mentioned in the judgment, impose a sentence of imprisonment which is less than imprisonment for life.""—Orissa Act 3 of 1999, section 2. 2. The offence is cognizable, non-bailable and triable by Court of "
IPC_1860,273,"[s 273] Sale of noxious food or drink. Whoever sells, or offers or exposes for sale, as food or drink, any article which has been rendered or has become noxious, or is in a state unﬁt for food or drink, knowing or having reason to believe that the same is noxious as food or drink, shall be punished with imprisonment of either description for a term which may extend to six months, or with ﬁne which may extend to one thousand rupees, or with both. State Amendments Orissa.—1. Same as in section 272, the amendments were made by Orissa Act No. 3 of 1999, s. 2. Uttar Pradesh.—1. The following amendments were made by U.P. Act No. 47 of 1975, s. 3(ii), (w.e.f. 15-9- 1975). In its application to the State of Uttar Pradesh in S. 273, for the words, ""shall be punished with imprisonment of either description for a term which may extend to six months, or with a ﬁne which may extend to one thousand rupees or with both, substitute the following words.— ""shall be punished with imprisonment for life and shall also be liable to ﬁne: Provided that the Court may, for adequate and special reasons to be mentioned in the judgment, impose a sentence of imprisonment which is less than imprisonment for life"
IPC_1860,274,"[s 274] Adulteration of drugs. Whoever adulterates any drug or medical preparation in such a manner as to lessen the eﬃcacy or change the operation of such drug or medical preparation, or to make it noxious, intending that it shall be sold or used for, or knowing it to be likely that it will be sold or used for, any medicinal purpose, as if it had not undergone such adulteration, shall be punished with imprisonment of either description for a term which may extend to six months, or with ﬁne which may extend to one thousand rupees, or with both. State Amendments Orissa.—1. Same as in section 272, the amendments were made by Orissa Act No. 3 of 1999, s. 2. Uttar Pradesh.—1. The following amendments were made by U.P. Act No. 47 of 1975, s. 3(ii), (w.e.f. 15-9-1975). In its application to the State of Uttar Pradesh in S. 274, for the words, ""shall be punished with imprisonment of either description for a term which may extend to six months, or with a ﬁne which may extend to one thousand rupees or with both, substitute the following words.— ""shall be punished with imprisonment for life and shall also be liable to ﬁne: Provided that the Court may, for adequate and special reasons to be m"
IPC_1860,275,"[s 275] Sale of adulterated drugs. Whoever, knowing any drug or medical preparation to have been adulterated in such a manner as to lessen its eﬃcacy, to change its operation, or to render it noxious, sells the same, or offers or exposes it for sale, or issues it from any dispensary for medicinal purposes as unadulterated, or causes it to be used for medicinal purposes by any person not knowing of the adulteration, shall be punished with imprisonment of either description for a term which may extend to six months, or with ﬁne which may extend to one thousand rupees, or with both. State Amendments Orissa.—1. Same as in section 272, the amendments were made by Orissa Act No. 3 of 1999, s. 2. Uttar Pradesh.—1. The following amendments were made by U.P. Act No. 47 of 1975, s. 2(iv), (w.e.f. 15-9-1975). In its application to the State of Uttar Pradesh in S. 275, for the words, ""shall be punished with imprisonment of either description for a term which may extend to six months, or with ﬁne which may extend to one thousand rupees or with both, substitute the following words.— ""shall be punished with imprisonment for life and shall also be liable to ﬁne: Provided that the Court may, for ad"
IPC_1860,276,"[s 276] Sale of drug as a different drug or preparation. Whoever knowingly sells, or offers or exposes for sale, or issues from a dispensary for medicinal purposes, any drug or medical preparation, as a different drug or medical preparation, shall be punished with imprisonment of either description for a term which may extend to six months, or with ﬁne which may extend to one thousand rupees, or with both. State Amendments Orissa.—1. Same as in section 272, the amendments were made by Orissa Act No. 3 of 1999, s. 2. Uttar Pradesh.—1. The following amendments were made by U.P. Act No. 47 of 1975, s. 3(v), (w.e.f. 15-9-1975). In its application to the State of Uttar Pradesh in S. 276, for the words, ""shall be punished with imprisonment of either description for a term which may extend to one thousand rupees, or with both, substitute the following:— ""shall be punished with imprisonment for life and shall also be liable to ﬁne: Provided that the Court may, for adequate and special reasons to be mentioned in the judgment, impose a sentence of imprisonment which is less than imprisonment for life."" 2. The offence is cognizable, non-bailable and triable by Court of Session, vide U.P. Act "
IPC_1860,277,"[s 277] Fouling water of public spring or reservoir. Whoever voluntarily corrupts or fouls the water of any public spring or reservoir, so as to render it less ﬁt for the purpose for which it is ordinarily used, shall be punished with imprisonment of either description for a term which may extend to three months, or with ﬁne which may extend to ﬁve hundred rupees, or with both. COMMENT.— The water of a public spring or reservoir belongs to every member of the public in common, and if a person voluntarily fouls it he commits a public nuisance. [s 277.1] Ingredients.— The section requires— (1) voluntary corruption or fouling of water; (2) the water must be of a public spring or reservoir; and 28.  Prasad v State, 2012 (1) Ker LT 861 . (3) the water must be rendered less ﬁt for the purpose for which it is ordinarily used. As a general rule, a place is a public place if people are allowed access to it, though they may have no legal right to it. [s 277.2] Section 277 and Water (Prevention and Control of Pollution) Act, 1974.— The contention that the provisions contained in the Water Act take away the effect of section 277 cannot readily be assumed especially when there is nothing in the"
IPC_1860,278,"[s 278] Making atmosphere noxious to health. Whoever voluntarily vitiates the atmosphere in any place so as to make it noxious to the health of persons in general dwelling or carrying on business in the neighbourhood or passing along a public way, shall be punished with ﬁne which may extend to ﬁve hundred rupees. COMMENT.— Though concepts of air and ecological pollution are rather new, it must be said to the credit of the ﬁrst Law Commission that they too, drafting the code as they did in the ﬁrst half of the nineteenth century, were not oblivious of these social needs. [s 278.1] Smoking in public places.— There can be no doubt that smoking in a public place will vitiate the atmosphere to make it noxious to the health of persons who happened to be there. Therefore, smoking in a public place is an offence punishable under section 278 IPC, 1860.29. 29.  Ramakrishnan v State, AIR 1999 Ker 385 [LNIND 1999 KER 234] . THE INDIAN PENAL CODE CHAPTER XIV OF OFFENCES AFFECTING THE PUBLIC HEALTH, SAFETY CONVENIENCE, DECENCY AND MORALS The following speciﬁc instances of nuisance are dealt with in this Chapter:— 1. Act likely to spread infection (sections 269–271). 2. Adulteration of food or dr"
IPC_1860,279,"[s 279] Rash driving or riding on a public way. Whoever drives any vehicle, or rides, on any public way in a manner so rash or negligent 1 as to endanger human life, 2 or to be likely to cause hurt or injury to any other person, shall be punished with imprisonment of either description for a term which may extend to six months, or with ﬁne which may extend to one thousand rupees, or with both. COMMENT.— Under this section the effect of driving or riding must be either that human life was in fact endangered or that hurt or injury was likely to be caused. [s 279.1] Ingredients.— The section requires two things— 1. Driving of a vehicle or riding on a public way. 2. Such driving or riding must be so rash or negligent as to endanger human life or to be likely to cause hurt or injury to any other person. 1. 'Rash or negligent'.—Rash and negligent driving has to be examined in light of the facts and circumstances of a given case. It is a fact incapable of being construed or seen in isolation. The preliminary conditions, thus, are that (a) it is the manner in which the vehicle is driven; (b) it be driven either rashly or negligently; and (c) such rash or negligent driving should be such as"
IPC_1860,280,"[s 280] Rash navigation of vessel. Whoever navigates any vessel in a manner so rash or negligent as to endanger human life, or to be likely to cause hurt or injury to any other person, shall be punished with imprisonment of either description for a term which may extend to six months, or with ﬁne which may extend to one thousand rupees, or with both. COMMENT.— The last section deals with public ways on land: this section deals with waterways. It deals with the case of inland navigation. Rash or negligent navigation on the high seas is not punished under the Code but under certain special statutes. [s 280.1] CASES.— Petitioners, 33 in number were the distressed and marooned seamen belonging to different nationalities who were the crew of ""ISABELL-III"", wrecked at the reefs of the sea near the Islet of Suheli Par, part of the Lakshadweep group of Islands. The accident happened when the vessel was passing through the Indian territorial waters by way of 76.  Hisa A Sheng v Administrator, Union Territory of Lakshadweep, 2007 Cr LJ 821 . innocent passage; and immediately the matter was informed to the Indian Coast Guard. The Merchant Shipping (Distressed Seamen) Rules, 1960 prescribes th"
IPC_1860,281,"[s 281] Exhibition of false light, mark or buoy. Whoever exhibits any false light, mark or buoy, intending or knowing it to be likely that such exhibition will mislead any navigator, shall be punished with imprisonment of either description for a term which may extend to seven years, or with ﬁne, or with both. COMMENT.— Intentional exhibition of a false light, mark or buoy, with a view to mislead any navigator is punishable under this section. THE INDIAN PENAL CODE CHAPTER XIV OF OFFENCES AFFECTING THE PUBLIC HEALTH, SAFETY CONVENIENCE, DECENCY AND MORALS The following speciﬁc instances of nuisance are dealt with in this Chapter:— 1. Act likely to spread infection (sections 269–271). 2. Adulteration of food or drink (sections 272–273). 3. Adulteration of drugs (sections 274–276). 4. Fouling water of a public spring or reservoir (section 277). 5. Making atmosphere noxious to health (section 278). 6. Rash driving or riding (section 279). 7. Rash navigation (sections 280-282). 8. Exhibition of false light, mark or buoy (section 281). 9. Danger or obstruction in a public way or line of navigation (section 283). 10. Negligence in respect of poison (section 284), ﬁre (section 285) or exp"
IPC_1860,282,"[s 282] Conveying person by water for hire in unsafe or overloaded vessel. Whoever knowingly or negligently conveys, or causes to be conveyed for hire, any person by water in any vessel, when that vessel is in such a state or so loaded as to endanger the life of that person, shall be punished with imprisonment of either description for a term which may extend to six months, or with ﬁne which may extend to one thousand rupees, or with both. COMMENT.— This section provides against the negligence of common carriers by water. Where a person, with the assistance of two others, plied a ferryboat, which was out of order and had a crack, and he took in one hundred passengers, and consequently the boat was upset, and seven persons were drowned, it was held that the accused had committed an offence under this section.77. Where the lessee of a public ferry knew that boats were usually overloaded but took no steps against it and allowed his boatmen to overload them as they liked and in consequence, a boat sank with some passengers, it was held that the lessee was guilty of criminal negligence and liable under this 77.  Khoda Jagta, (1864) 1 BHC (Cr C) 137. 78.  Tofel Ahmad Miya, (1933) 61 Cal "
IPC_1860,283,"[s 283] Danger or obstruction in public way or line of navigation. Whoever, by doing any act, or by omitting to take order with any property in his possession or under his charge, causes danger, obstruction or injury to any person in any public way 1 or public line of navigation, shall be punished with ﬁne which may extend to two hundred rupees. COMMENT.— The offence punishable under this section is the nuisance of causing obstruction, in a public way or navigable river or canal: [s 283.1] Ingredients.— The section requires two things— 1. A person must do an act or omit to take order with any property in his possession or under his charge. 81.  Venkappa v State, (1913) 38 Mad 305. 82.  Prannath Kundu, (1929) 57 Cal 526 . 83.  Nand Ram v State, (1969) Cr LJ 77 . 84.  Jai Ram v State of Rajasthan, 2001 Cr LJ 3915 (Raj). 2. Such act or omission must cause danger, obstruction or injury to any person in any public way or line of navigation. It is not necessary to prove that any speciﬁc individual was actually obstructed.81. 1. 'Public way'.—Where the privilege of a right of way is enjoyed only by a particular section of the community or by the inhabitants of two or three villages and no"
IPC_1860,284,"[s 284] Negligent conduct with respect to poisonous substance. Whoever does, with any poisonous substance, any act in a manner so rash or negligent as to endanger human life, or to be likely to cause hurt or injury to any person, or knowingly or negligently omits to take such order with any poisonous substance in his possession as is suﬃcient to guard against any probable danger to human life from such poisonous substance, shall be punished with imprisonment of either description for a term which may extend to six months, or with ﬁne which may extend to one thousand rupees, or with both. COMMENT.— Under the second part of this section, a person in possession of a poisonous substance should have negligently omitted to take such order with it as is suﬃcient to guard against any probable danger to human life from such substance. It is not 85.  Hosein Beg, (1882) PR No. 16 of 1882. necessary that the negligent omission should be followed by any disastrous consequences.85. THE INDIAN PENAL CODE CHAPTER XIV OF OFFENCES AFFECTING THE PUBLIC HEALTH, SAFETY CONVENIENCE, DECENCY AND MORALS The following speciﬁc instances of nuisance are dealt with in this Chapter:— 1. Act likely to spread in"
IPC_1860,285,"[s 285] Negligent conduct with respect to ﬁre or combustible matter. Whoever does, with ﬁre or any combustible matter, any act so rashly or negligently as to endanger human life, or to be likely to cause hurt or injury to any other person, or knowingly or negligently omits to take such order with any ﬁre or any combustible matter in his possession as is suﬃcient to guard against any probable danger to human life from such ﬁre or combustible matter, shall be punished with imprisonment of either description for a term which may extend to six months, or with ﬁne which may extend to one thousand rupees, or with both. COMMENT.— This section extends the provisions of the preceding section to ﬁre or any other combustible matter. [s 285.1] Cases.— 86.  Ejaj Ahmad v State of Jharkhand, 2010 Cr LJ 1953 (Jha). 87.  Kurban Hussein Mohamedalli Bangawalla v State of Maharashtra, AIR 1965 SC 1616 [LNIND 1964 SC 355] : 1965 (2) SCR 622 [LNIND 1964 SC 355] . 88.  Madhusudan v State of Karnataka, 2011 Cr LJ 215 (Kant). A factory worker allegedly died due to rash and negligent act of occupier or manager. It was argued that section 92 of Factories Act, 1948 prescribes punishment to occupier or manager"
IPC_1860,286,"[s 286] Negligent conduct with respect to explosive substance. Whoever does, with any explosive substance, any act so rashly or negligently as to endanger human life, or to be likely to cause hurt or injury to any other person, or knowingly or negligently omits to take such order with any explosive substance in his possession as is suﬃcient to guard against any probable danger to human life from that substance, shall be punished with imprisonment of either description for a term which may extend to six months, or with ﬁne which may extend to one thousand rupees, or with both. COMMENT.— The foregoing section deals with 'ﬁre or combustible matter', this with 'explosive substance'; otherwise, the provisions of both the sections are alike. The word 'knowingly' is evidently used in this section advisedly. 89.  T Amudha Sidhanathan v Union Territory, Chandigarh, 2008 Cr LJ 937 (P&H). [s 286.1] Limitation.— In a case, the occurrence took place as far back as in the year 1995 and the challan was presented in the year 2006. The prosecution was launched against the petitioners beyond the period of limitation as prescribed under the statute. Proceedings under sections 286 and 9-B and 9-C of t"
IPC_1860,287,"[s 287] Negligent conduct with respect to machinery. Whoever does, with any machinery, any act so rashly or negligently as to endanger human life or to be likely to cause hurt or injury to any other person, or knowingly or negligently omits to take such order with any machinery in his possession or under his care as is suﬃcient to guard against any probable danger to human life from such machinery, shall be punished with imprisonment of either description for a term which may extend to six months, or with ﬁne which may extend to one thousand rupees, or with both. COMMENT.— Machinery is dangerous to human life if proper precaution is not taken in its working. This section renders any rash or negligent conduct in respect of machinery punishable. Section 284 deals with poison; section 285, with ﬁre or combustible matter, section 286, with explosive substance; and this section, with machinery. 90.  Raj Kumar Bansal v State of Jharkhand, 2012 Cr LJ (NOC) 554 (Jha). Death of the victim occurred when his hand got crushed in conveyor belt while repairing it. There is no evidence to prove that the accused knowingly or negligently failed to take precautions against probable danger. It is hel"
IPC_1860,288,"[s 288] Negligent conduct with respect to pulling down or repairing buildings. Whoever, in pulling down or repairing any building, knowingly or negligently omits to take such order with that building as is suﬃcient to guard against any probable danger to human life from the fall of that building, or of any part thereof, shall be punished with imprisonment of either description for a term which may extend to six months, or with ﬁne which may extend to one thousand rupees, or with both. COMMENT.— This section deals with negligent conduct with respect to pulling down or repairing buildings. The injury complained of must be the direct consequence of such negligent conduct.91. section 288, IPC, 1860, concerns itself with a situation where a person, in pulling down or repairing and building, knowingly or negligently omits to take such order with that building as is suﬃcient to guard against any probable danger to human life from the fall of that building, or any part thereof.92. 91.  Manohar Shriniwas v Avtarsingh, (1969) 72 Bom LR 629 . 92.  Abdul Kalam v State, 2006 Cr LJ 3071 (Del). THE INDIAN PENAL CODE CHAPTER XIV OF OFFENCES AFFECTING THE PUBLIC HEALTH, SAFETY CONVENIENCE, DECENCY "
IPC_1860,289,"[s 289] Negligent conduct with respect to animal. Whoever knowingly or negligently omits to take such order with any animal in his possession 1 as is suﬃcient to guard against any probable danger to human life, or any probable danger of grievous hurt from such animal, 2 shall be punished with imprisonment of either description for a term which may extend to six months, or with ﬁne which may extend to one thousand rupees, or with both. COMMENT.— This section deals with improper or careless management of animals. It does not refer to savage animals alone, but to any 'animal', wild or domestic, e.g., a pony.93. In the case of wild and savage animals, a savage or mischievous temper is presumed to be known to their owner and to all men as a usual accompaniment of such animals; and hence a positive duty is cast on the owner to protect the public against the mischief resulting from such animals being at large. Anyone who keeps such a wild 93.  Chand Manal, (1872) 19 WR (Cr) 1. 94.  See the authors' LAW OF TORTS, 19th Edn, chapter XX. 95.  Moti, (1954) Nag 585. 96.  Chand Manal, (1872) 19 WR (Cr) 1. 97.  Natha Reva, (1881) Unrep Cr C 163. animal as a tiger or bear, which escapes and does d"
IPC_1860,290,"[s 290] Punishment for public nuisance in cases not otherwise provided for. Whoever commits a public nuisance in any case not otherwise punishable by this Code, shall be punished with ﬁne which may extend to two hundred rupees. COMMENT.— This section provides for the punishment of a nuisance falling within the four corners of the deﬁnition given in section 268 but not punishable under any other section. [s 290.1] CASES.— The display of unauthorized hoardings / banners / posters not only result in defacement of public property and any place open to public view, but is an eyesore to the viewers thereby causing public nuisance. In a given case, it may also result in obstructing the free ﬂow of traﬃc on the public roads. The same would not only be unlawful but unjust and unreasonable, irrespective of whether it has the effect of advertisement or otherwise. Suﬃce it to observe that the Authorities have a bounden duty to prevent and regulate display of illegal hoardings / banners / posters in the 98.  SP Jadhav v State of Maharashtra, AIR 2010 (4) Bom section 548. 99.  Kurnool Municipality, 1973 Cr LJ 1227 (AP). 100.  Chakra Behera, 1974 Cr LJ 423 (Ori). 101.  Berhampore Municipality v O"
IPC_1860,291,"[s 291] Continuance of nuisance after injunction to discontinue. Whoever repeats or continues a public nuisance, having been enjoined by any public servant who has lawful authority to issue such injunction not to repeat or continue such nuisance, shall be punished with simple imprisonment for a term which may extend to six months, or with ﬁne, or with both. COMMENT.— This section punishes a person repeating or continuing a nuisance after he is enjoined by a public servant not to repeat or continue it. Sections 142 and 143 of the Cr PC, 1973 empower a Magistrate to forbid an act causing public nuisance. THE INDIAN PENAL CODE CHAPTER XIV OF OFFENCES AFFECTING THE PUBLIC HEALTH, SAFETY CONVENIENCE, DECENCY AND MORALS The following speciﬁc instances of nuisance are dealt with in this Chapter:— 1. Act likely to spread infection (sections 269–271). 2. Adulteration of food or drink (sections 272–273). 3. Adulteration of drugs (sections 274–276). 4. Fouling water of a public spring or reservoir (section 277). 5. Making atmosphere noxious to health (section 278). 6. Rash driving or riding (section 279). 7. Rash navigation (sections 280-282). 8. Exhibition of false light, mark or buoy (secti"
IPC_1860,292,"[s 292] Sale, of obscene book, 104.[(1) For the purposes of sub-section (2), a book, pamphlet, paper, writing, drawing, painting, representation, ﬁgure or any other object, shall be deemed to be obscene if it is lascivious or appeals to the prurient interest or if its effect, or (where it comprises two or more distinct items) the effect of any one of its items, is if taken as a whole, such as to tend to deprave and corrupt persons who are likely, having regard to all relevant circumstances, to read, see or hear the matter contained or embodied in it.] 105.[(2)] Whoever— (a) sells, lets to hire, distributes, publicly exhibits or in any manner puts into circulation, or for purposes of sale, hire, distribution, public exhibition or circulation, makes, produces or has in his possession any  obscene  book,  pamphlet,  paper,  drawing,  painting, representation or ﬁgure or any other obscene object whatsoever, or (b) imports, exports or conveys any obscene object for any of the purposes aforesaid, or knowing or having reason to believe that such object will be sold, let to hire, distributed or publicly exhibited or in any manner put into circulation, or (c) takes part in or receives proﬁt"
IPC_1860,293,"[s 293] Sale, of obscene objects to young person. Whoever sells, lets to hire, distributes, exhibits or circulates to any person under the age of twenty years any such obscene object as is referred to in the last preceding section, or offers or attempts so to do, shall be punished 2 [on ﬁrst conviction with imprisonment of either description for a term which may extend to three years, and with ﬁne which may extend to two thousand rupees, and, in the event of a second or subsequent conviction, with imprisonment of either description for a term which may extend to seven years, and also with ﬁne which may extend to ﬁve thousand rupees].] State Amendments Orissa.—The following amendments were made by Orissa Act No. 13 of 1962, s. 4 (w.e.f. 16-5-1962). In its application to the whole State of Orissa, in Section 293:— In section 293 of the said Code— (i) for the words ""any such obscene object as is referred to in the last preceding section"", the words, ﬁgures and letter ""any such obscene object as is referred to in section 292 or any such newspaper, periodical, circular, picture or other printed or written document as is referred to in section 292-A"" shall be substituted; (ii) for the wo"
IPC_1860,294,"[s 294] Obscene acts and songs. [Whoever, to the annoyance of others— (a) does any obscene act in any public place, or (b) sings, recites or utters any obscene songs, ballad or words, in or near any public place, shall be punished with imprisonment of either description for a term which may extend to three months, or with ﬁne, or with both.] COMMENT.— Ingredients.—(i) the offender has done any obscene act in any public place or has sung, recited or uttered any obscene songs or words in or near any public place; and (ii) has so caused annoyance to others. If the act complained of is not obscene, or is not done in any public place, or the song recited or uttered is not obscene, or is not sung, recited or uttered in or near any public place, or that it causes no annoyance to others, the offence is not committed.163. To fall within the scope of 'obscene' under sections 292 and 294 IPC, 1860, the ingredients of the impugned matter/art must lie at the extreme end of the spectrum of the offensive matter. The legal test of obscenity is satisﬁed only when the impugned art/matter can be said to appeal to an unhealthy, inordinate person having perverted interest in sexual matters or having a "
IPC_1860,295,"[s 295] Injuring or deﬁling place of worship with intent to insult the religion of any class. Whoever destroys, damages or deﬁles 1 any place of worship, or any object2. held sacred by any class of persons3. with the intention of thereby insulting the religion of any class of persons or with the knowledge that any class of persons is likely to consider such destruction, damage or deﬁlement as an insult to their religion, shall be punishble with imprisonment of either description for a term which may extend to two years, or with ﬁne, or with both. COMMENT.— The object of this section is to punish those persons who intentionally wound the religious feelings of others by injuring or deﬁling a place of worship. This section is intended to prevent wanton insult to the religious notions of a class of persons.2 [s 295.1] Ingredients.— This section requires two things— 1. Destruction, damage or deﬁlement of (a) any place of worship or (b) any object held sacred by a class of persons. 2. Such destruction, etc., must have been done (i) with the intention of insulting the religion of a class of persons, or (ii) with the knowledge that a class of persons is likely to consider such destruction,"
IPC_1860,296,"[s 296] Disturbing religious assembly. Whoever voluntarily causes disturbance to any assembly lawfully engaged in the performance of religious worship, or religious ceremonies, shall be punished with imprisonment of either description for a term which may extend to one year, or with ﬁne, or with both. COMMENT.— Assemblies held for religious worship, or for the performance of religious ceremonies, are hereby protected from intentional disturbance. The object of this section is to secure freedom from molestation when people meet for the performance of acts in a quiet spot vested for the time in the assembly exclusively, and not when they engage in worship in an unquiet place, open to all the public as a thoroughfare.34. [s 296.1] Ingredients.— To constitute an offence under this section— (1) There must be a voluntary disturbance caused. (2) The disturbance must be caused to an assembly engaged in religious worship or religious ceremonies. (3) The assembly must be lawfully engaged in such worship or ceremonies, i.e., it must be doing what it has a right to do. [s 296.2] CASES.—Disturbance caused by saying 'amin'.— A mosque is a place where all sects of Mohammedans are entitled to go a"
IPC_1860,297,"[s 297] Trespassing on burial places, etc. Whoever, with the intention of wounding the feelings of any person, or of insulting the religion of any person, or with the knowledge that the feelings of any person are likely to be wounded, or that the religion of any person is likely to be insulted thereby, commits any trespass in any place of worship 1 or on any place of sepulchre, or any place set apart from the performance of funeral rites 2 or as a depository for the remains of the dead, or offers any indignity to any human corpse, 3 or causes disturbance to any persons assembled for the performance of funeral ceremonies, shall be punished with imprisonment of either description for a term which may extend to one year, or with ﬁne, or with both. COMMENT.— This section deals more especially with trespasses on places of sepulchre and places set apart for the performance of funeral rites and as depositories for the remains of the dead. It extends the principle laid down in section 295 to places which are treated as sacred. The essence of the section is an intention, or knowledge of likelihood, to wound feelings or insult religion and when with that intention or knowledge trespass on a "
IPC_1860,298,"[s 298] Uttering words, etc., with deliberate intent to wound religious feelings. Whoever, with the deliberate intention of wounding the religious feelings of any person, utters any word or makes any sound in the hearing of that person or makes any gesture in the sight of that person or places any object in the sight of that person, shall be punished with imprisonment of either description for a term which may extend to one year, or with ﬁne, or with both. State Amendment Andhra Pradesh.— In Andhra Pradesh the offence is cognizable vide A.P. G.O. Ms. No. 732, dated 5-12-1991. COMMENT.— The authors of the Code observe: ""In framing this clause we had two objects in view: we wish to allow all fair latitude to religious discussion, and at the same time to prevent the professors of any religion from offering, under the pretext of such discussion, intentional insults to what is held sacred by others. We do not conceive that any person can be justiﬁed in wounding with deliberate intention the religious feelings of his neighbours by words, gestures or exhibitions. A warm expression dropped in the heat of controversy, or an argument urged by a person, not for the purpose of insulting and an"
IPC_1860,299,"[s 299] Culpable homicide. Whoever causes death by doing an act with the intention of causing death, or with the intention of causing such bodily injury as is likely to cause death, or with the knowledge that he is likely by such act to cause death, commits the offence of culpable homicide. ILLUSTRATIONS (a) A lays sticks and turf over a pit, with the intention of thereby causing death, or with the knowledge that death is likely to be thereby caused. Z believing the ground to be ﬁrm, treads on it, falls in and is killed. A has committed the offence of culpable homicide. (b) A knows Z to be behind a bush. B does not know it. A, intending to cause, or knowing it to be likely to cause Z's death, induces B to ﬁre at the bush. B ﬁres and kills Z. Here B may be guilty of no offence; but A has committed the offence of culpable homicide. (c) A, by shooting at a fowl with intent to kill and steal it, kills B, who is behind a bush; A not knowing that he was there. Here, although A was doing an unlawful act, he was not guilty of culpable homicide, as he did not intend to kill B, or to cause death by doing an act that he knew was likely to cause death. Explanation 1.—A person who causes bodily"
IPC_1860,300,"[s 300] Murder. Except in the cases hereinafter excepted, culpable homicide is murder, if the act by which the death is caused is done with the intention of causing death, or— Secondly.—If it is done with the intention of causing such bodily injury as the offender knows to be likely to cause the death of the person to whom the harm is caused, or— Thirdly.—If it is done with the intention of causing bodily injury to any person and the bodily injury intended to be inﬂicted is suﬃcient in the ordinary course of nature to cause death, or— Fourthly.—If the person committing the act knows that it is so imminently dangerous that it must, in all probability, cause death or such bodily injury as is likely to cause death, and commits such act without any excuse for incurring the risk of causing death or such injury as aforesaid. ILLUSTRATIONS (a) A shoots Z with the intention of killing him. Z dies in consequence. A commits murder. (b) A, knowing that Z is labouring under such a disease that a blow is likely to cause his death, strikes him with the intention of causing bodily injury. Z dies in consequence of the blow. A is guilty of murder, although the blow might not have been suﬃcient in t"
IPC_1860,301,"[s 301] Culpable homicide by causing death of person other than person whose death was intended. If a person, by doing anything which he intends or knows to be likely to cause death, commits culpable homicide by causing the death of any person, whose death he neither intends nor knows himself to be likely to cause, the culpable homicide committed by the offender is of the description of which it would have been if he had caused the death of the person whose death he intended or knew himself to be likely to cause. COMMENT.— Doctrine of transferred malice.—Section 301 of IPC, 1860 speciﬁes that if a person by doing anything which he intends or knows to be likely to cause death, commits culpable homicide by causing death of any person whose death he neither intends, nor knows himself to be likely to cause, culpable homicide committed by the offender is of the description of which it would have been, if he had caused the death of the person, whose death he intended or knew himself to be likely to cause.183. Blow aimed at the intended victim, if alights on another, offence is the same as it would have been if the blow had struck the intended victim.184. This section lays down that culpa"
IPC_1860,302,"[s 302] Punishment for murder. Whoever commits murder shall be punished with death, or 196.[imprisonment for life], and shall also be liable to ﬁne. COMMENT.— Section 302 provides the punishment for murder. It stipulates a punishment of death or imprisonment for life and ﬁne. Once an offender is found by the Court to be guilty of the offence of murder under section 302, then it has to sentence the offender to either death or for imprisonment for life. The Court has no power to impose any lesser sentence. [s 302.1] Punishment for murder.—Evolution.— Cr PC, 1898 had section 376(5) which required that if an accused is convicted of an offence punishable with death and the Court sentences him with any punishment other than death, the Court shall, in its judgment, give reasons why death sentence was not passed. The provision of section 367(5) of the 1898 Code reads as follows: (5) If the accused is convicted of an offence punishable with death, and the Court sentences him to any punishment other than death, the Court shall in its judgment state the reason why sentence of death was not passed. In 1955, Cr PC (Amendment) Act, 1955 deleted the aforesaid section 367(5) of the 1898 Code. As a"
IPC_1860,303,"[s 303] Punishment for murder by life convict. Whoever, being under sentence of 316.[imprisonment for life], commits murder, shall be punished with death. 316.  Subs. by Act 26 of 1955, section 117 and Sch., for ""transportation for life"" (w.e.f. 1-1-1956). 317.  Mithu, 1983 Cr LJ 811 (SC) : AIR 1983 SC 473 [LNIND 1983 SC 105] : 1983 Mad LJ (Cr) 485 : (1983) 2 SCC 277 [LNIND 1983 SC 105] : 1983 SCC (Cr) 405 : (1983) 1 SCJ 327 [LNIND 1983 SC 105] . See Balkar Singh v State of Punjab, AIR 1991 SC 1225 : 1991 Cr LJ 1712 , sentence of participating co-accused found guilty by virtue of section 34 converted into life imprisonment. A prosecution under section 302 for causing death by a motor vehicle is not a bar to a civil claim arising out of the same accident. The civil proceeding is not likely to prejudice the position of the accused in the criminal proceeding. Raja Ram Garg v Chhanga Singh, AIR 1992 All 28 [LNIND 1991 ALL 397] . See also Bhagwan Bax Singh, 1984 Cr LJ 928 (SC) : AIR 1984 SC 1120 : (1984) 1 SCC 278 . 318.  State of Punjab v Dalbir Singh, AIR 2012 SC 1040 [LNIND 2012 SC 93] : 2012 (3) SCC 346 [LNIND 2012 SC 93] . See also State of Rajasthan v Manoj Yadav, 2012 Cr LJ 456 ("
IPC_1860,304,"[s 304] Punishment for culpable homicide not amounting to murder. Whoever commits culpable homicide not amounting to murder shall be punished with 319.[imprisonment for life], or imprisonment of either description for a term which may extend to ten years, and shall also be liable to ﬁne, if the act by which the death is caused is done with the intention of causing death, or of causing such bodily injury as is likely to cause death, or with imprisonment of either description for a term which may extend to ten years, or with ﬁne, or with both, if the act is done with the knowledge that it is likely to cause death, but without any intention to cause death, or to cause such bodily injury as is likely to cause death. COMMENT.— This section provides punishment for culpable homicide not amounting to murder. Under it, there are two kinds of punishments applying to two different circumstances: (1) If the act by which death is caused is done with intention of causing death or such bodily injury as is likely to cause death, the punishment is imprisonment for life, or imprisonment of either description for a term which may extend to 10 years and ﬁne. (2) If the act is done with knowledge that "
IPC_1860,305,"[s 305] Abetment of suicide of child or insane person. If any person under eighteen years of age, any insane person, any delirious person, any idiot, or any person in a state of intoxication, commits suicide, whoever abets the commission of such suicide, shall be punished with death or 575.[imprisonment for life], or imprisonment for a term not exceeding ten years, and shall also be liable to ﬁne. 575.  Subs. by Act 26 of 1955, section 117 and Sch, for ""transportation for life"" (w.e.f. 1 January 1956). 576.  Chandan Soni v State, 2006 Cr LJ 3528 (Chh). COMMENT.— This and the following section have been inserted because the ordinary law of abetment is inapplicable. They apply when suicide is in fact committed. In order to frame charge under section 305 of IPC, 1860 the material placed by the prosecution before the trial judge must be such that if it is accepted at its face value, it would establish that the commission of suicide by the girl below 18 years of age was the direct and proximate cause of the abetment or instigation offered by the applicant.576. THE INDIAN PENAL CODE CHAPTER XVI OF OFFENCES AFFECTING THE HUMAN BODY OF OFFENCES AFFECTING LIFE"
IPC_1860,306,"[s 306] Abetment of suicide. If any person commits suicide, whoever abets the commission of such suicide, shall be punished with imprisonment of either description for a term which may extend to ten years, and shall also be liable to ﬁne. COMMENT.— Abetment of suicide is punishable under this section and attempt to commit suicide, under section 309. [s 306.1] Ingredients.— The ingredients of abetment of suicide are as follows: The prosecution has to prove— (i) the deceased committed suicide; (ii) the accused instigated or abetted the commission of suicide; (iii) direct involvement by the accused in such abetment or instigation is necessary.577. In Ramesh Kumar v State of Chhattisgarh,578. the Supreme Court held that where the accused by his acts or by a continued course of conduct creates such circumstances that the deceased was left with no other option but to commit suicide, an ""instigation"" may be inferred. In other words, in order to prove that the accused abetted commission of suicide by a person, it has to be established that (a) the accused kept on irritating or annoying the deceased by words, deeds or wilful omission or conduct which may even be a wilful silence until the d"
IPC_1860,307,"[s 307] Attempt to murder. Whoever does any act with such intention or knowledge, and under such circumstances that, if he by that act caused death, he would be guilty of murder, shall be punished with imprisonment of either description for a term which may extend to ten years, and shall also be liable to ﬁne, and if hurt is caused to any person by such act, the offender shall be liable either to 630.[imprisonment for life], or to such punishment as is hereinbefore mentioned. Attempts by life convicts. 631.[When any person offending under this section is under sentence of 632. [imprisonment for life], he may, if hurt is caused, be punished with death.] ILLUSTRATIONS (a) A shoots at Z with intention to kill him, under such circumstances that, if death ensued. A would be guilty of murder. A is liable to punishment under this section. (b) A, with the intention of causing the death of a child of tender years, exposes it in a desert place. A has committed the offence deﬁned by this section, though the death of the child does not ensue. (c) A, intending to murder Z, buys a gun and loads it. A has not yet committed the offence. A ﬁres the gun at Z. He has committed the offence deﬁned in t"
IPC_1860,308,"[s 308] Attempt to commit culpable homicide. Whoever does any act with such intention or knowledge and under such circumstances that, if he by that act caused death, he would be guilty of culpable homicide not amounting to murder, shall be punished with imprisonment of either description for a term which may extend to three years, or with ﬁne, or with both; and, if hurt is caused to any person by such act, shall be punished with imprisonment of either description for a term which may extend to seven years, or with ﬁne, or with both. ILLUSTRATION A, on grave and sudden provocation, ﬁres a pistol at Z, under such circumstances that if he thereby caused death he would be guilty of culpable homicide not amounting to murder. A has committed the offence deﬁned in this section. COMMENT.— The wording of this section is the same as that of the preceding one except that it deals with an attempt to commit culpable homicide. The punishment provided is, therefore, not so severe. Before an accused can be held to be guilty under section 308 IPC, 1860 it was necessary to arrive at a ﬁnding that the ingredients thereof, namely, requisite intention or knowledge was existing.656. When the accused can"
IPC_1860,309,"[s 309] Attempt to commit suicide. Whoever attempts to commit suicide and does any act towards the commission of such offence, shall be punished with simple imprisonment for a term which may extend to one year 663.[or with ﬁne, or with both]. COMMENT.— Suicide by itself is not an offence under either English or Indian Criminal Law, though at one time it was a felony in England.664. It is a unique legal phenomenon in the IPC, 1860 that the only act, the attempt of which alone will become an offence. The person who attempts to commit suicide is guilty of the offence under section 309 IPC, 1860 whereas the person who committed suicide cannot be reached at all. Section 306 renders the person who abets the commission of suicide punishable for which the condition precedent is that suicide should necessarily have been committed.665. The act done must be in the course of the attempt, otherwise no offence is committed. Where a woman with the intention of committing suicide by throwing herself in a well, actually ran towards it, when she was seized by a person, it was held that she might have changed her mind, and she was caught before she did anything which might have been regarded as the c"
IPC_1860,310,"[s 310] Thug. Whoever, at any time after the passing of this Act, shall have been habitually associated with any other or others for the purpose of committing robbery or child- stealing by means of or accompanied with murder, is a thug. COMMENT.— This and the following section incorporate the provisions of the Thuggee Act of 1836. THE INDIAN PENAL CODE CHAPTER XVI OF OFFENCES AFFECTING THE HUMAN BODY OF OFFENCES AFFECTING LIFE"
IPC_1860,311,"[s 311] Punishment. Whoever is a thug shall be punished with 689.[imprisonment for life], and shall also be liable to ﬁne. 689.  Subs. by Act 26 of 1955, section 117 and Sch, for ""transportation for life"" (w.e.f. 1-1-1956). COMMENT.— Gangs of persons habitually associated for the purpose of inveigling and murdering travellers or others in order to take their property, etc., are called thugs. Thugs are robbers and dacoits, but all robbers and dacoits are not thugs. Thugs committed robbery or dacoity or kidnapping are always accompanied with murder. Killing of the victim was the essential thing (still in MP & UP ravines). THE INDIAN PENAL CODE CHAPTER XVI OF OFFENCES AFFECTING THE HUMAN BODY OF OFFENCES AFFECTING LIFE Of the Causing of Miscarriage, of Injuries to unborn Children, of the Exposure of Infants, and of the Concealment of Births."
IPC_1860,312,"[s 312] Causing miscarriage. Whoever voluntarily causes a woman with child1 to miscarry, shall, if such miscarriage2 be not caused in good faith for the purpose of saving the life of the woman, be punished with imprisonment of either description for a term which may extend to three years, or with ﬁne, or with both; and, if the woman be quick with child,3 shall be punished with imprisonment of either description for a term which may extend to seven years, and shall also be liable to ﬁne. Explanation.—A woman who causes herself to miscarry, is within the meaning of this section. COMMENT.— This section deals with the causing of miscarriage with the consent of the woman, while the next section deals with the causing of miscarriage without such consent. The Medical Termination of Pregnancy Act, 1971 (34 of 1971) provides for the termination of pregnancy by registered medical practitioners where its continuance would involve a risk to the life of the pregnant woman or grave injury to her physical or mental health or where there is a substantial risk that if the child was born, it would suffer from such physical or mental abnormalities as to be seriously handicapped. Where the pregnancy i"
IPC_1860,313,"[s 313] Causing miscarriage without woman's consent. Whoever commits the offence deﬁned in the last preceding section without the consent of the woman, whether the woman is quick with child or not, shall be punished with 695.[imprisonment for life], or with imprisonment of either description for a term which may extend to ten years, and shall also be liable to ﬁne. 695.  Subs. by Act 26 of 1955, section 117 and Sch, for ""transportation for life"" (w.e.f. 1-1-1956). 696.  Tulsi Devi v State of UP, 1996 Cr LJ 940 (All). 697.  Shantaram Krishna Karkhandis v State of Maharashtra, 2007 Cr LJ 149 (Bom). See also Pranab Kanti Sen v State of WB, 2010 Cr LJ 162 (Cal). COMMENT.— Under this section the act should have been done without the consent of the woman. Under it the person procuring the abortion is alone punished; under section 312 such person as well as the woman who causes herself to miscarry are both punished. Where the accused woman kicked a pregnant woman in her abdomen resulting in miscarriage, her conviction under section 313 was sustained.696. [s 313.1] CASES.— Section 313 would be attracted only if it is established that the pregnancy is terminated without the consent of the p"
IPC_1860,314,"[s 314] Death caused by act done with intent to cause miscarriage—. Whoever, with intent to cause the miscarriage of a woman with child, does any act which causes the death of such woman, shall be punished with imprisonment of either description for a term which may extend to ten years, and shall also be liable to ﬁne, if act done without woman's consent. And if the act is done without the consent of the woman, shall be punished either with 698.[imprisonment for life], or with the punishment above mentioned. Explanation.— It is not essential to this offence that the offender should know that the act is likely to cause death. COMMENT.— This section provides for the case where death occurs in causing miscarriage. The act of the accused must have been done with intent to cause the miscarriage of a woman with child. [s 314.1] CASES.— The son-in-law of a pregnant woman left her at the house of the accused doctor. Her dead body was recovered from the place where it was buried in the accused's house. It was in a decomposed state. The accused made extra-judicial confessions to three different persons to the effect that the death took place during abortion. Circumstantial evidence also prov"
IPC_1860,315,"[s 315] Act done with intent to prevent child being born alive or to cause it to die after birth. Whoever before the birth of any child does any act with the intention of thereby preventing that child from being born alive or causing it to die after its birth, and does by such act prevent that child from being born alive, or causes it to die after its birth, shall, if such act be not caused in good faith for the purpose of saving the life of the mother, be punished with imprisonment of either description for a term which may extend to ten years, or with ﬁne, or with both. COMMENT.— Any act done with the intention here mentioned which results in the destruction of the child's life, whether before or after its birth, is made punishable. So far as offence punishable under section 315 of the IPC, 1860 is concerned, the offence is committed by a person who before the birth of any child does any act with the intention of thereby preventing that child from being born alive or causing it to die after its birth, and does by such act prevent that child from being born alive, or causes it to die after its birth, if such act be not caused in good faith for the purpose of saving the life of the"
IPC_1860,316,"[s 316] Causing death of quick unborn child by act amounting to culpable homicide. Whoever does any act under such circumstances, that if he thereby caused death he would be guilty of culpable homicide, and does by such act cause the death of a quick unborn child, shall be punished with imprisonment of either description for a term which may extend to ten years, and shall also be liable to ﬁne. ILLUSTRATION A, knowing that he is likely to cause the death of a pregnant woman does an act which, if it caused the death of the woman would amount to culpable homicide. The woman is injured, but does not die; but the death of an unborn quick child with which she is pregnant is thereby caused. A is guilty of the offence deﬁned in this section. COMMENT.— This section punishes offences against children in the womb where the pregnancy has advanced beyond the stage of quickening and where the death is caused after the quickening and before the birth of the child. Any act or omission of such a nature and done under such circumstances as would amount to the offence of culpable homicide, if the sufferer were a living person, will, if done to a quick unborn child whose death is caused by it, consti"
IPC_1860,317,"[s 317] Exposure and abandonment of child under 12 years of age, by parent or person having care of it. Whoever being the father or mother of a child under the age of twelve years, or having the care of such child, shall expose or leave such child in any place with the intention of wholly abandoning such child, shall be punished with imprisonment of either description for a term which may extend to seven years, or with ﬁne, or with both. Explanation.—This section is not intended to prevent the trial of the offender for murder or culpable homicide, as the case may be, if the child dies in consequence of the exposure. COMMENT.— This section is intended to prevent the abandonment or desertion by a parent of his or her children of tender years, in such a manner that the children, not being able to take care of themselves, may run the risk of dying or being injured. It does not apply when children are left under the care of others.710. It applies where a child is exposed and no death supervenes; if, however, death follows, the conviction must be under section 304.711. The offence is complete notwithstanding that no actual danger or risk of danger arises to the child's life. [s 317.1] In"
IPC_1860,318,"[s 318] Concealment of birth by secret disposal of dead body. Whoever, by secretly burying or otherwise disposing of the dead body of a child whether such child die before or after or during its birth, intentionally conceals or endeavours to conceal the birth of such child, shall be punished with imprisonment of either description for a term which may extend to two years, or with ﬁne, or with both. COMMENT.— This section is intended to prevent infanticide. It is directed against concealment of birth of a child by secretly disposing of its body. [s 318.1] Ingredients.— The section requires— (1) Secret burying or otherwise disposing of the dead body of a child. (2) It is immaterial whether such child dies before or after or during its birth. (3) Intention to conceal the birth of such child by such secret burying or disposal. Simple Hurt Grievous Of Hurt Aggravated forms 1. By dangerous weapons. 2. To extort property or to constrain to do illegal act. 3. By means of poison to commit offence. 4. To extort confession, or to compel restoration of property. 5. To deter public servant from his duty. THE INDIAN PENAL CODE CHAPTER XVI OF OFFENCES AFFECTING THE HUMAN BODY OF OFFENCES AFFECTIN"
IPC_1860,319,"[s 319] Hurt. Whoever causes bodily pain, disease or inﬁrmity to any person is said to cause hurt. COMMENT.— The authors of the Code say: Many of the offences which fall under the head of hurt will also fall under the head of assault. A stab, a blow which fractures a limb, the ﬂinging of boiling water over a person, are assaults, and are also acts which cause bodily hurt. But bodily hurt may be caused by many acts which are not assaults. A person, for example, who mixes a deleterious potion, and places it on the table of another; a person who conceals a scythe in the grass on which another is in the habit of walking; a person who digs a pit in a public path, intending that another may fall into it, may cause serious hurt, and may be justly punished for causing such hurt; but they cannot, without extreme violence to language, be said to have committed assaults. We propose to designate all pain, disease and inﬁrmity by the name of hurt.712. The deﬁnition of hurt appears to contemplate the causing of pain, etc., by one person to another. Pulling a woman by the hair was held to be this offence.713. [s 319.1] Act neither intended nor likely to cause death is hurt even though death is ca"
IPC_1860,320,"[s 320] Grievous hurt. The following kinds of hurt only are designated as ""grievous"": First.—Emasculation. Secondly.—Permanent privation of the sight of either eye. Thirdly.—Permanent privation of the hearing of either ear, Fourthly.—Privation of any member or joint. Fifthly.—Destruction or permanent impairing of the powers of any member or joint. Sixthly.—Permanent disﬁguration of the head or face. Seventhly.—Fracture or dislocation of a bone or tooth. Eighthly.—Any hurt which endangers life or which causes the sufferer to be during the space of twenty days in severe bodily pain, or unable to follow his ordinary pursuits. COMMENT.— Grievous hurt is hurt of a more serious kind. This section merely gives the description of grievous hurt. The authors of the Code observe: We have found it very diﬃcult to draw a line between those bodily hurts which are serious and those which are slight. To draw such a line with perfect accuracy is, indeed, absolutely impossible; but it is far better that such a line should be drawn, though rudely, than that offences some of which approach in enormity to murder, while others are little more than frolics which a good-natured man would hardly resent, wo"
IPC_1860,321,"[s 321] Voluntarily causing hurt. Whoever does any act with the intention of thereby causing hurt to any person, or with the knowledge that he is likely thereby to cause hurt to any person, and does thereby cause hurt to any person, is said ""voluntarily to cause hurt"". THE INDIAN PENAL CODE CHAPTER XVI OF OFFENCES AFFECTING THE HUMAN BODY OF OFFENCES AFFECTING LIFE Of the Causing of Miscarriage, of Injuries to unborn Children, of the Exposure of Infants, and of the Concealment of Births."
IPC_1860,322,"[s 322] Voluntarily causing grievous hurt. Whoever voluntarily causes hurt, if the hurt which he intends to cause or knows himself to be likely to cause is grievous hurt, and if the hurt which he causes is grievous hurt, is said ""voluntarily to cause grievous hurt."" Explanation.—A person is not said voluntarily to cause grievous hurt except when he both causes grievous hurt and intends or knows himself to be likely to cause grievous hurt. But he is said voluntarily to cause grievous hurt, if intending or knowing himself to be likely to cause grievous hurt of one kind, he actually causes grievous hurt of another kind. ILLUSTRATION A, intending or knowing himself to be likely permanently to disﬁgure Z's face, gives Z a blow which does not permanently disﬁgure Z's face, but which cause Z to suffer severe bodily pain for the space of twenty days. A has voluntarily caused grievous hurt. 739.  Devasahayam, (1962) 1 Mad LJ 161. 740.  K Swaminatha Reddy v State of AP, 1996 Cr LJ 1387 (AP). Rajendran v State of TN, 1997 Cr LJ 171 (Mad), the accused attacked his sister-in-law with iron rod in a ﬁt of anger, statements of the injured and of witnesses and medical evidence, conviction of accuse"
IPC_1860,323,"[s 323] Punishment for voluntarily causing hurt. Whoever, except in the case provided for by section 334, voluntarily causes hurt, shall be punished with imprisonment of either description for a term which may extend to one year, or with ﬁne which may extend to one thousand rupees, or with both. COMMENT.— This is a general section for the punishment of voluntarily causing hurt. Sections 324, 327, 328, 329 and 330 deal with the same offence committed under certain aggravating circumstances: and sections 334, 336 and 337 provide for punishment when there are certain mitigating circumstances. A prosecution under this section does not abate by reason of the death of the person injured.741. [s 323.1] CASES.— Allegation that accused/superintendent of police arrested the younger brother of complainant and got him mercilessly beaten by his personal guards. Injuries on different parts of body clearly rules out the theory of sustaining it while falling down on ground. Besides the testimony of injured, the prosecution case has further been corroborated by medical evidence. Record and evidence proved that conspiracy was hatched by accused to apprehend the detenu and others who were demanding h"
IPC_1860,324,"[s 324] Voluntarily causing hurt by dangerous weapons or means. Whoever, except in the case provided for by section 334, voluntarily causes hurt by means of any instrument for shooting, stabbing or cutting, or any instrument which, used as weapon of offence, is likely to cause death, or by means of ﬁre or any heated substance, or by means of any poison or any corrosive substance, or by means of any explosive substance or by means of any substance which it is deleterious to the human body to inhale, to swallow, or to receive into the blood, or by means of any animal, shall be punished with imprisonment of either description for a term which may extend to three years, or with ﬁne, or with both. COMMENT.— This section makes simple hurt more grave, and liable to more severe punishment where it has the differentia of one of the modes of inﬂiction described in the section.765. [s 324.1] CASES.— Where the accused gave a blow on the left side of the head of the victim with a Farsha, a sharp-cutting weapon, causing a simple scalp-deep injury and there was the possibility that the sharp edge of the weapon was not used, it was held that his conviction should be changed from section 307 to one"
IPC_1860,325,"[s 325] Punishment for voluntarily causing grievous hurt. Whoever, except in the case provided for by section 335, voluntarily causes grievous hurt, shall be punished with imprisonment of either description for a term which may extend to seven years, and shall also be liable to ﬁne. COMMENT.— This section prescribes the punishment for voluntarily causing grievous hurt except in cases provided for by section 335. The facts involved in a particular case, depending upon various factors like size, sharpness, would throw light on the question whether the weapon was a dangerous or deadly weapon or not. That would determine whether in the case section 325 or section 326 would be applicable. Considering the size of the stone which was used, as revealed by material on record, it cannot be said that a dangerous weapon was used. Therefore, the conviction was altered to section 325 IPC, 1860.793. Where a player in a friendly cricket match blew a stump against another player which hit his head and caused death, it was held that the intention to cause death or likelihood of it being not proved, an offence under section 325 was made out, injury having been caused by a blunt weapon.794. Where medi"
IPC_1860,326,"[s 326] Voluntarily causing grievous hurt by dangerous weapons or means. Whoever, except in the case provided for by section 335, voluntarily causes grievous hurt by means of any instrument for shooting, stabbing or cutting, or any instrument which, used as a weapon of offence, is likely to cause death, or by means of ﬁre or any heated substance, or by means of any poison or any corrosive substance, or by means of any explosive substance, or by means of any substance which it is deleterious to the human body to inhale, to swallow, or to receive into the blood, or by means of any animal, shall be punished with 805.[imprisonment for life], or with imprisonment of either description for a term which may extend to ten years, and shall also be liable to ﬁne. COMMENT.— The relationship between this section and the preceding one is the same as that between sections 324 and 323. Before a conviction for the sentence of grievous hurt can be passed, one of the injuries deﬁned in section 320 must be strictly proved, and the eighth clause is no exception to the general rule of law that a penal statute must be construed strictly. The expression ""any instrument which, used as a weapon of offence,"
IPC_1860,327,"[s 327] Voluntarily causing hurt to extort property, or to constrain to an illegal act. Whoever voluntarily causes hurt, for the purpose of extorting from the sufferer, or from any person interested in the sufferer, any property or valuable security, or of constraining the sufferer or any person interested in such sufferer to do anything which is illegal or which may facilitate the commission of an offence, shall be punished with imprisonment of either description for a term which may extend to ten years, and shall also be liable to ﬁne. 849.  Dhin Singh v State of Punjab, 1995 Cr LJ 4167 : AIR 1995 SC 2451 . COMMENT.— This is an aggravated form of the offence of hurt and is severely punishable, because the object of causing it is to extort property from the sufferer. Where one of the ﬁve persons accused of murder was armed with a sharp-edged weapon but inﬂicted only one injury by the blunt side of his weapon, he could only be said to have shared the common intention of causing simple injury and was liable under section 327 and not under section 300.849. THE INDIAN PENAL CODE CHAPTER XVI OF OFFENCES AFFECTING THE HUMAN BODY OF OFFENCES AFFECTING LIFE Of the Causing of Miscarriage, "
IPC_1860,328,"[s 328] Causing hurt by means of poison, etc., with intent to commit an offence. Whoever administers to or causes to be taken by any person any poison or any stupefying, intoxicating or unwholesome drug, or other thing with intent to cause hurt to such person, or with intent to commit or to facilitate the commission of an offence or knowing it to be likely that he will thereby cause hurt, shall be punished with imprisonment of either description for a term which may extend to ten years, and shall also be liable to ﬁne. COMMENT.— The offence under this section is complete even if no hurt is caused to the person to whom the poison or any other stupefying, intoxicating, or unwholesome drug is administered. This section is merely an extension of the provisions of section 324. Under section 324 actual causing of hurt is essential: under this section mere administration of poison is suﬃcient to bring the offender to justice. In order to prove an offence under section 328 the prosecution is required to prove that the substance in question was a poison, or any stupefying, intoxicating or unwholesome drug, etc., and that the accused administered the substance to the complainant or caused th"
IPC_1860,329,"[s 329] Voluntarily causing grievous hurt to extort property, or to constrain to an illegal act. Whoever voluntarily causes grievous hurt for the purpose of extorting from the sufferer or from any person interested in the sufferer, any property or valuable security, or of constraining the sufferer or any person interested in such sufferer to do anything that is illegal or which may facilitate the commission of an offence, shall be punished with 855.[imprisonment for life], or imprisonment of either description for a term which may extend to ten years, and shall also be liable to ﬁne. 855.  Subs. by Act 26 of 1955, section 117 and Sch, for ""transportation for life"" (w.e.f. 1-1-1956). 856.  Phani Bhusban Das v State of WB, AIR 1995 SC 70 : (1995) 1 Cr LJ 551 , 21-year old incident, injuries by lathi blows, conviction under this section maintained. 857.  Ameen v State of MP, 2001 Cr LJ 1947 (MP). 858.  Virendra Kumar v State of MP, 1998 Cr LJ 2170 (MP). COMMENT.— This section is similar to section 327, the only difference being that the hurt caused under it is grievous.856. Where a grievous hurt was caused to obstruct the person from deposing in Court, the Court said that it amounted "
IPC_1860,330,"[s 330] Voluntarily causing hurt to extort confession, or to compel restoration of property. Whoever voluntarily causes hurt for the purpose of extorting from the sufferer or from any person interested in the sufferer, any confession or any information which may lead to the detection of an offence or misconduct, or for the purpose of constraining the sufferer or any person interested in the sufferer to restore or to cause the restoration of any property or valuable security or to satisfy any claim or demand, or to give information which may lead to the restoration of any property or valuable security, shall be punished with imprisonment of either description for a term which may extend to seven years, and shall also be liable to ﬁne. ILLUSTRATIONS (a) A, a police-oﬃcer, tortures Z in order to induce Z to confess that he committed a crime. A is guilty of an offence under this section. (b) A, a police-oﬃcer, tortures B to induce him to point out where certain stolen property is deposited. A is guilty of an offence under this section. (c) A, a revenue oﬃcer, tortures Z in order to compel him to pay certain arrears of revenue due from Z. A is guilty of an offence under this section. (d"
IPC_1860,331,"[s 331] Voluntarily causing grievous hurt to extort confession, or to compel restoration of property. Whoever voluntarily causes grievous hurt for the purpose of extorting from the sufferer or from any person interested in the sufferer, any confession or any information which may lead to the detection of an offence or misconduct, or for the purpose of constraining the sufferer or any person interested in the sufferer to restore or to cause the restoration of any property or valuable security, or to satisfy any claim or demand or to give information which may lead to the restoration of any property or valuable security, shall be punished with imprisonment of either description for a term which may extend to ten years, and shall also be liable to ﬁne. 867.  Kartar Singh v State of Punjab, (1994) 3 SCC 569 : 1994 Cr LJ 3139 . 868.  Dalbir Singh v State of UP, AIR 2009 SC 1674 [LNIND 2009 SC 220] : (2009) 11 SCC 376 [LNIND 2009 SC 220] . The anguish expressed in Gauri Shanker Sharma v State of UP, AIR 1990 SC 709 [LNIND 1990 SC 8] ; Bhagwan Singh v State of Punjab, 1992 (3) SCC 249 [LNIND 1992 SC 396] ; Smt. Nilabati Behera @ Lalita Behera v State of Orissa, AIR 1993 SC 1960 [LNIND 199"
IPC_1860,332,"[s 332] Voluntarily causing hurt to deter public servant from his duty. Whoever voluntarily causes hurt to any person being a public servant in the discharge of his duty as such public servant, or with intent to prevent or deter that person or any other public servant from discharging his duty as such public servant, or in consequence of anything done or attempted to be done by that person in the lawful discharge of his duty as such public servant, shall be punished with imprisonment of either description for a term which may extend to three years, or with ﬁne, or with both. COMMENT.— This section resembles section 353. Under it there is causing of hurt to the public servant, under section 353 there is assault or criminal force for the same purpose. Ingredients of an offence under section 332 of IPC, 1860 are: (1) hurt must have been caused to a public servant and (2) it must have been caused— (a) while such public servant was acting in the discharge of his duty as such, or (b) in order to prevent or deter him from discharging his duty as a public servant or (c) in consequence of his having done or attempted to do anything in the lawful discharge of his duty as such a public servan"
IPC_1860,333,"[s 333] Voluntarily causing grievous hurt to deter public servant from his duty. Whoever voluntarily causes grievous hurt to any person being a public servant in the discharge of his duty as such public servant, or with intent to prevent or deter that person or any other public servant from discharging his duty as such public servant, or in consequence of anything done or attempted to be done by that person in the lawful discharge of his duty as such public servant, shall be punished with imprisonment of either description for a term which may extend to ten years, and shall also be liable to ﬁne. COMMENT.— This section provides for the aggravated form of the offence dealt with in the last section. The hurt caused under it must be grievous. Where the accused gave ﬁst blow on the face of the victim which caused loosening of one tooth, but the victim was discharged from the hospital on the same day, moved about throughout the day and attended his duties the next day, it was held that the injury could not be regarded as grave and serious. It was a case of simple hurt.874. The basic differences between sections 333 and 325 IPC, 1860 are that section 325 gets attracted where grievous hur"
IPC_1860,334,"[s 334] Voluntarily causing hurt on provocation. Whoever voluntarily causes hurt on grave and sudden provocation, if he neither intends nor knows himself to be likely to cause hurt to any person other than the person who gave the provocation, shall be punished with imprisonment of either description for a term which may extend to one month, or with ﬁne which may extend to ﬁve hundred rupees, or with both. 880.  See also Bosco Lawrence Fernandes v State of Maharashtra, (1995) 2 Cr LJ 2007 (Bom), covered under section 34. 881.  Ahmed Ali v State of Tripura, (2009) 6 SCC 704 [LNIND 2009 SC 1043] : (2009) 3 SCC (Cr) 12. COMMENT.— This section serves as a proviso to sections 323 and 324. See Comment on Exception 1 to section 300.880. [s 334.1] Sentence.— High Court imposed a sentence of one year for offence under section 334 IPC, 1860 whereas the maximum sentence for offence under section 334 IPC, 1860 is one month. The sentence reduced to one month.881. THE INDIAN PENAL CODE CHAPTER XVI OF OFFENCES AFFECTING THE HUMAN BODY OF OFFENCES AFFECTING LIFE Of the Causing of Miscarriage, of Injuries to unborn Children, of the Exposure of Infants, and of the Concealment of Births."
IPC_1860,335,"[s 335] Voluntarily causing grievous hurt on provocation. Whoever 882.[voluntarily] causes grievous hurt on grave and sudden provocation, if he neither intends nor knows himself to be likely to cause grievous hurt to any person other than the person who gave the provocation, shall be punished with imprisonment of either description for a term which may extend to four years, or with ﬁne which may extend to two thousand rupees, or with both. Explanation.—The last two sections are subject to the same provisos as Exception 1, section 300. 882.  Ins. by Act 8 of 1882, section 8. 883.  State of Maharashtra v BR Patil, 1978 Cr LJ 411 (Bom). Arjunan v State of TN, 1997 Cr LJ 2327 (Mad), in a dispute over cutting of tree, the accused pelted stones and caused injuries to the victim who died and witnesses were injured. The deceased had caused the provocation. Accused was liable to be convicted under section 335 and not section 325. State of MP v Rajesh, 1997 Cr LJ 2466 (MP), objection of accused to construction of a urinal which caused ugly sight to the accused. This caused provocation. For injuries caused under such provocation, the accused was held to be entitled to the beneﬁt of section 33"
IPC_1860,336,"[s 336] Act endangering life or personal safety of others. Whoever does any act so rashly or negligently as to endanger human life or the personal safety of others, shall be punished with imprisonment of either description for a term which may extend to three months, or with ﬁne which may extend to two hundred and ﬁfty rupees, or with both. COMMENT.— Rash and negligent acts which endanger human life, or the personal safety of others, are punishable under this section even though no harm follows, and are additionally punishable under sections 337 and 338 if they cause hurt, or grievous hurt. The word ""rashly"" means something more than mere inadvertence or inattentiveness or want of ordinary care; it implies an indifference to obvious consequences and to the rights of others.885. An intentional act done with consideration cannot be a rash and negligent act.886. Many speciﬁc acts of rashness or negligence likely to endanger life or to cause hurt or injury are made punishable by Chapter XIV. Section 279 punishes rash driving or riding; section 280, rash navigation of a vessel; section 284, rash or negligent conduct with respect to poisonous substance; section 285, rash or negligent con"
IPC_1860,337,"[s 337] Causing hurt by act endangering life or personal safety of others. Whoever causes hurt to any person by doing any act so rashly or negligently as to endanger human life, or the personal safety of others, shall be punished with imprisonment of either description for a term which may extend to six months, or with ﬁne which may extend to ﬁve hundred rupees, or with both. COMMENT.— Section 304A deals with those cases where death is caused by a rash or negligent act; this section, where hurt is caused. The essential ingredients of section 337, IPC, 1860 are that whoever causes hurt to any person by doing any act so rashly or negligently as to endanger human life, or the personal safety of others, shall be punished. So, one of the essential ingredients of this section must be that hurt must be caused to someone in doing an act and the person bearing to take reasonable care is said to be negligent of his act.887. This section applies only to acts done rashly or negligently but without any criminal intent. But such negligence or rashness must be proved as would necessarily carry with it criminal liability.888. Where the victim suffered only simple injuries, section 337 is to be app"
IPC_1860,338,"[s 338] Causing grievous hurt by act endangering life or personal safety of others. Whoever causes grievous hurt to any person by doing any act so rashly or negligently as to endanger human life, or the personal safety of others, shall be punished with imprisonment of either description for a term which may extend to two years, or with ﬁne which may extend to one thousand rupees, or with both. COMMENT.— The last section provided for 'hurt', this section provides for 'grievous hurt' caused under similar circumstances. Section 338, IPC, 1860 is applicable when the other ingredients of section 337, IPC, 1860 are complied with and in addition to that, if a grievous hurt is caused to someone.899. [s 338.1] CASES.—Sexual intercourse causing injury.— A husband has not the absolute right to enjoy the person of his wife without regard to the question of safety to her. Hence, where a husband had sexual intercourse with his wife, aged 11 years, and she died from the injuries thereof, it was held that he was guilty of causing grievous hurt by doing a rash act under this section.900. Clause (6) of section 375 will now make the husband guilty of rape also. Where a driver of a motor bus, by reaso"
IPC_1860,339,"[s 339] Wrongful restraint. Whoever voluntarily obstructs any person so as to prevent that person from proceeding in any direction in which that person has a right to proceed, is said wrongfully to restrain that person. Exception.—The obstruction of a private way over land or water which a person in good faith believes himself to have a lawful right to obstruct, is not an offence within the meaning of this section. ILLUSTRATION A obstructs a path along which Z has a right to pass. A not believing in good faith that he has a right to stop the path. Z is thereby prevented from passing. A wrongfully restrains Z. COMMENT.— Wrongful restraint means the keeping a man out of a place where he wishes to be, and has a right to be.907. The slightest unlawful obstruction to the liberty of the subject to go, when and where he likes to go, provided he does so in a lawful manner, cannot be justiﬁed, and is punishable under this section.908. [s 339.1] Ingredients.— The section requires— (1) Voluntary obstruction of a person. (2) The obstruction must be such as to prevent that person from proceeding in any direction in which he has a right to proceed. The word 'voluntary' is signiﬁcant. It connotes"
IPC_1860,340,"[s 340] Wrongful conﬁnement. Whoever wrongfully restrains any person in such a manner as to prevent that person from proceedings1 beyond certain circumscribing limits,2 is said ""wrongfully to conﬁne"" that person. ILLUSTRATIONS (a) A causes Z to go within a walled space, and locks Z in. A is thus prevented from proceeding in any direction beyond the circumscribing line of wall. A wrongfully conﬁnes Z. (b) A places men with ﬁrearms at the outlets of a building, and tells Z that they will ﬁre at Z if Z attempts to leave the building. A wrongfully conﬁnes Z. COMMENT.— Wrongful conﬁnement, which is a form of wrongful restraint, is keeping a man within limits out of which he wishes to go, and has a right to go.928. [s 340.1] Ingredients.— The section requires— (1) Wrongful restraint of a person. (2) Such restraint must prevent that person from proceeding beyond certain circumscribing limits. The offence of wrongful conﬁnement as deﬁned under section 340 of the Code occurs when individual is wrongfully restrained in such a manner as to prevent him/her from proceeding beyond certain circumscribing limits.929. [s 340.2] Wrongful conﬁnement and wrongful restraint.— From the deﬁnition, it is "
IPC_1860,341,"[s 341] Punishment for wrongful restraint. Whoever wrongfully restrains any person shall be punished with simple imprisonment for a term which may extend to one month, or with ﬁne which may extend to ﬁve hundred rupees, or with both. 946.  Rupan Deol Bajaj v Kanwar Pal Singh Gill, AIR 1996 SC 309 [LNIND 1995 SC 981] : (1995) 6 SCC 194 [LNIND 1995 SC 981] . 947.  Rajesh Vishwakarma v State of Jharkhand, 2011 Cr LJ 2753 (Jha); Amar Soni v State of Jharkhand, 2010 Cr LJ 4003 (Jha)—Acid attack. 948.  Natha v State of Rajasthan, 2013 Cr LJ 1905 (Raj). COMMENTS.— The only allegation relating to section 341 was that accused stood in front of victim in such a manner that she had to move backward. From such act alone it cannot be said that he ""wrongfully restrained"" her within the meaning of section 339, IPC, 1860 to make him liable under section 341, IPC, 1860.946. Accused, appellant caught the victim from behind, pushed her on ground, removed her panty and made an attempt to rape. Evidence of victim was found consistent. She speciﬁcally stated that upon getting opportunity she kicked in testicles of accused and escaped from place of occurrence. Conviction under section 341 and section 511"
IPC_1860,342,"[s 342] Punishment for wrongful conﬁnement. Whoever wrongfully conﬁnes any person shall be punished with imprisonment of either description for a term which may extend to one year, or with ﬁne which may extend to one thousand rupees, or with both. COMMENT.— Section 342, IPC, 1860 is not conﬁned to offences against public servants but is a general section and makes a person who wrongfully restrains another, guilty of the offence under that section. A wrongful conﬁnement is a wrongful restraint in such a manner as to prevent that person from proceeding beyond a certain circumscribed limits. This offence has nothing to do with the investigation or search.949. The essential ingredients of the offence ""wrongful conﬁnement"" are that the accused should have wrongfully conﬁned the complainant and such restraint was to prevent the complainant from proceeding beyond certain circumscribed limits beyond which he/she has a right to proceed. The factual scenario clearly establishes commission by the appellant as well of the offence punishable under section 342 IPC, 1860.950. Conﬁnement need not necessarily be a conﬁnement where the person is physically held within a certain circumscribed limit. "
IPC_1860,343,"[s 343] Wrongful conﬁnement for three or more days. Whoever wrongfully conﬁnes any person for three days, or more, shall be punished with imprisonment of either description for a term which may extend to two years, or with ﬁne, or with both. 957.  A Azeez v Pasam Hari Babu, 2003 Cr LJ 2462 (AP). 958.  A Azeez v Pasam Hari Babu, 2003 Cr LJ 2462 (AP). COMMENT.— Whoever wrongfully conﬁnes any person for three days or more shall be punished under this section. Whoever wrongfully restrains any person in such a manner as to prevent that person from proceeding beyond certain circumscribed limits is said to 'wrongfully conﬁne' that person, as deﬁned under section 340, IPC, 1860. Use of physical force is not necessary for the offence of wrongful conﬁnement. A mere detention of a person against law would attract section 343, IPC, 1860.957. [s 343.1] Sanction.— Since illegal detention and the assault made against the ﬁrst respondent by the petitioner did not form part of the oﬃcial duty of the petitioner and, therefore, there was no necessity to obtain prior sanction under section 197, Cr PC, 1973.958. THE INDIAN PENAL CODE CHAPTER XVI OF OFFENCES AFFECTING THE HUMAN BODY OF OFFENCES AFFECTIN"
IPC_1860,344,"[s 344] Wrongful conﬁnement for ten or more days. Whoever wrongfully conﬁnes any person for ten days, or more, shall be punished with imprisonment of either description for a term which may extend to three years, and shall also be liable to ﬁne. THE INDIAN PENAL CODE CHAPTER XVI OF OFFENCES AFFECTING THE HUMAN BODY OF OFFENCES AFFECTING LIFE Of Wrongful Restraint and Wrongful Conﬁnement"
IPC_1860,345,"[s 345] Wrongful conﬁnement of person for whose liberation writ has been issued. Whoever keeps any person in wrongful conﬁnement, knowing that a writ for the liberation of that person has been duly issued, shall be punished with imprisonment of either description for a term which may extend to two years in addition to any term of imprisonment to which he may be liable under any other section of this Chapter. THE INDIAN PENAL CODE CHAPTER XVI OF OFFENCES AFFECTING THE HUMAN BODY OF OFFENCES AFFECTING LIFE Of Wrongful Restraint and Wrongful Conﬁnement"
IPC_1860,346,"[s 346] Wrongful conﬁnement in secret. Whoever wrongfully conﬁnes any person in such manner as to indicate an intention that the conﬁnement of such person may not be known to any person interested in the person so conﬁned, or to any public servant, or that the place of such conﬁnement may not be known to or discovered by any such person or public servant as hereinbefore mentioned, shall be punished with imprisonment of either description for a term which may extend to two years, in addition to any other punishment to which he may be liable for such wrongful conﬁnement. THE INDIAN PENAL CODE CHAPTER XVI OF OFFENCES AFFECTING THE HUMAN BODY OF OFFENCES AFFECTING LIFE Of Wrongful Restraint and Wrongful Conﬁnement"
IPC_1860,347,"[s 347] Wrongful conﬁnement to extort property or constrain to illegal act. Whoever wrongfully conﬁnes any person for the purpose of extorting from the person conﬁned, or from any person interested in the person conﬁned, any property or valuable security or of constraining the person conﬁned or any person interested in such person to do anything illegal or to give any information which may facilitate the commission of an offence, shall be punished with imprisonment of either description for a term which may extend to three years, and shall also be liable to ﬁne. COMMENT.— This and the next section may be compared with sections 329 and 330, as the aggravating circumstances mentioned in the former are the same as those in the latter. THE INDIAN PENAL CODE CHAPTER XVI OF OFFENCES AFFECTING THE HUMAN BODY OF OFFENCES AFFECTING LIFE Of Wrongful Restraint and Wrongful Conﬁnement"
IPC_1860,348,"[s 348] Wrongful conﬁnement to extort confession, or compel restoration of property. Whoever wrongfully conﬁnes any person for the purpose of extorting from the person conﬁned or any person interested in the person conﬁned any confession or any information which may lead to the detection of an offence or misconduct, or for the purpose of constraining the person conﬁned or any person interested in the person conﬁned to restore or to cause the restoration of any property or valuable security or to satisfy any claim or demand, or to give information which may lead to the restoration of any property or valuable security, shall be punished with imprisonment of either description for a term which may extend to three years, and shall also be liable to ﬁne. 959.  State of HP v Ranjit Singh, 1979 Cr LJ (NOC) 210 (HP). 960.  State of AP v G Veereshalinga, 2011 Cr LJ 1991 (AP); Anup Singh v State of HP, AIR 1995 SC 1941 : 1995 Cr LJ 3223 ; Ajay Kumar Singh v State (NCT of Delhi), 2007 Cr LJ 3545 (Del). Order framing charge against the accused was held proper. COMMENT.— This section may be compared with section 330. In the former case confession is extorted by wrongful conﬁnement; in the latte"
IPC_1860,349,"[s 349] Force. A person is said to use force to another if he causes motion, change of motion, or cessation of motion to that other, or if he causes to any substance such motion, or change of motion, or cessation of motion as brings that substance into contact with any part of that other's body, or with anything which that other is wearing or carrying, or with anything so situated that such contact affects that other's sense of feeling: Provided that the person causing the motion, or change of motion, or cessation of motion, causes that motion, change of motion, or cessation of motion in one of the three ways hereinafter described. First.—By his own bodily power. Secondly.—By disposing any substance in such a manner that the motion or change or cessation of motion takes place without any further act on his part, or on the part of any other person. Thirdly.—By inducing any animal to move, to change its motion, or to cease to move. 961.  Bihari Lal, (1934) 15 Lah 786, 789. COMMENT.— 'Force' as deﬁned in clause (1) contemplates the presence of the person to whom it is used, that is to say, it contemplates the presence of the person using the force and of the person to whom the force i"
IPC_1860,350,"[s 350] Criminal force. Whoever intentionally uses force to any person, without that person's consent, in order to the committing of any offence, or intending by the use of such force to cause, or knowing it to be likely that by the use of such force he will cause injury, fear or annoyance to the person to whom the force is used, is said to use criminal force to that other. ILLUSTRATIONS (a) Z is sitting in a moored boat on a river. A unfastens the moorings, and thus intentionally causes the boat to drift down the stream. Here A intentionally causes motion to Z, and he does this by disposing substances in such a manner that the motion is produced without any other act on on any person's part. A has therefore intentionally used force to Z; and if he has done so without Z's consent, in order to the committing of any offence, or intending or knowing it to be likely that this use of force will cause injury, fear or annoyance to Z, A has used criminal force to Z. (b) Z is riding in a chariot. A lashes Z's horses, and thereby causes them to quicken their pace. Here Z has caused change of motion to Z by inducing the animals to change their motion. A has therefore used force to Z; and if A"
IPC_1860,351,"[s 351] Assault. Whoever makes any gesture, or any preparation1 intending or knowing it2 to be likely that such gesture or preparation will cause any person present to apprehend that he who makes that gesture or preparation is about to use criminal force to that person, is said to commit an assault. Explanation.—Mere words do not amount to an assault. But the words which a person uses may give to his gestures or preparation such a meaning as may make those gestures or preparations amount to an assault. ILLUSTRATIONS (a) A shakes his ﬁst at Z, intending or knowing it to be likely that he may thereby cause Z to believe that A is about to strike Z, A has committed an assault. (b) A begins to unloose the muzzle of a ferocious dog, intending or knowing it to be likely that he may thereby cause Z to believe that he is about to cause the dog to attack Z. A has committed an assault upon Z. (c) A takes up a stick, saying to Z, ""I will give you a beating"". Here, though the words used by A could in no case amount to an assault, and though the mere gesture, unaccompanied by any other circumstances, might not amount to an assault, the gesture explained by the words may amount to an assault. COM"
IPC_1860,352,"[s 352] Punishment for assault or criminal force otherwise than on grave provocation. Whoever assaults or uses criminal force to any person otherwise than on grave and sudden provocation given by that person, shall be punished with imprisonment of either description for a term which may extend to three months, or with ﬁne which may extend to ﬁve hundred rupees, or with both. Explanation.—Grave and sudden provocation will not mitigate the punishment for an offence under this section, if the provocation is sought or voluntarily provoked by the offender as an excuse for the offence, or if the provocation is given by anything done in obedience to the law, or by a public servant, in the lawful exercise of the powers of such public servant, or if the provocation is given by anything done in the lawful exercise of the right of private defence. Whether the provocation was grave and sudden enough to mitigate the offence, is a question of fact. COMMENT.— This section provides punishment for assault or use of criminal force when there are no aggravating circumstances.974. Section 352 constitutes a minor offence in relation to section 354 IPC, 1860. The offence under section 354 IPC, 1860 incl"
IPC_1860,353,"[s 353] Assault or criminal force to deter public servant from discharge of his duty. Whoever assaults or uses criminal force to any person being a public servant in the execution of his duty as such public servant, or with intent to prevent or deter that person from discharging his duty as such public servant, or in consequence of anything done or attempted to be done by such person in the lawful discharge of his duty as such public servant, shall be punished with imprisonment of either description for a term which may extend to two years or with ﬁne, or with both. COMMENT.— The public servant must be acting in the discharge of a duty imposed by law on him in the particular case, and the section will not protect him for an act done in good faith under colour of his oﬃce.977. If hurt is caused under the circumstances mentioned in the section then either section 332 or section 333 will apply. [s 353.1] CASES.—Defect in warrant.— It is made clear in the illustrations that the words alone will not amount to assault. So also, the mere gesture of picking up a stick alone will not constitute assault unless accompanied by other circumstances. The gesture explained by the words alone amoun"
IPC_1860,354,"[s 354] Assault or criminal force to woman with intent to outrage her modesty. Whoever assaults or uses criminal force to any woman, intending to outrage or knowing it to be likely that he will thereby outrage her modesty, 1000.[shall be punished with imprisonment of either description for a term which shall not be less than one year but which may extend to ﬁve years, and shall also be liable to ﬁne.] State Amendments Andhra Pradesh.—The following amendments were made by Act No. 6 of 1991. In its application to the State of Andhra Pradesh, for section 354 of the Indian Penal Code, 1860, the following section shall be substituted namely— 354. Assault or criminal force to woman with intent to outrage her modesty.—Whoever assaults or uses criminal force to any woman, intending to outrage or knowing it to be likely that he will thereby outrage her modesty, shall be punished with imprisonment of either description for a term which shall not be less than ﬁve years but which may extend to seven years and shall also be liable to ﬁne: Provided that the court may, for adequate and special reasons to be mentioned in the judgment, impose a sentence of imprisonment of either description for a t"
IPC_1860,355,"[s 355] Assault or criminal force with intent to dishonour person, otherwise than on grave provocation. Whoever assaults or uses criminal force to any person, intending thereby to dishonour that person, otherwise than on grave and sudden provocation given by that person, shall be punished with imprisonment of either description for a term which may extend to two years, or with ﬁne, or with both. State Amendment Andhra Pradesh.—The offence under section 55 is non-cognizable, bailable and triable by any Magistrate vide A.P. Act No. 3 of 1992 section 2 (w.e.f. 15-2-1992). 1049.  Altaf Mian, (1907) 27 AWN 186. COMMENT.— The intention to dishonour may be supposed to exist when the assault or criminal force is by means of gross insults. An accused person while under trial struck a Sub- Inspector of Police who was in the witness-box giving evidence against him. It was held that he was guilty of this offence.1049. THE INDIAN PENAL CODE CHAPTER XVI OF OFFENCES AFFECTING THE HUMAN BODY OF OFFENCES AFFECTING LIFE Of Criminal Force and Assault"
IPC_1860,356,"[s 356] Assault or criminal force in attempt to commit theft of property carried by a person. Whoever assaults or uses criminal force to any person, in attempting to commit theft on any property which that person is then wearing or carrying, shall be punished with imprisonment of either description for a term which may extend to two years, or with ﬁne, or with both. THE INDIAN PENAL CODE CHAPTER XVI OF OFFENCES AFFECTING THE HUMAN BODY OF OFFENCES AFFECTING LIFE Of Criminal Force and Assault"
IPC_1860,357,"[s 357] Assault or criminal force in attempt wrongfully to conﬁne a person. Whoever assaults or uses criminal force to any person, in attempting wrongfully to conﬁne that person, shall be punished with imprisonment of either description for a term which may extend to one year, or with ﬁne which may extend to one thousand rupees, or with both. THE INDIAN PENAL CODE CHAPTER XVI OF OFFENCES AFFECTING THE HUMAN BODY OF OFFENCES AFFECTING LIFE Of Criminal Force and Assault"
IPC_1860,358,"[s 358] Assault or criminal force on grave provocation. Whoever assaults or uses criminal force to any person on grave and sudden provocation given by that person, shall be punished with simple imprisonment for a term which may extend to one month, or with ﬁne which may extend to two hundred rupees, or with both. Explanation.—The last section is subject to the same Explanation as section 352. COMMENT.— This section provides for mild punishment if the assault or criminal force is the result of grave and sudden provocation. The word ""last"" in the Explanation is inaccurate. Instead of the words ""the last"" the word ""this"" only should have been used. THE INDIAN PENAL CODE CHAPTER XVI OF OFFENCES AFFECTING THE HUMAN BODY OF OFFENCES AFFECTING LIFE Of Kidnapping, Abduction, Slavery and Forced Labour"
IPC_1860,359,"[s 359] Kidnapping. Kidnapping is of two kinds: kidnapping from 1050.[India], and kidnapping from lawful guardianship. 1050.  The words ""British India"" have successively been subs. by the A.O. 1948, the A.O. 1950 and Act 3 of 1951, section 3 and Sch (w.e.f. 1-4-1951), to read as above. 1051.  Taru Das v State of Tripura, 2008 Cr LJ 3143 (Gau). COMMENT.— The literal meaning of 'kidnapping' is child stealing. Kidnapping is of two kinds. But there may be cases in which the two kinds overlap each other. For instance, a minor may be kidnapped from India as well as lawful guardianship. A bare perusal of the provisions clearly shows that the legislature did not conﬁne to constitute the offence only if a minor girl is taken away from the place where she used to reside but the emphasis is upon taking away the girl from the ""lawful guardianship"". Sections 359 and 361, IPC, 1860 do not spell-out any territorial jurisdiction for committing the offence. In my view the rigour of the law travels with the ward/subject and any person involving himself or herself in the offence of kidnapping or procuring a minor girl at any point of time would also come within the purview of sections 359 and 361, IP"
IPC_1860,360,"[s 360] Kidnapping from India. Whoever conveys any person beyond the limits of 1052.[India] without the consent of that person, or of some person legally authorised to consent on behalf of that person, is said to kidnap that person from 1053.[India]. 1052.  The words ""British India"" have successively been subs. by the A.O. 1948, the A.O. 1950 and Act 3 of 1951, sec. 3 and Sch. (w.e.f. 1 April 1951), to read as above. 1053.  The words ""British India"" have successively been subs. by the A.O. 1948, the A.O. 1950 and Act 3 of 1951, sec. 3 and Sch. (w.e.f. 1 April 1951), to read as above. 1054.  Haribhai v State, (1918) 20 Bom LR 372 : 42 Bom 391. COMMENT.— The offence under this section may be committed on a grown-up person or a minor by conveying him or her beyond the limits of India. If the person kidnapped is above 12 years of age and has given consent to his or her being conveyed beyond the limits of India, no offence is committed.1054. Now, the age limit for boys is 16 and for girls 18 under Act XLII of 1949. [s 360.1] Ingredients.— This section requires two things:— (1) Conveying of any person beyond the limits of India. (2) Such conveying must be without the consent of that pers"
IPC_1860,361,"[s 361] Kidnapping from lawful guardianship. Whoever takes or entices any minor under 1055.[sixteen] years of age if a male, or under 1056.[eighteen] years of age if a female, or any person of unsound mind, out of the keeping of the lawful guardian of such minor or person of unsound mind, without the consent of such guardian, is said to kidnap such minor or person from lawful guardianship. Explanation.—The words ""lawful guardian"" in this section include any person lawfully entrusted with the care or custody of such minor or other person. Exception.—This section does not extend to the act of any person who in good faith believes himself to be the father of an illegitimate child, or who in good faith believes himself to be entitled to the lawful custody of such child, unless such act is committed for an immoral or unlawful purpose. State Amendment Manipur.—The following amendments were made by Act No. 80 of 1950, s. 3(2) (w.e.f. 16-4-1950) read with Act 81 of 1971, s. 3 (w.e.f. 25-1-1972). In its application to the State of Manipur, in Section 361 for the word ""eighteen"" substituted the word ""ﬁfteen"". COMMENT.— The offence under this section may be committed in respect of either a mi"
IPC_1860,362,"[s 362] Abduction. Whoever by force compels, or by any deceitful means induces, any person to go from any place, is said to abduct that person. COMMENT.— This section merely gives a deﬁnition of the word ""abduction"" which occurs in some of the penal provisions which follow. There is no such offence as abduction under the Code, but abduction with certain intent is an offence. Force or fraud is essential. [s 362.1] Ingredients.— The section requires two things:— (1) Forceful compulsion or inducement by deceitful means.1077. (2) The object of such compulsion or inducement must be the going of a person from any place. ""The expression ""deceitful means"" includes a misleading statement. It is, really speaking, a matter of intention. The intention of the accused is the basis and gravamen of the charge. The volition, the intention and conduct of the woman do not determine the offence.1078. The offence of abduction under section 362 of the Code involves use of force or deceit to compel or induce any person to go from any place.1079. [s 362.2] Abduction and kidnapping.— (1) 'Kidnapping' is committed only in respect of a minor under 16 years of age if a male, and under 18 years if a female or "
IPC_1860,363,"[s 363] Punishment for kidnapping. Whoever kidnaps any person from 1081.[India] or from lawful guardianship, shall be punished with imprisonment of either description for a term which may extend to seven years, and shall also be liable to ﬁne. State Amendment Uttar Pradesh.—The offence u/s. 363 IPC is non-bailable, vide U.P. Act, No. 1 of 1984. COMMENT.— This section must be read with section 361. The offence of kidnapping from lawful guardianship penalised by this section is the offence which is deﬁned by section 361. The person against whom the offence is committed must be under the age of sixteen, if a male, and under the age of eighteen, if a female.1082. [s 363.1] Tribal Custom.— Where a married girl of 17 years of age was forcibly carried away by the accused and his companions from a jungle where she had gone with others to collet mohua ﬂowers with a view to marrying her according to their tribal custom, it was held that such a custom, if any, could apply only to the cases of young unmarried men and women and had no application to legalise the kidnapping of a married minor girl out of the keeping of her lawful guardian.1083. [s 363.2] Section 363 IPC is not a minor offence of"
IPC_1860,364,"[s 364] Kidnapping or abducting in order to murder. Whoever kidnaps or abducts any person in order that such person may be murdered or may be so disposed of as to be put in danger of being murdered, shall be punished with 1087.[imprisonment for life] or rigorous imprisonment for a term which may extend to ten years, and shall also be liable to ﬁne. ILLUSTRATIONS (a) A kidnaps Z from 1088.[India], intending or knowing it to be likely that Z may be sacriﬁced to an idol. A has committed the offence deﬁned in this section. (b) A forcibly carries or entices B away from his home in order that B may be murdered. A has committed the offence deﬁned in this section. COMMENT.— To establish an offence under this section it must be proved that the person charged with the offence had the intention at the time of the kidnapping or abduction that the person kidnapped or abducted will be murdered or so disposed of as to be put in danger of being murdered.1089. The Supreme Court stated the ingredients to be: (1) kidnapping by the accused must be proved; (2) it must also be proved that the person in question was kidnapped in order, (a) that he may be murdered, or (b) that he might be disposed of in s"
IPC_1860,365,"[s 365] Kidnapping or abducting with intent secretly and wrongfully to conﬁne person. Whoever kidnaps or abducts any person with intent to cause that person to be secretly and wrongfully conﬁned, shall be punished with imprisonment of either description for a term which may extend to seven years, and shall also be liable to ﬁne. 1107.  Fiyaz Ahmed v State of Bihar, 1990 Cr LJ 2241 SC : AIR 1990 SC 2147 . 1108.  Deepak Gulati v State of Haryana, AIR 2013 SC 2071 [LNIND 2013 SC 533] : 2013 (7) Scale 383 [LNIND 2013 SC 533] . 1109.  Suman Sood v State of Rajasthan, AIR 2007 SC 2774 [LNIND 2007 SC 647] : (2007) 5 SCC 634 [LNIND 2007 SC 647] . COMMENT.— Where there was suﬃcient evidence to show that the victim woman was abducted from her house and then taken to different places which included conﬁnement to one place till she was recovered by the police, it was held that the accused could be convicted under this section and section 368 but not section 366.1107. The prosecutrix had left her home voluntarily, of her own free will to get married to the appellant. She was 19 years of age at the relevant time and was, hence, capable of understanding the complications and issues surrounding he"
IPC_1860,366,"[s 366] Kidnapping, abducting or inducing woman to compel her marriage, etc. Whoever kidnaps or abducts any woman1 with intent that she may be compelled, or knowing it to be likely that she will be compelled, to marry any person against her will,2 or in order that she may be forced or seduced to illicit intercourse, or knowing it to be likely that she will be forced or seduced to illicit intercourse, shall be punished with imprisonment of either description for a term which may extend to ten years, and shall also be liable to ﬁne; 1110.[and whoever, by means of criminal intimidation as deﬁned in this Code or of abuse of authority or any other method of compulsion, induces any woman to go from any place with intent that she may be, or knowing that it is likely that she will be, forced or seduced to illicit intercourse with another person shall be punishable as aforesaid]. COMMENT.— Where a woman has no intention of marriage or lawful intercourse when kidnapped, this section applies. [s 366.1] Ingredients.— The section requires.— 1. Kidnapping or abducting of any woman. 2. Such kidnapping or abducting must be— (i) with intent that she may be compelled or knowing it to be likely that "
IPC_1860,367,"[s 367] Kidnapping or abducting in order to subject person to grievous hurt, slavery, etc. Whoever kidnaps or abducts any person in order that such person may be subjected, or may be so disposed of as to be put in danger of being subject to grievous hurt, or slavery, or to the unnatural lust of any person, or knowing it to be likely that such person will be so subjected or disposed of, shall be punished with imprisonment of either description for a term which may extend to ten years, and shall also be liable to ﬁne. THE INDIAN PENAL CODE CHAPTER XVI OF OFFENCES AFFECTING THE HUMAN BODY OF OFFENCES AFFECTING LIFE Of Kidnapping, Abduction, Slavery and Forced Labour"
IPC_1860,368,"[s 368] Wrongfully concealing or keeping in conﬁnement, kidnapped or abducted person. Whoever, knowing that any person has been kidnapped or has been abducted, wrongfully conceals or conﬁnes such person, shall be punished in the same manner as if he had kidnapped or abducted such person with the same intention or knowledge, or for the same purpose as that with or for which he conceals or detains such person in conﬁnement. COMMENT.— This section does not apply to the principal offender but to those persons who assist him in concealing a kidnapped or abducted person. It refers to some other party who assists in concealing any person who has been kidnapped. A kidnapper cannot be convicted under this section.1148. The other party who wrongfully conceals or conﬁnes a kidnapped person knowing that he has been kidnapped suffers the same consequences at par with the person who had kidnapped or abducted the person with the same intention or knowledge or for the same purpose.1149. This is one of those sections in which subsequent abetment is punished as a substantive offence. [s 368.1] Ingredients.— To constitute an offence under this section it is necessary to establish the following ingred"
IPC_1860,369,"[s 369] Kidnapping or abducting child under ten years with intent to steal from its person. Whoever kidnaps or abducts any child under the age of ten years with the intention of taking dishonestly any moveble property from the person of such child, shall be punished with imprisonment of either description for a term which may extend to seven years, and shall also be liable to ﬁne. THE INDIAN PENAL CODE CHAPTER XVI OF OFFENCES AFFECTING THE HUMAN BODY OF OFFENCES AFFECTING LIFE Of Kidnapping, Abduction, Slavery and Forced Labour 1153."
IPC_1860,370,"[s 370] Whoever imports, exports, removes, buys, sells or disposes of any person as a slave, or accepts, receives or detains against his will any person as a slave, shall be punished with imprisonment of either description for a term which may extend to seven years, and shall also be liable to ﬁne. 1154.  Chapter 6 of Justice JS Verma Committee's Report is on Traﬃcking of Woman and Children, wherein the entire issue of traﬃcking has been discussed at length. 1155.  Ram Kuar v State, (1880) 2 All 723 , 731 (FB). THE INDIAN PENAL CODE CHAPTER XVI OF OFFENCES AFFECTING THE HUMAN BODY OF OFFENCES AFFECTING LIFE Of Kidnapping, Abduction, Slavery and Forced Labour 1156.[s 370-A] Exploitation of a traﬃcked person. (1) Whoever, knowingly or having reason to believe that a minor has been traﬃcked, engages such minor for sexual exploitation in any manner, shall be punished with rigorous imprisonment for a term which shall not be less than ﬁve years, but which may extend to seven years, and shall also be liable to ﬁne. (2) Whoever, knowingly by or having reason to believe that a person has been traﬃcked, engages such person for sexual exploitation in any manner, shall be punished with rigorou"
IPC_1860,371,"[s 371] Habitual dealing in slaves. Whoever habitually imports, exports, removes, buys, sells, traﬃcs or deals in slaves, shall be punished with 1157.[imprisonment for life], or with imprisonment of either description for a term not exceeding ten years, and shall also be liable to ﬁne. 1157.  Subs. by Act 26 of 1955, section 117 and Sch., for ""transportation for life"" (w.e.f. 1 January 1956). COMMENT.— This section provides for the punishment of the slave-trader who is habitually engaged in the traﬃc of buying and selling human beings. The preceding section dealt with the casual offender. THE INDIAN PENAL CODE CHAPTER XVI OF OFFENCES AFFECTING THE HUMAN BODY OF OFFENCES AFFECTING LIFE Of Kidnapping, Abduction, Slavery and Forced Labour"
IPC_1860,372,"[s 372] Selling minor for purposes of prostitution, etc. Whoever sells, lets to hire, or otherwise disposes of1 any 1158.[person under the age of eighteen years2 with intent that such person shall at any age be employed or used for the purpose of prostitution or illicit intercourse with any person or for any unlawful and immoral purpose,3 or knowing it to be likely that such person will at any age be] employed or used for any such purpose, shall be punished with imprisonment of either description for a term which may extend to ten years, and shall be liable to ﬁne. 1159.[Explanation I.—When a female under the age of eighteen years is sold, let for hire, or otherwise disposed of to a prostitute or to any person who keeps or manages a brothel, the person so disposing of such female shall, until the contrary is proved, be presumed to have disposed of her with the intent that she shall be used for the purpose of prostitution. Explanation II.—For the purposes of this section ""illicit intercourse"" means sexual intercourse between persons not united by marriage or by any union or tie which, though not amounting to a marriage, is recognised by the personal law or custom of the community to"
IPC_1860,373,"[s 373] Buying minor for purposes of prostitution, etc. Whoever buys, hires or otherwise obtains possession of any 1167.[person under the age of eighteen years with intent that such person shall at any age be employed or used for the purpose of prostitution or illicit intercourse with any person or for any unlawful and immoral purpose, or knowing it to be likely that such person will at any age be] employed or used for any purpose, shall be punished with imprisonment of either description for a term which may extend to ten years, and shall also be liable to ﬁne. 1168.[Explanation I.—Any prostitute or any person keeping or managing a brothel, who buys, hires or otherwise obtains possession of a female under the age of eighteen years shall, until the contrary is proved, be presumed to have obtained possession of such female with the intent that she shall be used for the purpose of prostitution. Explanation II.—""Illicit intercourse"" has the same meaning as in section 372. COMMENT.— This section and section 372 conjointly punish both the giver as well as the receiver of a person under the age of eighteen years for an immoral purpose. Both the sections relate to the same subject-matter."
IPC_1860,374,"[s 374] Unlawful compulsory labour. Whoever unlawfully compels any person to labour against the will of that person, shall be punished with imprisonment of either description for a term which may extend to one year, or with ﬁne, or with both. 1170.  Madan Mohan Biswas, (1892) 19 Cal 572 . 1171.  State of Gujarat v Hon'ble High Court of Gujarat, 1998 Cr LJ 4561 : AIR 1998 SC 3164 [LNIND 1998 SC 920] . COMMENT.— This section is intended to put a stop to the practice of forced labour. It requires— (1) Unlawful compulsion of any person. (2) The unlawful compulsion must be to labour against the will of that person. This section is aimed at the abuses arising from forced labour which ryots were in former times compelled to render to great landholders. Where the accused induced the complainants who, he alleged, were indebted to him in various sums of money, to consent to live on his premises and to work off their debts and the complainants were to, and did in fact, receive no pay, but were fed by the accused as his servants, and he insisted on their working for him, and punished them by beating them if they did not do so, it was held that he was not guilty under this section though his ac"
IPC_1860,375,"[s 375] Rape.—A man is said to commit “rape” who, except in the case hereinafter excepted, has sexual intercourse with a woman under circumstances falling under any of the six following descriptions:— First.—Against her will. Secondly.— Without her consent. Thirdly.—With her consent, when her consent has been obtained by putting her or any person in whom she is interested in fear of death or of hurt. Fourthly.—With her consent, when the man knows that he is not her husband, and that her consent is given because she believes that he is another man to whom she is or believes herself to be lawfully married. Fifthly.—With her consent, when, at the time of giving such consent, by reason of unsoundness of mind or intoxication or the administration by him personally or through another of any stupefying or unwholesome substance, she is unable to understand the nature and consequences of that to which she gives consent. Sixthly.—With or without her consent, when she is under sixteen years of age. Explanation.—Penetration is suﬃcient to constitute the sexual intercourse necessary to the offence of rape. Exception.—Sexual intercourse by a man with his own wife, the wife not being under ﬁfteen"
IPC_1860,376,"[s 376] Punishment for rape.—(1) Whoever, except in the cases provided for by sub-section (2), commits rape shall be punished with imprisonment of either description for a term which shall not be less than seven years but which may be for life or for a term which may extend to ten years and shall also be liable to ﬁne unless the women raped is his own wife and is not under twelve years of age, in which cases, he shall be punished with imprisonment of either description for a term which may extend to two years or with ﬁne or with both: Provided that the court may, for adequate and special reasons to be mentioned in the judgment, impose a sentence of imprisonment for a term of less than seven years. (2) Whoever,— (a) being a police oﬃcer commits rape— (i) within the limits of the police station to which he is appointed; or (ii) in the premises of any station house whether or not situated in the police station to which he is appointed; or (iii) on a woman in his custody or in the custody of a police oﬃcer subordinate to him; or (b) being a public servant, takes advantage of his oﬃcial position and commits rape on a woman in his custody as such public servant or in the custody of a pub"
IPC_1860,377,[s 377] Unnatural offences.   Currency Date: 28 April 2020 © 2020 LexisNexis THE INDIAN PENAL CODE CHAPTER XVI OF OFFENCES AFFECTING THE HUMAN BODY OF OFFENCES AFFECTING LIFE Of Unnatural Offences
IPC_1860,378,"[s 378] Theft. Whoever, intending to take dishonestly1. any movable property2. out of the possession of any person3. without that person's consent,4. moves that property5. in order to such taking, is said to commit theft. Explanation 1.—A thing so long as it is attached to the earth, not being movable property, is not the subject of theft; but it becomes capable of being the subject of theft as soon as it is severed from the earth. Explanation 2.—A moving effected by the same act which affects the severance may be a theft. Explanation 3.—A person is said to cause a thing to move by removing an obstacle which prevented it from moving or by separating it from any other thing, as well as by actually moving it. Explanation 4.—A person, who by any means causes an animal to move, is said to move that animal, and to move everything which, in consequence of the motion so caused, is moved by that animal. Explanation 5.—The consent mentioned in the deﬁnition may be express or implied, and may be given either by the person in possession, or by any person having for that purpose authority either express or implied. ILLUSTRATIONS (a) A cuts down a tree on Z's ground, with the intention of disho"
IPC_1860,379,"[s 379] Punishment for theft. Whoever commits theft shall be punished with imprisonment of either description for a term which may extend to three years, or with ﬁne, or with both. COMMENT— In order to constitute theft ﬁve factors are essential:— (1) Dishonest intention to take property; (2) The property must be movable; (3) The property should be taken out of the possession of another person; (4) The property should be taken without the consent of that person; and (5) There must be some moving of the property in order to accomplish the taking of it. 1. 'Intending to take dishonestly'.—Intention is the gist of the offence. The intention to take dishonestly exists when the taker intends to cause wrongful gain to one person or wrongful loss to another person. Where, therefore, the accused acting bona ﬁde in the interests of his employers ﬁnding a party of ﬁshermen poaching on his master's ﬁsheries, took charge of the nets and retained possession of them, pending the orders of his employers, it was held that he was not guilty of theft.3 When a person seizes cattle on the ground that they were trespassing on his land and causing damage to his crop or produce and gives out that he is ta"
IPC_1860,380,"[s 380] Theft in dwelling house, etc. Whoever commits theft in any building,1 tent or vessel, which building, tent or vessel is used as a human dwelling, or used for the custody of property, shall be punished with imprisonment of either description for a term which may extend to seven years, and shall also be liable to ﬁne. State Amendment Tamil Nadu.—The following amendments were made by Tamil Nadu Act No. 28 of 1993, Section 2. Section 380 of the Indian Penal Code (Central Act XLV of 1860) (hereinafter in this Part referred to as the principal Act), shall be renumbered as sub-section (1) of that section and after sub-section (1) as so renumbered, the following sub-section shall be added, namely:— ""(2) Whoever commits theft in respect of any idol or icon in any building used as a place of worship 'shall be punished with rigorous imprisonment for a term which shall not be less than two years but which may extend to three years and with ﬁne which shall not be less than two thousand rupees: Provided that the court may, for adequate and special reasons to be mentioned in the judgment impose a sentence of imprisonment for a term of less than two years."" COMMENT— The object of the secti"
IPC_1860,381,"[s 381] Theft by clerk or servant of property in possession of master. Whoever, being a clerk or servant, or being employed in the capacity of a clerk or servant, commits theft in respect of any property in the possession of his master or employer, shall be punished with imprisonment of either description for a term which may extend to seven years, and shall also be liable to ﬁne. 107.  Juggurnath Singh, (1865) 2 WR (Cr) 55; Radhey Shyam v State of UP, 2002 Cr LJ 1227 (All), domestic servants who were prosecuted for theft and murder of their master remained on duty even when investigation was going on, nothing was found against them, they were not allowed to be prosecuted only on the basis of suspicion. Slim Babamiya Sutar v State of Maharashtra, 2000 Cr LJ 2696 (Bom), murder, connection of the accused with it not proved, but two gold articles of the deceased were recovered from the accused, hence convicted under section 381, sentence of three years RI reduced to 6 months already undergone, accused directed to be released. N Narasimha Kumar v State of AP, 2003 Cr LJ 3188 (AP), theft by clerk of the State Public Service Commission's question papers and stealing xerox copies. Investi"
IPC_1860,382,"[s 382] Theft after preparation made for causing death, hurt or restraint in order to the committing of the theft. Whoever commits theft, having made preparation for causing death, or hurt, or restraint, or fear of death, or of hurt, or of restraint, to any person, in order to the committing of such theft, or in order to the effecting of his escape after the committing of such theft, or in order to the retaining of property taken by such theft, shall be punished with rigorous imprisonment for a term which may extend to ten years, and shall also be liable to ﬁne. ILLUSTRATIONS (a) A commits theft on property in Z's possession; and, while committing this theft, he has a loaded pistol under his garment, having provided this pistol for the purpose of hurting Z in case Z should resist. A has committed the offence deﬁned in this section. (b) A picks Z's pocket, having posted several of his companions near him, in order that they may restrain Z, if Z should perceive what is passing and should resist, or should attempt to apprehend A. A has committed the offence deﬁned in this section. 109.  Re Diwan Singh, 1980 Cr LJ 760 (MP). 110.  Hushrut Sheikh, (1866) 6 WR (Cr) 85. COMMENT— Under this"
IPC_1860,383,"[s 383] Extortion. Whoever intentionally puts any person in fear of any injury1 to that person, or to any other, and thereby dishonestly induces the person so put in fear to deliver to any person any property2 or valuable security, or anything signed or sealed which may be converted into a valuable security, commits ""extortion"". ILLUSTRATIONS (a) A threatens to publish a defamatory libel concerning Z unless Z gives him money. He thus induces Z to give him money. A has committed extortion. (b) A threatens Z that he will keep Z's child in wrongful conﬁnement, unless Z will sign and deliver to A a promissory note binding Z to pay certain moneys to A. Z signs and delivers the note. A has committed extortion. (c) A threatens to send club-men to plough up Z's ﬁeld unless Z will sign and deliver to B a bond binding Z under a penalty to deliver certain produce to B, and thereby induces Z to sign and deliver the bond. A has committed extortion. (d) A, by putting Z in fear of grievous hurt, dishonestly induces Z to sign or aﬃx his seal to a blank paper and deliver it to A. Z signs and delivers the paper to A. Here, as the paper so signed may be converted into a valuable security. A has commi"
IPC_1860,384,"[s 384] Punishment for extortion. Whoever commits extortion shall be punished with imprisonment of either description for a term which may extend to three years, or with ﬁne, or with both. COMMENT— This offence takes a middle place between theft and robbery. [s 384.1] Ingredients.— The section requires two things:— (1) intentionally putting a person in fear of injury to himself or another; (2) dishonestly inducing the person so put in fear to deliver to any person any property or valuable security. These ingredients have been restated by the Supreme Court as follows: (1) the accused must put any person in fear of injury to him or to any other person; (2) the putting of a person in such fear must be intentional; (3) the accused must thereby induce the person so put in fear to deliver to any person any property or anything signed or sealed which may be converted into a valuable security; (4) such inducement must be done dishonestly.111. [s 384.2] Theft and extortion.— Extortion is thus distinguished from theft— (1) Extortion is committed by the wrongful obtaining of consent. In theft the offender takes without the owner's consent.112. (2) The property obtained by extortion is not lim"
IPC_1860,385,"[s 385] Putting, person in fear of injury in order to commit extortion. Whoever, in order to the committing of extortion, puts any person in fear, or attempts to put any person in fear, of any injury, shall be punished with imprisonment of either description for a term which may extend to two years, or with ﬁne, or with both. 131.  Tanumal Udhasing, (1944) Kar 146 . 132.  Chaturbhuj, (1922) 45 All 137 . COMMENT— By this section a distinction between the inchoate and the consummated offence is recognised. The attempt to commit extortion may proceed so far as to put a person in fear of injury, or there may be an attempt to excite such fear; but there may not be any delivery of property, etc. This section punishes the putting of a person in fear of injury in order to commit extortion. The injury contemplated must be one which the accused can inﬂict, or cause to be inﬂicted. A threat that God will punish a man for some act is not such an injury. No injury can be caused or threatened to be caused unless the act done is either an offence or such as may properly be made the basis of a civil action.131. [s 385.1] CASES.— A cloth-seller was threatened with the imposition of a ﬁne if he cont"
IPC_1860,386,"[s 386] Extortion by putting a person in fear of death or grievous hurt. Whoever commits extortion by putting any person in fear of death or of grievous hurt to that person or to any other, shall be punished with imprisonment of either description for a term which may extend to ten years, and shall also be liable to ﬁne. 135.  Ram Chandra v State, AIR 1957 SC 381 : 1957 Cr LJ 567 . COMMENT— If the fear caused is that of death or grievous hurt it naturally causes great alarm. The section therefore, provides for severe penalty in such cases. Where the accused wrote letters demanding ransom from the father of the boy whom they kidnapped, putting the father in fright of the boy being murdered and there was throughout the likelihood of the boy being murdered if the ransom money was not paid, the accused were held guilty under this section.135. THE INDIAN PENAL CODE CHAPTER XVII OF OFFENCES AGAINST PROPERTY Of Theft Of Extortion"
IPC_1860,387,"[s 387] Putting person in fear of death or of grievous hurt, in order to commit extortion. Whoever, in order to the committing of extortion, puts or attempts to put any person in fear of death or of grievous hurt to that person or to any other, shall be punished with imprisonment of either description for a term which may extend to seven years, and shall also be liable to ﬁne. COMMENT— The relation between this section and section 386 is the same as that between section 385 and section 384. THE INDIAN PENAL CODE CHAPTER XVII OF OFFENCES AGAINST PROPERTY Of Theft Of Extortion"
IPC_1860,388,"[s 388] Extortion by threat of accusation of an offence punishable with death or imprisonment for life, etc. Whoever commits extortion by putting any person in fear of an accusation against that person or any other, of having committed or attempted to commit any offence punishable with death, or with 136.[imprisonment for life], or with imprisonment for a term which may extend to ten years or of having attempted to induce any other person to commit such offence, shall be punished with imprisonment of either description for a term which may extend to ten years, and shall also be liable to ﬁne; and, if the offence be one punishable under section 377 of this Code, may be punished with 137. [imprisonment for life]. 136.  Subs. by Act 26 of 1955, section 117 and Sch, for ""transportation for life"" (w.e.f. 1 January 1956). 137.  Subs. by Act 26 of 1955, section 117 and Sch, for ""transportation for life"" (w.e.f. 1 January 1956). COMMENT— It is immaterial whether the person against whom the accusation is threatened be innocent or guilty, if the prisoner intended to extort money. The aggravating circumstance under this section is the threat of an accusation of an offence punishable with impr"
IPC_1860,389,"[s 389] Putting person in fear of accusation of offence, in order to commit extortion. Whoever, in order to the committing of extortion, puts or attempts to put any person in fear of an accusation, against that person or any other, of having committed, or attempted to commit an offence punishable with death or with 138.[imprisonment for life], or with imprisonment for a term which may extend to ten years, shall be punished with imprisonment of either description for a term which may extend to ten years, and shall also be liable to ﬁne; and, if the offence be punishable under section 377 of this Code, may be punished with 139.[imprisonment for life]. 138.  Subs. by Act 26 of 1955, section 117 and Sch, for ""transportation for life"" (w.e.f. 1 January 1956). 139.  Subs. by Act 26 of 1955, section 117 and Sch, for ""transportation for life"" (w.e.f. 1 January 1956). COMMENT— This section bears the same relation to section 388 as section 385 bears to section 384. THE INDIAN PENAL CODE CHAPTER XVII OF OFFENCES AGAINST PROPERTY Of Theft Of Robbery and Dacoity"
IPC_1860,390,"[s 390] Robbery. In all robbery there is either theft or extortion. When theft is robbery. Theft is ""robbery"" if, in order to the committing of the theft, or in committing the theft, or in carrying away1 or attempting to carry away property obtained by the theft, the offender, for that end,2 voluntarily causes3 or attempts to cause to any person4 death or hurt or wrongful restraint, or fear of instant death or of instant hurt, or of instant wrongful restraint. When extortion is robbery. Extortion is ""robbery"" if the offender, at the time of committing the extortion, is in the presence of the person put in fear, and commits the extortion by putting that person in fear of instant death, of instant hurt, or of instant wrongful restraint to that person or to some other person, and, by so putting in fear, induces the person so put in fear then and there to deliver up the thing extorted. Explanation.—The offender is said to be present if he is suﬃciently near to put the other person in fear of instant death, or instant hurt, or of instant wrongful restraint. ILLUSTRATIONS (a) A holds Z down and fraudulently takes Z's money and jewels from Z's clothes without Z's consent. Here A has commi"
IPC_1860,391,"[s 391] Dacoity. When ﬁve or more persons conjointly commit or attempt to commit a robbery, or where the whole number of persons conjointly committing or attempting to commit a robbery, and persons present and aiding such commission or attempt, amount to ﬁve or more, every person so committing, attempting or aiding, is said to commit ""dacoity"". COMMENT— Dacoity is robbery committed by ﬁve or more persons, otherwise there is no difference between dacoity and robbery. The gravity of the offence consists in the terror it causes by the presence of a number of offenders. Abettors who are present and aiding when the crime is committed are counted in the number. Section 391 IPC, 1860 explains the offence of 'dacoity'. When ﬁve or more persons conjointly commit or attempt to commit a robbery, or where the whole number of persons conjointly committing or attempting to commit a robbery, and persons present and aiding such commission and attempt amount to ﬁve or more, every person so committing, attempting or aiding, is said to commit 'dacoity'. Under section 392 IPC, 1860, the offence of 'robbery' simpliciter is punishable with rigorous imprisonment which may extend to ten years or 14 years "
IPC_1860,392,"[s 392] Punishment for robbery. Whoever commits robbery shall be punished with rigorous imprisonment for a term which may extend to ten years, and shall also be liable to ﬁne; and, if the robbery be committed on the highway between sunset and sunrise, the imprisonment may be extended to fourteen years. COMMENT— This section no doubt allows the Court discretion as regards the minimum punishment to be awarded, but when the offence is attended with circumstances which would make the attempt to commit it punishable with the minimum sentence of seven years, it would not be a proper exercise of discretion to award a lesser sentence when the offence has been accomplished.166. A person who has been convicted of robbery under this section need not be convicted of theft.167. Where the wholly of the robbed property was not recovered from the persons accused, it was held that the proper section to convict was section 411.168. [s 392.1] Essential ingredients for punishment under Section 392.— Essential ingredients for punishment under section 392 are: (1) The accused committed theft; (2) he voluntarily caused or attempted to cause: (i) death, hurt or wrongful restraint, (ii) fear of instant dea"
IPC_1860,393,"[s 393] Attempt to commit robbery. Whoever attempts to commit robbery shall be punished with rigorous imprisonment for a term which may extend to seven years, and shall also be liable to ﬁne. THE INDIAN PENAL CODE CHAPTER XVII OF OFFENCES AGAINST PROPERTY Of Theft Of Robbery and Dacoity"
IPC_1860,394,"[s 394] Voluntarily causing hurt in committing robbery. If any person, in committing or in attempting to commit robbery, voluntarily causes hurt, such person, and any other person jointly concerned in committing or attempting to commit such robbery, shall be punished with 177.[imprisonment for life], or with rigorous imprisonment for a term which may extend to ten years, and shall also be liable to ﬁne. COMMENT— This section imposes severe punishment when hurt is caused in committing robbery. Section 397 similarly provides for the minimum sentence of imprisonment which must be inﬂicted when grievous hurt is caused. Commenting on the section, the Supreme Court observed: section 394 prescribes punishment for voluntarily causing hurt in committing or attempting to commit robbery. The offence under section 394 is a more serious than one under section 392. Section 394 postulates and contemplates the causing of harm during commission of robbery or in attempting to commit robbery when such causing of hurt is hardly necessary to facilitate the commission of robbery. Section 394 applies to cases where during the course of robbery voluntary hurt is caused. Section 394 classiﬁes two distinct "
IPC_1860,395,"[s 395] Punishment for dacoity. Whoever commits dacoity shall be punished with 187.[imprisonment for life], or with rigorous imprisonment for a term which may extend to ten years, and shall also be liable to ﬁne. COMMENT— 188..—When a person is involved in an offence of theft of higher magnitude, then it becomes dacoity and when dacoity is committed with murder and also results in causing grievous hurt to others, it becomes robbery punishable under sections 395, section 396 and section 397 of IPC, 1860. In other words, when the offence of theft is committed conjointly by ﬁve or more persons, it becomes dacoity and such dacoity by those persons also results in commission of murder as well as causing of grievous hurt to the victims, it results in an offence of robbery. A reading of section 395, section 396 and section 397 of IPC, 1860 makes the position clear that by virtue of the conjoint effort of the accused while indulging in the said offence, makes every one of them deemed to have committed the offence of dacoity and robbery. In the result, when such offences of dacoity and robbery are committed, the same result in the death of a person or hurt or wrongful restrain or creating f"
IPC_1860,396,"[s 396] Dacoity with murder. If any one of ﬁve or more persons, who are conjointly committing dacoity, commits murder in so committing dacoity, every one of those persons shall be punished with death, or 193.[imprisonment for life], or rigorous imprisonment for a term which may extend to ten years, and shall also be liable to ﬁne. COMMENT— Under this section extreme penalty of death may be inﬂicted on a person convicted of taking part in a dacoity in the course of which a murder is committed, even though there is nothing to show that he himself committed the murder or that he abetted it. The section declares the liability of other persons as co-extensive with the one who has actually committed murder. Where in the course of a dacoity one man was shot dead, and the accused person who was tried had a gun and others of the dacoits also had guns, and there was no evidence that the accused was the man who ﬁred the fatal shot, the sentence was altered from one of death to one of transportation for life.194. [s 396.1] Ingredients.— The offence under this section requires two things:— (1) The dacoity must be the joint act of the persons concerned. (2) Murder must have been committed in the"
IPC_1860,397,"[s 397] Robbery or dacoity, with attempt to cause death or grievous hurt. If, at the time of committing robbery or dacoity, the offender uses any deadly weapon,1 or causes grievous hurt to any person, or attempts to cause death or grievous hurt to any person, the imprisonment with which such offender shall be punished shall not be less than seven years. COMMENT— Sections 397 and 398 do not create any offence but merely regulate the punishment already provided for robbery and dacoity.212. This section ﬁxes a minimum term of imprisonment when the commission of robbery and dacoity has been attended with certain aggravating circumstances, viz., (1) the use of a deadly weapon, or (2) the causing of grievous hurt, or (3) attempting to cause death or grievous hurt. Section 34 of the Code has no application in the construction of this section.213. [s 397.1] Accused must be armed with deadly weapon.— It is necessary to prove that at the time of committing robbery, the accused was armed with a deadly weapon and not merely that one of the robbers who was with him at the time carried one.214. The liability to enhanced punishment is limited to the offender who actually uses the weapon himself a"
IPC_1860,398,"[s 398] Attempt to commit robbery or dacoity when armed with deadly weapon. If, at the time of attempting to commit robbery or dacoity, the offender is armed with any deadly weapon, the imprisonment with which such offender shall be punished shall not be less than seven years. COMMENT— This section can regulate the punishment only in cases of an attempt to commit robbery as distinguished from a case in which the offender has accomplished his purpose and robbery has actually been committed.231. It applies to such of the offenders as are armed with deadly weapons though they do not use them in the attempt to rob or commit dacoity. It does not apply to other offenders who in combination with such persons have committed robbery or dacoity.232. The words ""uses"" and ""is armed"" in sections 397 and 398, IPC, 1860, have to be given identical meaning to resolve apparent anomaly.233. Thus, carrying a deadly weapon would be enough to attract the mischief of either section. In the charge-sheet, accused were charged under section 396. Section 398 is referred only for the purpose of sentence. Hence, the argument that when section 398 is attracted, life imprisonment cannot be awarded is untenable."
IPC_1860,399,"[s 399] Making preparation to commit dacoity. Whoever makes, any preparation for committing dacoity, shall be punished with rigorous imprisonment for a term which may extend to ten years, and shall also be liable to ﬁne. COMMENT— This section makes preparation to commit dacoity punishable. 'Preparation' consists in devising or arranging means necessary for the commission of an offence.240. Under the Code preparation to commit an offence is punishable in three cases:— (1) Preparation to wage war against the Government of India (section 122). (2) Preparation to commit depredation on territories of a Power at peace with the Government of India (section 126). (3) Preparation to commit dacoity. In a popular sense assembling to commit dacoity may be an act of preparation for it, but a mere assembly, without further preparation, is not 'preparation' within the meaning of this section. Section 402 applies to mere assembling without proof of other preparation. A person may not be guilty of dacoity, yet guilty of preparation, and not guilty of preparation, yet guilty of assembling.241. [s 399.1] Distinction between sections 399 and 402.— Though the offences falling under both the sections, m"
IPC_1860,400,"[s 400] Punishment for belonging to gang of dacoits. Whoever, at any time after the passing of this Act, shall belong to a gang of persons associated for the purpose of habitually committing dacoity, shall be punished with 249.[imprisonment for life], or with rigorous imprisonment for a term which may extend to ten years, and shall also be liable to ﬁne. 249.  Subs. by Act 26 of 1955, section 117 and Sch, for ""transportation for life"" (w.e.f. 1 January 1956). COMMENT— This section provides for the punishment of those who belong to a gang of persons who make it their business to commit dacoity. Its object is to break up gangs of dacoits by punishing persons associated for the purpose of committing dacoity. The mere fact that women lived as wives or mistresses with men who were dacoits was held not suﬃcient to prove that they belonged to a gang of persons associated for the purpose of habitually committing dacoity within the meaning of this section, unless it be proved that the women themselves were associated with the husbands or protectors for the purpose of themselves habitually committing dacoities.250. The expression 'belong' implies something more than casual association for th"
IPC_1860,401,"[s 401] Punishment for belonging to gang of thieves. Whoever, at any time after the passing of this Act, shall belong to any wandering or other gang of persons associated for the purpose of habitually committing theft or robbery, and not being a gang of thugs or dacoits, shall be punished with rigorous imprisonment for a term which may extend to seven years, and shall also be liable to ﬁne. 254.  Beja, (1913) PR No. 13 of 1914. 255.  Re Akbar Ali, 1981 Cr LJ NOC 36 (Mad). Acquittal by lower courts under this section and there being no charge at that time of receiving stolen property under section 410, the Supreme Court did not in an appeal under Article 136 of the Constitution convict under section 410. Pandara Nadar v State of TN, AIR 1991 SC 391 : 1991 Cr LJ 468 . See the comments under section 399. COMMENT— The principle enunciated in the last section is extended by this section to a gang of thieves or robbers. It is not necessary to prove that each individual member of the gang has habitually committed theft or has committed any particular theft in company with the other members.254. Even so the word 'belonging' implies something more than mere casual association. It conveys th"
IPC_1860,402,"[s 402] Assembling for purpose of committing dacoity. Whoever, at any time after the passing of this Act, shall be one of ﬁve or more persons assembled for the purpose of committing dacoity, shall be punished with rigorous imprisonment for a term which may extend to seven years, and shall also be liable to ﬁne. 256.  Bholu, (1900) 23 All 124 . COMMENT— An unlawful assembly of persons meeting for a common purpose to commit dacoity is subject to the severe punishment provided in this section even though no step is taken in the prosecution of the common object.256. THE INDIAN PENAL CODE CHAPTER XVII OF OFFENCES AGAINST PROPERTY Of Theft Of Criminal Misappropriation of Property"
IPC_1860,403,"[s 403] Dishonest misappropriation of property. Whoever dishonestly misappropriates or converts to his own use1 any movable property, shall be punished with imprisonment of either description for a term which may extend to two years, or with ﬁne, or with both. ILLUSTRATIONS (a) A takes property belonging to Z out of Z's possession, in good faith, believing, at the time when he takes it, that the property belongs to himself. A is not guilty of theft; but if A, after discovering his mistake, dishonestly appropriates the property to his own use, he is guilty of an offence under this section. (b) A, being on friendly terms with Z, goes into Z's library in Z's absence, and takes away a book without Z's express consent. Here, if A was under the impression that he had Z's implied consent to take the book for the purpose of reading it, A has not committed theft. But, if A afterwards sells the book for his own beneﬁt, he is guilty of an offence under this section. (c) A and B, being joint owners of a horse, A takes the horse out of B's possession, intending to use it. Here, as A has a right to use the horse, he does not dishonestly misappropriate it. But, if A sells the horse and appropriat"
IPC_1860,404,"[s 404] Dishonest misappropriation of property possessed by deceased person at the time of his death. Whoever dishonestly misappropriates or converts to his own use property, knowing that such property was in the possession of a deceased person at the time of that person's decease, and has not since been in the possession of any person legally entitled to such possession, shall be punished with imprisonment of either description for a term which may extend to three years, and shall also be liable to ﬁne; and if the offender at the time of such person's decease was employed by him as a clerk or servant, the imprisonment may extend to seven years. ILLUSTRATION Z dies in possession of furniture and money. His servant A, before the money comes into the possession of any person entitled to such possession, dishonestly misappropriates it. A has committed the offence deﬁned in this section. COMMENT— This section relates to a description of property peculiarly needing protection. The offence consists in the pillaging of movable property during the interval which elapses between the time when the possessor of the property dies, and the time when it comes into the possession of some person o"
IPC_1860,405,"[s 405] Criminal breach of trust. Whoever, being in any manner entrusted with property,1 or with any dominion over property, dishonestly misappropriates2 or converts to his own use that property, or dishonestly uses or disposes of that property3 in violation of any direction of law prescribing the mode in which such trust4 is to be discharged, or of any legal contract, express or implied, which he has made touching the discharge of such trust, or wilfully suffers any other person so to do, commits ""criminal breach of trust"". 278.[Explanation 279.[1].—A person, being an employer 280.[of an establishment whether exempted under section 17 of the Employees Provident Fund and Miscellaneous Provisions Act, 1952 (19 of 1952), or not] who deducts the employee's contribution from the wages payable to the employee for credit to a Provident Fund or Family Pension Fund established by any law for the time being in force, shall be deemed to have been entrusted with the amount of the contribution so deducted by him and if he makes default in the payment of such contribution to the said fund in violation of the said law, shall be deemed to have dishonestly used the amount of the said contribution "
IPC_1860,406,"[s 406] Punishment for criminal breach of trust. Whoever commits criminal breach of trust shall be punished with imprisonment of either description for a term which may extend to three years, or with ﬁne, or with both. COMMENT— The criminal breach of trust would, inter alia, mean using or disposing of the property by a person who is entrusted with or has otherwise dominion there over. Such an act must not only be done dishonestly but also in violation of any direction of law or any contract express or implied relating to carrying out the trust.286. To constitute this offence there must be dishonest misappropriation by a person in whom conﬁdence is placed as to the custody or management of the property in respect of which the breach of trust is charged. The ownership or beneﬁcial interest in the property in respect of which criminal breach of trust is alleged to have been committed must be in some person other than the accused and the latter must hold it on account of some person or in some way for his beneﬁt.287. The offence of criminal breach of trust closely resembles the offence of embezzlement under the English law. Offences committed by trustees with regard to trust property f"
IPC_1860,407,"[s 407] Criminal breach of trust by carrier, etc. Whoever, being entrusted with property as a carrier,1 wharﬁnger or warehouse-keeper, commits criminal breach of trust in respect of such property, shall be punished with imprisonment of either description for a term which may extend to seven years, and shall also be liable to ﬁne. 353.  The section does not apply to a custodian of goods under the Essential Commodities Act, 1955 for violation of certain clauses storage of licence. Pramod Kumar Nayak v State of Orissa, COMMENT— Those who receive property under a contract, express or implied, to carry it or to keep it in safe custody are punishable under this section for a criminal breach of trust with respect to such property.353. 1. 'Carrier'.—A carrier is a person who undertakes to transport the goods of other persons from one place to another for hire.354. It is clear that the expression 'carrier' in s.407 IPC, 1860 includes all types of carriers, including a common carrier or a private carrier.355. [s 407.1] Jurisdiction.— Where the accused was entrusted with the carriage of a quantity of coffee from an estate in Mysore to a ﬁrm of merchants in Mangalore, and a portion of the good"
IPC_1860,408,"[s 408] Criminal breach of trust by clerk or servant. Whoever, being a clerk1 or servant2 or employed as a clerk or servant,3 and being in any manner entrusted in such capacity with property, or with any dominion over property, commits criminal breach of trust in respect of that property, shall be punished with imprisonment of either description for a term which may extend to seven years, and shall also be liable to ﬁne. COMMENT— Section 381 punishes theft by a clerk or a servant. This section inﬂicts enhanced punishment on such a person for criminal breach of trust. The property must have been entrusted to the accused in his capacity as a clerk or a servant. A clerk or a servant who takes his master's property is punishable for theft. 1. 'Clerk'.—A clerk in modern usage means a writer in an oﬃce, public or private, either for keeping accounts or entering minutes. 2. 'Servant'.—Master and servant—a relation whereby a person calls in the assistance of others, where his own skill and labour are not suﬃcient to carry out his own business or purpose.358. A servant acts under the direct control and supervision of the master and is bound to conform to all reasonable orders given in the c"
IPC_1860,409,"[s 409] Criminal breach of trust by public servant, or by banker, merchant or agent. Whoever, being in any manner entrusted with property, or with any dominion over property in his capacity of a public servant1 or in the way of his business as a banker,2 merchant,3 factor,4 broker,5 attorney6 or agent,7 commits criminal breach of trust in respect of that property, shall be punished with 367.[imprisonment for life], or with imprisonment of either description for a term which may extend to ten years, and shall also be liable to ﬁne. COMMENT— This section classes together public servants, bankers, merchants, factors, brokers, attorneys and agents. As a rule the duties of such persons are of a highly conﬁdential character, involving great powers of control over the property entrusted to them; and a breach of trust by such persons may often induce serious public and private calamity. [s 409.1] Ingredients.— In order to sustain conviction under section 409, IPC, 1860, two ingredients are to be proved; namely, (i) the accused, a public servant or a banker or agent was entrusted with the property of which he is duty bound to account for; and (ii) the accused has committed criminal breach o"
IPC_1860,410,"[s 410] Stolen property. Property, the possession whereof has been transferred by theft, or by extortion, or by robbery, and property which has been criminally misappropriated or in respect of which 441.[***] criminal breach of trust has been committed, is designated as ""stolen property"", 442.[whether the transfer has been made, or the misappropriation or breach of trust has been committed, within or without 443.[India]]. But, if such property subsequently comes into the possession of a person legally entitled to the possession thereof, it then ceases to be stolen property. 441.  The words ""the"" and ""offence of"" rep. by Act 12 of 1891, section 2 and Sch I and Act 8 of 1882, section 9, respectively. 442.  Ins. by Act 8 of 1882, section 9. 443.  The words ""British India"" have successively been subs. by the A.O. 1948, the A.O. 1950 and Act 3 of 1951, section 3 and Sch (w.e.f. 1 April 1951), to read as above. THE INDIAN PENAL CODE CHAPTER XVII OF OFFENCES AGAINST PROPERTY Of Theft Of the Receiving of Stolen Property"
IPC_1860,411,"[s 411] Dishonestly receiving stolen property. Whoever dishonestly receives or retains1 any stolen property, knowing or having reason to believe the same to be stolen property,2 shall be punished with imprisonment of either description for a term which may extend to three years, or with ﬁne, or with both. State Amendment Tamil Nadu.—The following amendments were made by T.N. Act No. 28 of 1993, section 2. Section 411 of the principal Act shall be renumbered as sub-section (1) of that section and after sub-section (1) as so renumbered, the following sub-section shall be added, namely— ""(2) Whoever dishonestly receives or retains any idol or icon stolen from any building used as a place of worship knowing or having reason to believe the same to be stolen property shall, notwithstanding anything contained in sub-section (1), be punished with rigorous imprisonment which shall not be less than two years but which may exceed to three years and with ﬁne which shall not be less than two thousand rupees: Provided that the court may, for adequate and special reasons to be mentioned in the judgment, impose a sentence of imprisonment for a term of less than two years."" COMMENT— Section 410 deﬁ"
IPC_1860,412,"[s 412] Dishonestly receiving property stolen in the commission of a dacoity. Whoever dishonestly receives or retains any stolen property, the possession whereof he knows or has reason to believe to have been transferred by the commission of dacoity, or dishonestly receives from a person, whom he knows or has reason to believe to belong or to have belonged to a gang of dacoits, property which he knows or has reason to believe to have been stolen, shall be punished with 457. [imprisonment for life], or with rigorous imprisonment for a term which may extend to ten years, and shall also be liable to ﬁne. COMMENT— This section was enacted to stamp out the offence of dacoity which was very rampant when the Code came into force. It refers to persons other than actual dacoits. It provides the same punishment to a receiver of property obtained in dacoity as to dacoits themselves. It is apparent from a plain reading of section 412 IPC, 1860, that a person receiving stolen goods, would be guilty of the offence under section 412 IPC, 1860, if it can further be shown, that the recipient of the goods knew (or had reason to believe), that the person offering the goods, belonged to a gang of daco"
IPC_1860,413,"[s 413] Habitually dealing in stolen property. Whoever habitually receives or deals in property which he knows or has reason to believe to be stolen property, shall be punished with 466.[imprisonment for life], or with imprisonment of either description for a term which may extend to ten years, and shall also be liable to ﬁne. 466.  Subs. by Act 26 of 1955, section 117 and Sch, for ""transportation for life"" (w.e.f. 1 January 1956). 467.  State v Waman Gheeya, 2007 Cr LJ 3614 (Raj). COMMENT— The reason for inserting section 413 by the legislature is clear from the language of the section. The legislature purposely enacted knowing it well that there is already section 411 in respect of offence of dishonestly receiving stolen property knowing it to be stolen. The legislature inserted section 413 in the IPC, 1860 where under it is provided that if a person is habitually dealing in stolen property, he will be charged for offence under section 413, IPC, 1860. The terms of the provision make it clear that ""habitually dealing"" means there is evidence on record that there are other instances other than the present instance of the accused found to be indulging in the act and he is facing tri"
IPC_1860,414,"[s 414] Assisting in concealment of stolen property. Whoever voluntarily assists in concealing or disposing of or making away with property which he knows or has reason to believe to be stolen property, shall be punished with imprisonment of either description for a term which may extend to three years, or with ﬁne, or with both. COMMENT— This section requires two things— 1. Voluntary assistance in concealing or disposing of or making away with property. 2. Knowledge or reason to believe that such property is stolen property. The section is intended to penalise the person, who deal with stolen property in such a way that it becomes diﬃcult to identify it or use it as evidence. It is not necessary to establish that the property was the subject matter of any particular theft. It would suﬃce if the prosecution can establish that the accused had knowledge or ""had reason to believe"" that the property is stolen one. All that the prosecution is required to establish is that the accused rendered help in either concealment or disposal of the property, which he had reason to believe to be stolen property or had knowledge to believe that it was such.468. It is not necessary for a person to be"
IPC_1860,415,"[s 415] Cheating. Whoever, by deceiving any person1, fraudulently or dishonestly induces the person so deceived to deliver any property2 to any person, or to consent that any person shall retain any property,3 or intentionally induces the person so deceived to do or omit to do anything which he would not do or omit if he were not so deceived,4 and which act or omission causes or is likely to cause damage or harm to that person in body, mind, reputation or property,5 is said to ""cheat"". Explanation.—A dishonest concealment of facts is a deception within the meaning of this section. ILLUSTRATIONS (a) A, by falsely pretending to be in the Civil Service, intentionally deceives Z, and thus dishonestly induces Z to let him have on credit goods for which he does not mean to pay. A cheats. (b) A, by putting a counterfeit mark on an article, intentionally deceives Z into a belief that this article was made by a certain celebrated manufacturer, and thus dishonestly induces Z to buy and pay for the article. A cheats. (c) A, by exhibiting to Z a false sample of an article, intentionally deceives Z into believing that the article corresponds with the sample, and thereby, dishonestly induces Z t"
IPC_1860,416,"[s 416] Cheating by personation. A person is said to ""cheat by personation"" if he cheats by pretending to be some other person, or by knowingly substituting one person for another, or representing that he or any other person is a person other than he or such other person really is. Explanation.—The offence is committed whether the individual personated is a real or imaginary person. ILLUSTRATIONS (a) A cheats by pretending to be a certain rich banker of the same name. A cheats by personation. (b) A cheats by pretending to be B, a person who is deceased. A cheats by personation. COMMENT— To 'personate' means to pretend to be a particular person.531. As soon as a man by word, act, or sign holds himself forth as a person entitled to vote with the object of passing himself off as that person, and exercising the right which that person has, he has personated him.532. If a person at Oxford, who is not a member of the university, goes to a shop for the purpose of fraud, wearing a commoner's cap and gown, and obtains goods, his appearing in a cap and gown is a suﬃcient false pretence although nothing passed in words.533. The person personated may be a real or an imaginary person. [s 416.1]"
IPC_1860,417,"[s 417] Punishment for cheating. Whoever cheats shall be punished with imprisonment of either description for a term which may extend to one year, or with ﬁne, or with both. COMMENT— This section punishes simple cases of cheating. Where there is delivery of any property or destruction of any valuable security, section 420 is the proper section to apply.536. The accused made false representation to the complainant by way of promise to marry her and believing such promise she complied with his request by sharing the bed together. Consequently she became pregnant but he refused to marry her. The accused challenged the proceedings initiated against him under section 417. It was held that prima facie case was made out under the section.537. Certain letters were prepared on the letterhead of a Minister by the accused by which actors were invited to a cultural show. Letters did not carry the signature of the Minister. The Court said that the act of the accused did not cause nor was likely to cause any harm to any person in mind or body. His conviction under section 417 was held to be not proper.538. Only because accused issued cheques which were dishonoured, the same by itself would not m"
IPC_1860,418,"[s 418] Cheating with knowledge that wrongful loss may ensue to person whose interest offender is bound to protect. Whoever cheats with the knowledge that he is likely thereby to cause wrongful loss to a person whose interest in the transaction to which the cheating relates, he was bound, either by law, or by a legal contract, to protect, shall be punished with imprisonment of either description for a term which may extend to three years, or with ﬁne, or with both. COMMENT— Under section 418 of IPC, 1860 who ever cheats with the knowledge that is likely thereby to cause wrongful loss to the person whose interest in the transaction to which the cheating relates he was bound either by law or by legal contract to protect, shall be punished with imprisonment or ﬁne or with both.545. This section applies to cases of cheating by guardians, trustees, solicitors, agents, and the manager of a Hindu family, directors or managers of a bank in fraud of the shareholders. It is the abuse of trust that is met with severe punishment. [s 418.1] False balance-sheet for inducing to renew deposit.— Where the directors, manager and accountant dishonestly that is to obtain wrongful gain for themselves o"
IPC_1860,419,"[s 419] Punishment for cheating by personation. Whoever cheats by personation shall be punished with imprisonment of either description for a term which may extend to three years, or with ﬁne, or with both. 548.  I K Narayana v State of Karnataka, 2013 Cr LJ 874 (Kar). COMMENT— If a person cheats by pretending to be some other person, or representing that he is a person other than he, then, such person can be charged with the allegation of 'cheating by personation' (section 416, IPC, 1860) and punished under section. 419, IPC, 1860. [s 419.1] Overlapping.— The offences under sections 170, IPC, 1860 and 419, IPC, 1860 overlap each other. Cheating by personation (section 419, IPC, 1860) is an offence of general character, under which a person may pretend to be anyone, other than what he really is. But, cheating by pretending to be a public servant (section 170, IPC, 1860) is a speciﬁc offence, where one pretends to be a public servant and has all the ingredients of cheating by personation under section 419, IPC, 1860.548. THE INDIAN PENAL CODE CHAPTER XVII OF OFFENCES AGAINST PROPERTY Of Theft Of Cheating"
IPC_1860,420,"[s 420] Cheating and dishonestly inducing delivery of property. Whoever cheats and thereby dishonestly induces the person deceived to deliver any property to any person, or to make, alter or destroy the whole or any part of a valuable security, or anything which is signed or sealed, and which is capable of being converted into a valuable security, shall be punished with imprisonment of either description for a term which may extend to seven years, and shall also be liable to ﬁne. COMMENT— Simple cheating is punishable under section 417. But where there is delivery or destruction of any property or alteration or destruction of any valuable security resulting from the act of the person deceiving this section comes into operation. For an offence under this section it must be proved that the complainant parted with his property acting on a representation which was false to the knowledge of the accused and that the accused had a dishonest intention from the outset.549. In Sonbhandra Coke Products v State of UP,550. it was held that offence of cheating can be made out only if it has been shown that damage or harm has been caused to the person so deceived. The Supreme Court has held that "
IPC_1860,421,"[s 421] Dishonest or fraudulent removal or concealment of property to prevent distribution among creditors. Whoever dishonestly or fraudulently removes, conceals or delivers to any person, or transfer or causes to be transferred to any person, without adequate consideration, any property,1 intending thereby to prevent, or knowing it to be likely that he will thereby prevent, the distribution of that property according to law among his creditors or the creditors of any other person, shall be punished with imprisonment of either description for a term which may extend to two years, or with ﬁne, or with both. COMMENT— This and the three following sections deal with fraudulent conveyances referred to in section 53 of the Transfer of Property Act, 1882 and the Presidency- towns and Provincial Insolvency Acts. This section specially refers to frauds connected with insolvency. The offence under it consists in a dishonest disposition of property with intent to cause wrongful loss to the creditors. It will cover benami transactions in fraud of creditors. It will apply to property both movable and immovable. Compare sections 205–210 with sections 421–424 as they are similar in character. The"
IPC_1860,422,"[s 422] Dishonestly or fraudulently preventing debt being available for creditors. Whoever dishonestly or fraudulently prevents any debt or demand due to himself or to any other person from being made available according to law for payment of his debts or the debts of such other person, shall be punished with imprisonment of either description for a term which may extend to two years, or with ﬁne, or with both. COMMENT— This section, like the preceding section, is intended to prevent the defrauding of creditors by masking property. Any proceedings to prevent the attachment and sale of debts due to the accused will fall under this section. The offence consists in the dishonest or fraudulent evasion of one's own liability. THE INDIAN PENAL CODE CHAPTER XVII OF OFFENCES AGAINST PROPERTY Of Theft Of Fraudulent Deeds and Dispositions of Property"
IPC_1860,423,"[s 423] Dishonest or fraudulent execution of deed of transfer containing false statement of consideration. Whoever dishonestly or fraudulently signs, executes or becomes a party to any deed or instrument which purports to transfer or subject to any charge any property, or any interest therein, and which contains any false statement relating to the consideration for such transfer or charge, or relating to the person or persons for whose use or beneﬁt it is really intended to operate, shall be punished with imprisonment of either description for a term which may extend to two years, or with ﬁne, or with both. 595.  Gurditta Mal, (1901) PR No. 10 of 1902; Mahabir Singh, (1902) 25 All 31 . 596.  Mukesh Dhirubhai Ambani v State of Orissa, 2005 Cr LJ 2902 (Ori). 597.  Mania Goundan, (1911) 37 Mad 47. COMMENT— This section deals with fraudulent and ﬁctitious conveyances and trusts. Under it, the dishonest execution of a benami deed is punishable. Where the consideration for the sale of immovable property was, with the consent of the purchaser, exaggerated in a deed of sale in order to defeat the claim of the pre-emptor, it was held that the purchaser was guilty of this offence.595. The sc"
IPC_1860,424,"[s 424] Dishonest or fraudulent removal or concealment of property. Whoever dishonestly or fraudulently conceals or removes any property of himself or any other person, or dishonestly or fraudulently assists in the concealment or removal thereof, or dishonestly releases any demand or claim to which he is entitled, shall be punished with imprisonment of either description for a term which may extend to two years, or with ﬁne, or with both. COMMENT— This section provides for cases not coming within the purview of sections 421 and 422. It contemplates such a concealment or removal of property from the place in which it is deposited, as can be considered fraudulent. Where one of the several partners removed the partnership books at night, and when questioned denied having done so;598. where a judgment-debtor, whose standing crops were attached, harvested them while the attachment was in force;599. where the accused who was bound under the conditions of his tenure to share the produce of his land with the landholder in a certain proportion, dishonestly concealed and removed the produce, thus preventing the landholder from taking his due share,600. it was held that this offence was commi"
IPC_1860,425,"[s 425] Mischief. Whoever with intent to cause, or knowing that he is likely to cause, wrongful loss or damage to the public or to any person,1 causes the destruction of any property, or any such change in any property or in the situation thereof2 as destroys or diminishes its value or utility, or affects it injuriously,3 commits ""mischief"". Explanation 1.—It is not essential to the offence of mischief that the offender should intend to cause loss or damage to the owner of the property injured or destroyed. It is suﬃcient if he intends to cause, or knows that he is likely to cause, wrongful loss or damage to any person by injuring any property, whether it belongs to that person or not. Explanation 2.—Mischief may be committed by an act affecting property belonging to the person who commits the act, or to that person and others jointly. ILLUSTRATIONS (a) A voluntarily burns a valuable security belonging to Z intending to cause wrongful loss to Z. A has committed mischief. (b) A introduces water into an ice-house belonging to Z and thus causes the ice to melt, intending wrongful loss to Z. A has committed mischief. (c) A voluntarily throws into a river a ring belonging to Z, with the"
IPC_1860,426,"[s 426] Punishment for mischief. Whoever commits mischief shall be punished with imprisonment of either description for a term which may extend to three months, or with ﬁne, or with both. COMMENT— Ingredients.—This section requires three things:— (1) intention or knowledge of likelihood to cause wrongful loss or damage to the public or to any person; (2) causing the destruction of some property or any change in it or in its situation; and (3) such change must destroy or diminish its value or utility, or affect it injuriously. This section deals with a physical injury from a physical cause.607. Section 426, IPC, 1860 deals with punishment for the offence of ""mischief"" as deﬁned in section 425. The said section 425 enacts a rule of which the maxim sic utere tuo ut alienum non laedasis but a partial exponent. It enacts a rule which, while preserving to the owner the maximum rights of property, prevents his using it to the injury or damage of another and all fortiori it punishes all who wantonly cause such injury or damage to another's property. Neither malice nor an intention to cause injury is essential for the constitution of the offence which may be committed by injury caused with "
IPC_1860,427,"[s 427] Mischief causing damage to the amount of ﬁfty rupees. Whoever commits mischief and thereby causes loss or damage to the amount of ﬁfty rupees or upwards, shall be punished with imprisonment of either description for a term which may extend to two years, or with ﬁne, or with both. 633.  Kashiben Chhaganbhai Koli v State of Gujarat, (2008) 17 SCC 100 [LNIND 2008 SC 2366] : 2009 Cr LJ 1156 (SC). 634.  Ramnish v CBI, 2016 Cr LJ 2371 (Del) : 2016 V AD (Del) 574. COMMENT— Where evidence on record clearly establishes that the sugarcane stems in the ﬁelds of the claimants were totally destroyed by using a tractor. Therefore, section 427, IPC, 1860 is clearly established.633. While causing mischief, there must be an intention behind that. In the present case, the petitioners were discharging their oﬃcial duty. Therefore, they had no intention to cause any injury or mischief.634. THE INDIAN PENAL CODE CHAPTER XVII OF OFFENCES AGAINST PROPERTY Of Theft Of Mischief"
IPC_1860,428,"[s 428] Mischief by killing or maiming animal of the value of ten rupees.Mischief by killing or maiming animal of the value of ten rupees. Whoever commits mischief by killing, poisoning, maiming or rendering useless any animal or animals of the value of ten rupees or upwards, shall be punished with imprisonment of either description for a term which may extend to two years, or with ﬁne, or with both. 635.  Fattehdin, (1881) PR No. 33 of 1881. 636.  Jeans, (1884) 1 C & K 539. COMMENT— This section is intended to prevent cruelty to animals and consequent loss to the owner. [s 428.1] 'Maiming'.— refers to those injuries which cause the privation of the use of a limb or a member of the body.635. 'Maiming' implies a permanent injury,636. wounding is not necessarily maiming. THE INDIAN PENAL CODE CHAPTER XVII OF OFFENCES AGAINST PROPERTY Of Theft Of Mischief"
IPC_1860,429,"[s 429] Mischief by killing or maiming cattle, etc., of any value or any animal of the value of ﬁfty rupees. Whoever commits mischief by killing, poisoning, maiming or rendering useless, any elephant, camel, horse, mule, buffalo, bull, cow or ox, whatever may be the value thereof, or any other animal of the value of ﬁfty rupees or upwards, shall be punished with imprisonment of either description for a term which may extend to ﬁve years, or with ﬁne, or with both. COMMENT— This section provides for enhanced punishment owing to the greater value of the animals mentioned therein. This section is applicable where permanent injury is caused to the animal by the offence of mischief.637. It has been held by the Supreme Court that the offence created by this section and the one under section 9(1) read with section 50 of the Wild Life Protection Act, 1972 are substantially the same offence. Therefore, the bar of double jeopardy will not operate.638. It is apparent that the most signiﬁcant words are the opening words of the section which says, ""whoever commits mischief by killing..."" and thus 'mischief' appears to be an essential ingredient for attracting the offence and the mischief has be"
IPC_1860,430,"[s 430] Mischief by injury to works of irrigation or by wrongfully diverting water. Whoever commits mischief by doing any act which causes, or which he knows to be likely to cause, a diminution of the supply of water for agricultural purposes, or for food or drink for human beings or for animals which are property, or for cleanliness or for carrying on any manufacture, shall be punished with imprisonment of either description for a term which may extend to ﬁve years, or with ﬁne, or with both. 641.  Ashutosh Ghosh, (1929) 57 Cal 897 . COMMENT— This section deals with diminution of water supply, e.g., the placing of an embankment across a channel. Section 277 applies if the water is fouled so as to be unﬁt for use. This section applies equally to irrigation channels as to other sources of irrigation, such as tanks and ponds. For a conviction under this section, there must be some infringement of right resting in some one by the act of the accused.641. THE INDIAN PENAL CODE CHAPTER XVII OF OFFENCES AGAINST PROPERTY Of Theft Of Mischief"
IPC_1860,431,"[s 431] Mischief by injury to public road, bridge, river or channel. Whoever commits mischief by doing any act which renders or which he knows to be likely to render any public road, bridge, navigable river or navigable channel, natural or artiﬁcial, impassable or less safe for travelling or conveying property, shall be punished with imprisonment of either description for a term which may extend to ﬁve years, or with ﬁne, or with both. THE INDIAN PENAL CODE CHAPTER XVII OF OFFENCES AGAINST PROPERTY Of Theft Of Mischief"
IPC_1860,432,"[s 432] Mischief by causing inundation or obstruction to public drainage attended with damage. Whoever commits mischief by doing any act which causes or which he knows to be likely to cause an inundation or an obstruction to any public drainage attended with injury or damage, shall be punished with imprisonment of either description for a term which may extend to ﬁve years, or with ﬁne, or with both. THE INDIAN PENAL CODE CHAPTER XVII OF OFFENCES AGAINST PROPERTY Of Theft Of Mischief"
IPC_1860,433,"[s 433] Mischief by destroying, moving or rendering less useful a light-house or sea-mark. Whoever commits mischief by destroying or moving any light-house or other light used as a sea-mark or any sea-mark or buoy or other thing placed as a guide for navigators, or by any act which renders any such light-house, sea-mark, buoy or other such thing as aforesaid less useful as a guide for navigators, shall be punished with imprisonment of either description for a term which may extend to seven years, or with ﬁne, or with both. COMMENT— This section is an extension of the principle laid down in section 281. Sea-marks are very important in navigation and any tampering with them may lead to disastrous results. THE INDIAN PENAL CODE CHAPTER XVII OF OFFENCES AGAINST PROPERTY Of Theft Of Mischief"
IPC_1860,434,"[s 434] Mischief by destroying or moving, etc., a land-mark ﬁxed by public authority. Whoever commits mischief by destroying or moving any land-mark ﬁxed by the authority of a public servant, or by any act which renders such land-mark less useful as such, shall be punished with imprisonment of either description for a term which may extend to one year, or with ﬁne, or with both. 642.  Kannan Pillai v Ismail, (1961) KLT 656 . COMMENT— This section is similar to the last section but the punishment prescribed is not so severe because tampering with land-marks does not lead to disastrous results. Possession by the accused of the land in which the land-marks are situated will not be a defence in a case where the ingredients of the offence under this section are made out.642. THE INDIAN PENAL CODE CHAPTER XVII OF OFFENCES AGAINST PROPERTY Of Theft Of Mischief"
IPC_1860,435,"[s 435] Mischief by ﬁre or explosive substance with intent to cause damage to amount of one hundred or (in case of agricultural produce) ten rupees. Whoever commits mischief by ﬁre or any explosive substance intending to cause, or knowing it to be likely that he will thereby cause, damage to any property to the amount of one hundred rupees or upwards 643.[or (where the property is agricultural produce) ten rupees or upwards], shall be punished with imprisonment of either description for a term which may extend to seven years, and shall also be liable to ﬁne. 643.  Ins. by Act 8 of 1882, section 10. THE INDIAN PENAL CODE CHAPTER XVII OF OFFENCES AGAINST PROPERTY Of Theft Of Mischief"
IPC_1860,436,"[s 436] Mischief by ﬁre or explosive substance with intent to destroy house, etc. Whoever commits mischief by ﬁre or any explosive substance, intending to cause, or knowing it to be likely that he will thereby cause, the destruction of any building which is ordinarily used as a place of worship or as a human dwelling or as a place for the custody of property, shall be punished with 644.[imprisonment for life], or with imprisonment of either description for a term which may extend to ten years, and shall also be liable to ﬁne. 644.  Subs. by Act 26 of 1955, section 117 and Sch, for ""transportation for life"" (w.e.f. 1 January 1956). 645.  Manning, (1871) LR 1 CCR 338. 646.  William Edgell, (1867) 11 Cox 132. COMMENT— In order to attract section 436 of the IPC, 1860, the following ingredients must be satisﬁed: (i) There must be commission of mischief by ﬁre or any explosive substance. (ii) It should have been committed intending to cause, or knowing it to be likely that the accused will thereby cause the destruction of any building. (iii) The building should be one which is ordinarily used as a place of worship or as a human dwelling or as a place for custody of property. The section "
IPC_1860,437,"[s 437] Mischief with intent to destroy or make unsafe a decked vessel or one of twenty tons burden. Whoever commits mischief to any decked vessel or any vessel of a burden of twenty tons or upwards, intending to destroy or render unsafe, or knowing it to be likely that he will thereby destroy or render unsafe, that vessel, shall be punished with imprisonment of either description for a term which may extend to ten years, and shall also be liable to ﬁne. COMMENT— The vessel must be a 'decked vessel' or a 'vessel of a burden of twenty tons or upwards'. This limitation is laid down to exclude small craft of all kinds. The intention of the Legislature is to punish mischief committed on vessels which are likely to carry passengers. THE INDIAN PENAL CODE CHAPTER XVII OF OFFENCES AGAINST PROPERTY Of Theft Of Mischief"
IPC_1860,438,"[s 438] Punishment for the mischief described in section 437 committed by ﬁre or explosive substance. Whoever commits, or attempts to commit, by ﬁre or any explosive substance, such mischief as is described in the last preceding section, shall be punished with 647. [imprisonment for life], or with imprisonment of either description for a term which may extend to ten years, and shall also be liable to ﬁne. 647.  Subs. by Act 26 of 1955, section 117 and Sch, for ""transportation for life"" (w.e.f. 1 January 1956). COMMENT— This section merely extends the principle laid down in the last section. It imposes higher penalty owing to the dangerous nature of the means used. THE INDIAN PENAL CODE CHAPTER XVII OF OFFENCES AGAINST PROPERTY Of Theft Of Mischief"
IPC_1860,439,"[s 439] Punishment for intentionally running vessel aground or ashore with intent to commit theft, etc. Whoever intentionally runs any vessel aground or ashore, intending to commit theft of any property contained therein or to dishonestly misappropriate any such property, or with intent that such theft or misappropriation of property may be committed, shall be punished with imprisonment of either description for a term which may extend to ten years, and shall also be liable to ﬁne. COMMENT— This section punishes an act which is akin to piracy. THE INDIAN PENAL CODE CHAPTER XVII OF OFFENCES AGAINST PROPERTY Of Theft Of Mischief"
IPC_1860,440,"[s 440] Mischief committed after preparation made for causing death or hurt. Whoever commits mischief, having made preparation for causing to any person death, or hurt, or wrongful restraint, or fear of death, or of hurt, or of wrongful restraint, shall be punished with imprisonment of either description for a term which may extend to ﬁve years, and shall also be liable to ﬁne. 648.  Abid Ali Khan v Prabhakara Rao, 1968 CR LJ 398 (Vol 74, C. N. 115)(AP); Ramakant Rai v Madan rai, (2003) 12 SCC 395 [LNIND 2003 SC 837] : 2004 Cr LJ 36 (SC)- Order of acquittal reversed. COMMENT— In order to attract the provisions of section 440 read with section 44, Penal Code, it is necessary to allege and establish the following three essentials which constitute the offence under the said sections:- (1) Intention or knowledge of likelihood to cause wrongful loss or damage to the public or to any person. (2) Causing the destruction of some property or any such change in any property or in the situation thereof; and (3) Such changes must result in destroying or diminishing the value or utility of any property or affecting it injuriously. It is thus, plain that either destruction of property or some ch"
IPC_1860,441,"[s 441] Criminal trespass. Whoever enters into or upon property in the possession of another1 with intent to commit an offence2 or to intimidate, insult or annoy any person in possession3 of such property, or having lawfully entered into or upon such property, unlawfully remains there4 with intent thereby to intimidate, insult or annoy any such person, or with intent to commit an offence, is said to commit ""criminal trespass"". State Amendments Orissa.—Amendment by Orissa Act No. 22 of 1986 (w.e.f. 6-12-1986). Same as in Uttar Pradesh except that for the words ""whether before or after the coming into force of the Criminal Laws (U.P. Amendment) Act, 1961"" read ""remains there"", and omit ""by the speciﬁed in the notice."" Uttar Pradesh.—The following amendments were made by U.P. Act No. 31 of 1961,section 2 (w.e.f. 13-11-1961). For Section 441, substitute the following:— ""441. Criminal Trespass.—Whoever enters into or upon property in possession of another with intent to commit an offence or to intimidate, insult or annoy any person in possession of such property, or, having lawfully entered into or upon such property, unlawfully remains there with intent thereby to intimidate, insult or"
IPC_1860,442,"[s 442] House trespass. Whoever commits criminal trespass by entering into1 or remaining in any building,2 tent or vessel used as a human dwelling or any building used as a place for worship, or as a place for the custody of property, is said to commit ""house-trespass"". Explanation.—The introduction of any part of the criminal trespasser's body is entering suﬃcient to constitute house-trespass. COMMENT— The offence of criminal trespass may be aggravated in several ways. It may be aggravated by the way in which it is committed, and by the end for which it is committed. When criminal trespass is committed in a dwelling house, or any building, tent or vessel used for human dwelling, it becomes, 'house trespass' as deﬁned under section 442 IPC, 1860 and punishable under section 448 IPC, 1860. The offence intended to be committed so as to constitute 'criminal trespass' is any offence. But if such offence intended to be committed is one punishable with imprisonment and the criminal trespass is committed in a dwelling house, then the offence which is made out is not one punishable under section 448 IPC, 1860 but one punishable under section 451 IPC, 1860 which is an aggravated form of hou"
IPC_1860,443,"[s 443] Lurking house-trespass. Whoever commits house-trespass having taken precautions to conceal such house- trespass from some person who has a right to exclude or eject the trespasser from the building, tent or vessel which is the subject of the trespass, is said to commit ""lurking house-trespass"". COMMENT— The authors of the Code say: ""House-trespass, again, may be aggravated by being committed in a surreptitious or in a violent manner. The former aggravated form of house-trespass we designate as lurking house-trespass; the latter we designate as house-breaking. Again, house-trespass, in every form, may be aggravated by the time at which it is committed. Trespass of this sort has, for obvious reasons, always been considered as a more serious offence when committed by night than when committed by day. Thus, we have four aggravated forms of that sort of criminal trespass which we designate as house-trespass, lurking house-trespass, house-breaking, lurking house- trespass by night, and house-breaking by night"". ""These are aggravations arising from the way in which the criminal trespass is committed. But criminal trespass may also be aggravated by the end for which it is committed"
IPC_1860,444,"[s 444] Lurking house-trespass by night. Whoever commits lurking house-trespass after sunset and before sunrise, is said to commit ""lurking house-trespass by night"". THE INDIAN PENAL CODE CHAPTER XVII OF OFFENCES AGAINST PROPERTY Of Theft Of Criminal Trespass"
IPC_1860,445,"[s 445] House-breaking. A person is said to commit ""house-breaking"" who commits house-trespass if he effects his entrance into the house or any part of it in any of the six ways hereinafter described; or if, being in the house or any part of it for the purpose of committing an offence, or, having committed an offence therein, he quits the house or any part of it in any of such six ways, that is to say— First.—If he enters or quits through a passage by himself, or by any abettor of the house-trespass, in order to the committing of the house-trespass. Secondly.—If he enters or quits through any passage not intended by any person, other than himself or an abettor of the offence, for human entrance; or through any passage to which he has obtained access by scaling or climbing over any wall or building. Thirdly.—If he enters or quits through any passage which he or any abettor of the house-trespass has opened, in order to the committing of the house-trespass by any means by which that passage was not intended by the occupier of the house to be opened. Fourthly.—If he enters or quits by opening any lock in order to the committing of the house-trespass, or in order to the quitting of the "
IPC_1860,446,"[s 446] House-breaking by night. Whoever commits house-breaking after sunset and before sunrise, is said to commit ""house-breaking by night"". COMMENT— The preceding section contains an elaborate deﬁnition of house-breaking. The addition in this section of the element of time turns the offence into 'house-breaking by night'. The analysis of this offence suggests a division of its ingredients into (1) the breaking; (2) the entry; (3) the place; (4) the time; and (5) the intent. THE INDIAN PENAL CODE CHAPTER XVII OF OFFENCES AGAINST PROPERTY Of Theft Of Criminal Trespass"
IPC_1860,447,"[s 447] Punishment for criminal trespass. Whoever commits criminal trespass shall be punished with imprisonment of either description for a term which may extend to three months, with ﬁne or which may extend to ﬁve hundred rupees, or with both. 686.  Jageshwar Ramsahay Ahir v Parmeshwar, AIR 2000 MP 223 [LNIND 1999 MP 382] . 687.  Dhanna Ram v State of Rajasthan, 2000 Cr LJ 1204 (Raj). 688.  State of Rajasthan v Dipti Ram, 2001 Cr LJ 3910 (Raj); Janggu v State of MP, 2000 Cr LJ 711 (MP) here also the complainant could not prove his possession. Paramjeet Batra v State of Uttarakhand; JT 2012 (12) SC 393 [LNIND 2012 SC 812] : 2012 (12) Scale 688 [LNIND 2012 SC 812] -proceedings quashed as it appears to be essentially a civil dispute 689.  Jasbir Singh v State of Himachal Pradesh, 2012 Cr LJ 2955 (HP). COMMENT— A party claimed title by adverse possession. The other ﬁled a complaint for criminal trespass. The complaint was dismissed for the fact that the dispute was of civil nature. It was held that such acquittal did not have the effect of proving the existence of title by adverse possession.686. Where the land in question was not shown to be in the exclusive possession of the complai"
IPC_1860,448,"[s 448] Punishment for house-trespass. Whoever commits house-trespass shall be punished with imprisonment of either description for a term which may extend to one year, or with ﬁne which may extend to one thousand rupees, or with both. 690.  Vidyadharan v State of Kerala, (2004) 1 SCC 215 [LNIND 2003 SC 985] : AIR 2004 SC 536 [LNIND 2003 SC 985] : (2004) 1 KLT 105 [LNIND 2003 SC 985] : 2004 Cr LJ 605 : (2004) 2 MPLJ COMMENT— In order to sustain conviction under the section it has to be found that the intention of the accused to commit an offence or intimidate, insult or annoy the complainant. There must be an unlawful entry and there must be proof of one or the other of the intentions mentioned in section 441. In this case, the evidence produced clearly established the offence.690. The complainant was allotted a shop by the Rehabilitation Department because of his being a displaced person, but the accused persons did not allow him to enter the shop. Though the accused persons entered the shop lawfully they retained it unlawfully and dishonestly for more than 37 years. They were held to be guilty under this section read with section 34. The complainant died during the revision petit"
IPC_1860,449,"[s 449] House-trespass in order to commit offence punishable with death. Whoever commits house-trespass in order to the committing of any offence punishable with death, shall be punished with 694.[imprisonment for life], or with rigorous imprisonment for a term not exceeding ten years, and shall also be liable to ﬁne. 694.  Subs. by Act 26 of 1955, section 117 and Sch, for ""transportation for life"" (w.e.f. 1 January 1956). 695.  Matiullah, AIR 1965 SC 132 [LNIND 1964 SC 56] . See the decision of the Supreme Court in Laxmi Raj Shetty v State of TN, AIR 1988 SC 1274 [LNIND 1988 SC 260] : (1988) 3 SCC 319 [LNIND 1988 SC 260] , where death sentence for bank robbery and murder was reduced to life imprisonment. Bhaskar Chattoraj v State of WB, 1991 Cr LJ 451 (SC) : AIR 1991 SC 317 . One of the accused against whom there was no evidence, discharged. Satrughana Lamar v State, 1998 Cr LJ 1588 , the accused entered into a hut, killed a person there with an axe, seen coming out with axe, recovery of weapon at his instance, conviction under sections 304/349 held proper. Muniappan v State of TN, 1997 Cr LJ 2336 (Mad), charge of beating and murder not proved. All round failure of evidence. 696. "
IPC_1860,450,"[s 450] House-trespass in order to commit offence punishable with imprisonment for life. Whoever commits house-trespass in order to the committing of any offence punishable with 697.[imprisonment for life], shall be punished with imprisonment of either description for a term not exceeding ten years, and shall also be liable to ﬁne. 698.COMMENT— Section 450 deals with house trespass in order to commit offence punishable with life imprisonment. In the case, where the offence punishable with life imprisonment has been ruled out, one would have to look into actual act of the accused person. The act of the appellant is that of assaulting the complainant with chopper. The injury caused by the appellant is a simple injury. In such case, it would not attract life imprisonment and hence, section 450 of the IPC, 1860 would not be attracted.699. [s 450.1] Murder and house trespass.— Where accused entered the house of deceased and killed him by giving sword blow, and his wife, who was the eye-witness to the incident lodged FIR within a period of three hours, it was held that accused was rightly convicted under sections 450 and 302 of IPC, 1860.700. [s 450.2] Rape and House trespass.— Where the"
IPC_1860,451,"[s 451] House-trespass in order to commit offence punishable with imprisonment. Whoever commits house-trespass in order to the committing of any offence punishable with imprisonment, shall be punished with imprisonment of either description for a term which may extend to two years, and shall also be liable to ﬁne; and if the offence intended to be committed is theft, the term of the imprisonment may be extended to seven years. COMMENT— This section is similar to sections 449 and 450. It provides punishment for house- trespass committed with intent to commit an offence punishable with imprisonment. Where the accused was convicted of house-breaking, his object being to have sexual intercourse with the complainant's wife, it was held that the conviction was valid.703. The accused was held to be guilty of the offence under section 450 (lurking house- trespass where he entered the house at mid-night getting easy access because of acquaintance with the family and forcibly raped the victim girl ﬁnding her alone in her room. He was punished for rape and lurking house-trespass for committing an offence.704. Accused persons committed house trespass in order to commit an offence punishable wi"
IPC_1860,452,"[s 452] House-trespass after preparation for hurt, assault or wrongful restraint. Whoever commits house-trespass, having made preparation for causing hurt to any person, or for assaulting any person, or for wrongfully restraining any person, or for putting any person in fear of hurt, or of assault, or of wrongful restraint, shall be punished with imprisonment of either description for a term which may extend to seven years, and shall also be liable to ﬁne. 712.  Pirmohammad, AIR 1960 MP 24 [LNIND 1959 MP 33] . Syam Lal v State of HP, 2002 Cr LJ 3178 (HP), murder, rioting and house trespass, conviction. Raghunandan Pd. v State of UP, 1998 Cr LJ 1571 (All), probably accused persons were in possession and complainants ﬁred at them causing gunshot injuries thus, the accused persons had the right of private defence of person and property and were given the beneﬁt of doubt. See also Jai Narain v State of Rajasthan, 1998 Cr LJ 2199 (Raj); Devkaran v State of Rajasthan, 1998 Cr LJ 3883 (Raj). Rala Singh v State, 1997 Cr LJ 1313 (P&H), in a charge of trespass and kidnapping against the accused persons, the victim gave her age to be 20 years. She was examined but not subjected to ossiﬁcation"
IPC_1860,453,"[s 453] Punishment for lurking house-trespass or house-breaking. Whoever commits lurking house-trespass or house-breaking, shall be punished with imprisonment of either description for a term which may extend to two years, and shall also be liable to ﬁne. 715.  Subhash Sahebrao Datkar v State of Maharashtra, 2011 Cr LJ 736 (Bom). COMMENT— This section provides penalty for the offences deﬁned in sections 443 and 444. In all ""house-breaking"" there must be ""house-trespass"", and in all ""house-trespass"" there must be ""criminal trespass"". Unless, therefore, the intent necessary to prove ""criminal trespass"" is present, the offence of house-breaking or house-trespass cannot be committed. Where accused simply unlatched the chain and entered house of complainant in the night and there was nothing to show that any device such as metal rod, crow bar or even a stick was used by accused. It was held that preparation for commission of offence not proved. It is also held that house trespass without preparation is covered under section 453 IPC, 1860, not under section 452 IPC, 1860.715. THE INDIAN PENAL CODE CHAPTER XVII OF OFFENCES AGAINST PROPERTY Of Theft Of Criminal Trespass"
IPC_1860,454,"[s 454] Lurking house-trespass or house-breaking in order to commit offence punishable with imprisonment. Whoever commits lurking house-trespass or house-breaking, in order to the committing of any offence punishable with imprisonment, shall be punished with imprisonment of either description for a term which may extend to three years, and shall also be liable to ﬁne; and if the offence intended to be committed is theft, the term of the imprisonment may be extended to ten years. State Amendment Tamil Nadu.—The following amendments were made by Tamil Nadu Act No. 28 of 1993, Section 4. Section 454 of the Principal Act, shall be renumbered as sub-section (1) of that section and after sub-section (1) as to renumbered, the following sub-section shall be added, namely:— ""(2) Whoever commits lurking house-trespass or house-breaking in any building used as a place of worship, in order to the committing of the offence of theft of any idol or icon from such building, shall notwithstanding anything contained in sub-section (1), be punished with rigorous imprisonment which shall not be less than three years but which may extend to ten years and with ﬁne which shall not be less than ﬁve thousa"
IPC_1860,455,"[s 455] Lurking house-trespass or house-breaking after preparation for hurt, assault or wrongful restraint. Whoever commits lurking house-trespass, or house-breaking, having made preparation for causing hurt to any person, or for assaulting any person, or for wrongfully restraining any person, or for putting any person in fear of hurt, or of assault, or of wrongful restraint, shall be punished with imprisonment of either description for a term which may extend to ten years, and shall also be liable to ﬁne. COMMENT— The relation between this section and section 435 is the same as that between sections 452 and 450. This section is similar to section 458. The only difference is that the trespass here is committed by day, whereas under section 458 it is committed during night. THE INDIAN PENAL CODE CHAPTER XVII OF OFFENCES AGAINST PROPERTY Of Theft Of Criminal Trespass"
IPC_1860,456,"[s 456] Punishment for lurking house-trespass or house-breaking by night. Whoever commits lurking house-trespass by night, or house-breaking by night, shall be punished with imprisonment of either description for a term which may extend to three years, and shall also be liable to ﬁne. 719.  Sankarsan, 1957 Cr LJ 286 . 720.  Jotharam Davay, (1878) 2 Mad 30. COMMENT— Lurking house-trespass or house-breaking is ordinarily punishable under section 453; but when it is committed at night, this section is applicable. The intent necessary to prove 'criminal trespass' must be present and the Court must come to a deﬁnite inference as to the intention with which the entry was effected.719. Where the accused persons, execution creditors, broke open the complainant's door before sunrise with intent to distrain his property, for which they were convicted on a charge of lurking house-trespass by night or house-breaking by night, it was held that as they were not guilty of the offence of criminal trespass the conviction must be quashed.720. THE INDIAN PENAL CODE CHAPTER XVII OF OFFENCES AGAINST PROPERTY Of Theft Of Criminal Trespass"
IPC_1860,457,"[s 457] Lurking house-trespass or house-breaking by night in order to commit off-ence punishable with imprisonment. Whoever commits lurking house-trespass by night, or house-breaking by night, in order to the committing of any offence punishable with imprisonment, shall be punished with imprisonment of either description for a term which may extend to ﬁve years, and shall also be liable to ﬁne; and, if the offence intended to be committed is theft, the term of the imprisonment may be extended to fourteen years. State Amendment Tamil Nadu.—The following amendments were made by Tamil Nadu Act No. 28 of 1993, Section 5. Section 457 of the principal Act, shall be renumbered as sub-section (1) of that section and after sub-section (1) as to renumbered, the following sub-section shall be added, namely:— ""(2) Whoever commits lurking house-trespass by night or house-breaking by night in any building used as a place of worship, in order to the committing of the offence of theft of any idol or icon from such building, shall, notwithstanding anything contained in sub-section (1), be punished with rigorous imprisonment which shall not be less than three years but which may extend to fourteen y"
IPC_1860,458,"[s 458] Lurking house-trespass or house-breaking by night after preparation for hurt, assault, or wrongful restraint. Whoever commits lurking house-trespass by night, or house-breaking by night, having made preparation for causing hurt to any person or for assaulting any person, or for wrongfully restraining any person, or for putting any person in fear of hurt, or of assault, or of wrongful restraint, shall be punished with imprisonment of either description for a term which may extend to fourteen years, and shall also be liable to ﬁne. COMMENT— This section is similar to sections 452 and 455. To prove the charge for the offence under section 458, IPC, 1860, the prosecution must prove:— (i) that the accused committed lurking house-trespass by night, or house-breaking by night; (ii) that he did as above after having made preparation for causing hurt, or for assaulting, or for wrongfully restraining some person, or for putting some one in fear of hurt, assault or wrongful restraint.723. It only applies to the house-breaker who actually has himself made preparation for causing hurt to any person, etc., and not to his companions as well who themselves have not made such preparation.72"
IPC_1860,459,"[s 459] Grievous hurt caused whilst committing lurking house-trespass or house-breaking. Whoever, whilst committing lurking house-trespass or house-breaking, causes grievous hurt to any person or attempts to cause death or grievous hurt to any person, shall be punished with 726.[imprisonment for life], or imprisonment of either description for a term which may extend to ten years, and shall also be liable to ﬁne. 726.  Subs. by Act 26 of 1955, section 117 and Sch, for ""transportation for life"" (w.e.f. 1 January 1956). 727.  Ismail Khan v State, (1886) 8 All 649 ; Hasmatullah Khan v State, 2005 Cr LJ 2266 (Utt)- Charge U.S 459 convicted under section 457 since the injuries are simple in nature. Gopal Singh v State of Rajasthan, 2008 Cr LJ 3272 (Raj)-conviction and sentence of the accused under sections 458, 459, 395/397 and 396, IPC, 1860 are maintained. 728.  Bhanwarlal v Parbati, 1968 Cr LJ 130 . See contra Said Ahmed, (1927) 49 All 864 . Dharampal Singh v State of Rajasthan, 1998 Cr LJ 3372 (Raj) murder in a chowk not owned and COMMENT— The offence under this section is an aggravated form of the offence described in section 453. This and the following section provide for a compou"
IPC_1860,460,"[s 460] All persons jointly concerned in lurking house-trespass or house- breaking by night punishable where death or grievous hurt caused by one of them. If, at the time of the committing of lurking house-trespass by night or house-breaking by night, any person guilty of such offence shall voluntarily cause or attempt to cause death or grievous hurt to any person, every person jointly concerned in committing such lurking house-trespass by night or house-breaking by night, shall be punished with 729.[imprisonment for life], or with imprisonment of either description for a term which may extend to ten years, and shall also be liable to ﬁne. COMMENT— Before holding a person to be guilty of offence under section 460, IPC, 1860, the prosecution must prove:— (i) that the accused committed lurking house trespass by night; or house breaking by night; (ii) that he caused, or attempted to cause, death or grievous hurt; (iii) that he did above whilst engaged in committing lurking house trespass by night or house breaking by night. On the aforesaid analysis of section, it is clear that this section applies to those persons who have actually committed lurking house trespass at night and not to"
IPC_1860,461,"[s 461] Dishonestly breaking open receptacle containing property. Whoever dishonestly or with intent to commit mischief, breaks open or unfastens any closed receptacle which contains or which he believes to contain property, shall be punished with imprisonment of either description for a term which may extend to two years, or with ﬁne, or with both. 737.  State of Maharashtra v Narayan Champalal Bajaj, 1990 Cr LJ 2635 : 1990 Tax LR 918 (Bom). COMMENT— This and the following section provide for the same offence. As soon as the receptacle is broken open or unfastened the offence is complete. Where an IT raid could not be completed on the same day and the raiding team put the seized jewellery in an almirah and after locking and sealing it, left it in the custody of the accused, the latter was held liable of this offence because he cut the almirah to take out some articles.737. THE INDIAN PENAL CODE CHAPTER XVII OF OFFENCES AGAINST PROPERTY Of Theft Of Criminal Trespass"
IPC_1860,462,"[s 462] Punishment for same offence when committed by person entrusted with custody. Whoever, being entrusted with any closed receptacle which contains or which he believes to contain property, without having authority to open the same, dishonestly, or with intent to commit mischief, breaks open or unfastens that receptacle, shall be punished with imprisonment of either description for a term which may extend to three years, or with ﬁne, or with both. 738.  Yamunabai w/o Trimbak Lolge v The State of Maharashtra, 1994 (2) Bom CR 73 [LNIND 1993 AUG 18] . COMMENT— An offence under section 462 of IPC, 1860 is an aggravated form of the offence made punishable under section 461 of IPC, 1860.738. THE INDIAN PENAL CODE CHAPTER XVIII OF OFFENCES RELATING TO DOCUMENTS AND TO PROPERTY MARKS"
IPC_1860,463,"[s 463] Forgery. 1. [Whoever makes any false documents or false electronic record or part of a document or electronic record, with intent to cause damage or injury], to the public or to any person, or to support any claim or title, or to cause any person to part with property, or to enter into any express or implied contract, or with intent to commit fraud or that fraud may be committed, commits forgery. 1.  Subs. by The Information Technology Act (Act 21 of 2000), section 91 and First Sch for the words ""Whoever makes any false documents or part of a document with intent to cause damage or injury w.e.f. 17 October 2000. The words ""electronic record"" have been deﬁned in section 29A. 2.  Sushil Suri v CBI, (2011) 5 SCC 708 [LNIND 2011 SC 494] : AIR 2011 SC 1713 [LNIND 2011 SC 494] ; State of UP v Ranjit Singh, AIR 1999 SC 1201 : (1999) 2 SCC 617 . 3.  Nahul Kohli v State, 2010 Cr LJ 4536 (Del). COMMENTS.— The deﬁnition of 'forgery' in section 463, Indian Penal Code, 1860 (IPC, 1860) is very wide. The basic elements of forgery are: (i) the making of a false document or part of it; and (ii) such making should be with such intention as is speciﬁed in the section, viz., (a) to cause dama"
IPC_1860,464,"[s 464] Making a false document. 4. [A person is said to make a false document or electronic record— First.—Who dishonestly or fraudulently— (a) makes, signs, seals or executes a document or part of a document; (b) makes or, transmits any electronic record or part of any electronic record; (c) aﬃxes any 5.[electronic signature] on any electronic record; (d) makes any mark denoting the execution of a document or the authenticity of the 6.[electronic signature], with the intention of causing it to be believed that such document or part of document, electronic record or 7.[electronic signature] was made, signed, sealed executed, transmitted or aﬃxed by or by the authority of a person by whom or by whose authority he knows that it was not made, signed, sealed, executed or aﬃxed; or Secondly.—Who, without lawful authority, dishonestly or fraudulently, by cancellation or otherwise, alters a document an electronic record in any material part thereof, after it has been made, executed or aﬃxed with 8.[electronic signature] either by himself or by any other person, whether such person be living or dead at the time of such alteration; or Thirdly.—Who dishonestly or fraudulently causes any per"
IPC_1860,465,"[s 465] Punishment for forgery. Whoever commits forgery shall be punished with imprisonment of either description for a term which may extend to two years, or with ﬁne, or with both. COMMENT.— The offence of forgery is deﬁned in sections 463 and 464 of the Code. Under section 463 the making of a false document with any of the intents therein mentioned is forgery, and section 464 sets forth when a person is said to make a 'false document' within the meaning of the Code. The deﬁnition of forgery in the Code is not as simple and clear as the deﬁnition of forgery in common law. Forgery in common law is deﬁned as the fraudulent making or alteration of a writing to the prejudice of another man's right. [s 465.1] Ingredients.— The elements of forgery are— 1. The making of a false document or part of it. 2. Such making should be with the intent (a) to cause damage or injury to (i) public, or (ii) any person; or (b) to support any claim or title; or (c) to cause any person to part with property; or (d) to cause any person to enter into express or implied contract; or (e) to commit fraud or that fraud may be committed. 1. 'Makes any false document'.— A school inspector prepared under his own"
IPC_1860,466,"[s 466] Forgery of record of Court or of public register, etc. 42. [Whoever forges a document or an electronic record], purporting to be a record or proceeding of or in a Court of Justice, or a register of birth, baptism, marriage or burial, or a register kept by a public servant as such, or a certiﬁcate or document purporting to be made by a public servant in his oﬃcial capacity, or an authority to institute or defend a suit, or to take any proceedings therein, or to confess judgment, or a power of attorney, shall be punished with imprisonment of either description for a term which may extend to seven years, and shall also be liable to ﬁne. 43.[Explanation.—For the purposes of this section, ""register"" includes any list, data or record of any entries maintained in the electronic form as deﬁned in clause (r) of sub- section (1) of section 2 of the Information Technology Act, 2000]. 42.  Subs. by The Information Technology Act (Act 21 of 2000), section 91 and First Sch for the words ""whoever forges a document', w.e.f. 17 October 2000. The words ""electronic record"" have been deﬁned in section 29A. 43.  Ins. by the Information Technology Act (21 of 2000), section 91 and First Sch, (w.e"
IPC_1860,467,"[s 467] Forgery of valuable security, will, etc. Whoever forges a document which purports to be a valuable security or a will, or an authority to adopt a son, or which purports to give authority to any person to make or transfer any valuable security, or to receive the principal, interest or dividends thereon, or to receive or deliver any money, movable property, or valuable security, or any document purporting to be an acquittance or receipt acknowledging the payment of money, or an acquittance or receipt for the delivery of any movable property or valuable security, shall be punished with 46.[imprisonment for life], or with imprisonment of either description for a term which may extend to ten years, and shall also be liable to ﬁne. COMMENT.— The offence under this section is an aggravated form of the offence described in the preceding section. The forged document must be one of those mentioned in the section. A complaint by the court is necessary for cognizance of the offence.47. Section 467, IPC, 1860, does not require the prosecution to prove that the accused who commits forgery, has beneﬁtted thereby or any loss has occasioned to anyone thereby.48. There is a fundamental diffe"
IPC_1860,468,"[s 468] Forgery for purpose of cheating. Whoever commits forgery, intending that the 60.[document or electronic record forged] shall be used for the purpose of cheating, shall be punished with imprisonment of either description for a term which may extend to seven years, and shall also be liable to ﬁne. COMMENT.— This section does not require that the accused should actually commit the offence of cheating. What is material is the intention or purpose of the offender in committing forgery.61. Where documents had been forged and fabricated only to be used as genuine to make fraudulent and illegal claim over land owned by complainant, the Supreme Court held that it cannot be held that respondents were not makers of documents or that ﬁling of civil suit based on same would not constitute an offence.62. The Supreme Court has expressed the opinion that the conduct of an Advocate's clerk in forging the signature of another advocate on a surety bond and forging some endorsements for identiﬁcation and attestation, would not constitute an offence under this section and that the conviction should have been under section 465.63. [s 468.1] Banking and other frauds.— Where the accused, being the"
IPC_1860,469,"[s 469] Forgery for purpose of harming reputation. Whoever commits forgery, 66.[intending that the document or electronic record forged] shall harm the reputation of any party, or knowing that it is likely to be used for that purpose, shall be punished with imprisonment of either description for a term which may extend to three years, and shall also be liable to ﬁne. 66.  Subs. by The Information Technology Act (Act 21 of 2000), section 91 and First Sch for the words ""intending that the document forged"", w.e.f. 17 October 2000. The words ""electronic record"" have been deﬁned in section 29A. THE INDIAN PENAL CODE CHAPTER XVIII OF OFFENCES RELATING TO DOCUMENTS AND TO PROPERTY MARKS"
IPC_1860,470,"[s 470] Forged **[document or electronic record]. A false 67.[document or electronic record] made wholly or in part by forgery is designated ""a forged 68.[document or electronic record]"". 67.  Subs. by The Information Technology Act (Act 21 of 2000), section 91 and First Sch for the words ""document"", w.e.f. 17 October 2000. The words ""electronic record"" have been deﬁned in section 29A. 68.  Subs. by Act 21 of 2000, section 91 and Sch I, for ""document"" (w.e.f. 17 October 2000). COMMENT.— A person who forges a document or electronic record for the purpose of harming the reputation of another and thereby commits an offence under section 500 (defamation) commits an offence also under this section. THE INDIAN PENAL CODE CHAPTER XVIII OF OFFENCES RELATING TO DOCUMENTS AND TO PROPERTY MARKS"
IPC_1860,471,"[s 471] Using as genuine a forged ***[document or electronic record]. Whoever fraudulently or dishonestly uses as genuine 1 any 69. [document or electronic record] which he knows or has reason to believe to be a forged 70. [document or electronic record], 2 shall be punished in the same manner as if he had forged such 71. [document or electronic record]. COMMENT.— What this section requires is the use as genuine of any document which is known or believed to be a forged document; it does not lay down that such use can only occur when the original itself is produced, for the section does not require the production of the original.72. [s 471.1] Ingredients.— There must be— 1. Fraudulent or dishonest use of a document as genuine. 2. The person using it must have knowledge or reason to believe that the document is a forged one. 1. 'Uses as genuine'.— Accused registered various documents relating to a project without verifying the credentials of the purchaser and seller and without examining that the land covered by the sale deeds was in existence or not or the land belongs to the State Government. Documents were prima facie found to be forged so as to get the beneﬁt of the package which"
IPC_1860,472,"[s 472] Making or possessing counterfeit seal, etc., with intent to commit forgery, punishable under section 467. Whoever makes or counterfeits any seal, plate or other instrument for making an impression, intending that the same shall be used for the purpose of committing any forgery which would be punishable under section 467 of this Code, or, with such intent, has in his possession any such seal, plate or other instrument, knowing the same to be counterfeit, shall be punished with 93.[imprisonment for life], or with imprisonment of either description for a term which may extend to seven years, and shall also be liable to ﬁne. 93.  Subs. by Act 26 of 1955, section 117 and Sch, for ""transportation for life"" (w.e.f. 1 January 1956). COMMENT.— This section and the section following are akin to sections 235, 255 and 256. THE INDIAN PENAL CODE CHAPTER XVIII OF OFFENCES RELATING TO DOCUMENTS AND TO PROPERTY MARKS"
IPC_1860,473,"[s 473] Making or possessing counterfeit seal, etc., with intent to commit forgery punishable otherwise. Whoever makes or counterfeits any seal, plate or other instrument for making an impression, intending that the same shall be used for the purpose of committing any forgery which would be punishable under any section of this Chapter other than section 467, or, with such intent, has in his possession any such seal, plate or other instrument, knowing the same to be counterfeit, shall be punished with imprisonment of either description for a term which may extend to seven years, and shall also be liable to ﬁne. THE INDIAN PENAL CODE CHAPTER XVIII OF OFFENCES RELATING TO DOCUMENTS AND TO PROPERTY MARKS"
IPC_1860,474,"[s 474] Having possession of document described in sections 466 or 467 knowing it to be forged and intending to use it as genuine. 94.[Whoever has in his possession any document or electronic record, knowing the same to be forged and intending that the same shall fraudulently or dishonestly be used as genuine, shall, if the document or electronic record is one of the description mentioned in section 466 of this Code], be punished with imprisonment of either description for a term which may extend to seven years, and shall also be liable to ﬁne; and if the document is one of the description mentioned in section 467, shall be punished with 95.[imprisonment for life], or with imprisonment of either description, for a term which may extend to seven years, and shall also be liable to ﬁne. 94.  Subs. by The Information Technology Act (Act 21 of 2000), section 91 and First Sch for the words ""whoever has in his possession …., section 466 of this code"", w.e.f. 17 October 2000. The words ""electronic record"" have been deﬁned in section 29A. 95.  Subs. by Act 26 of 1955, section 117 and Sch, for ""transportation for life"" (w.e.f. 1 January 1956). 96.  Dharam Pal, 1985 Cr LJ 474 (Del). COMMENT.—"
IPC_1860,475,"[s 475] Counterfeiting device or mark used for authenticating documents described in section 467, or possessing counterfeit marked material. Whoever counterfeits upon, or in the substance of, any material, any device or mark used for the purpose of authenticating any document described in section 467 of this Code, intending that such device or mark shall be used for the purpose of giving the appearance of authenticity to any document then forged or thereafter to be forged on such material, or who, with such intent, has in his possession any material upon or in the substance of which any such device or mark has been counterfeited, shall be punished 97.[with imprisonment for life], or with imprisonment of either description for a term which may extend to seven years, and shall also be liable to ﬁne. 97.  Subs. by Act 26 of 1955, section 117 and Sch, for ""transportation for life"" (w.e.f. 1 January 1956). COMMENT.— The commencement of the forgery of banknotes and other similar securities, where it has proceeded to the length which is described in this section, is treated as a substantive offence and punished. This section supplements the provisions of section 472. THE INDIAN PENAL CODE"
IPC_1860,476,"[s 476] Counterfeiting device or mark used for authenticating documents other than those described in section 467, or possessing counterfeit marked material. Whoever counterfeits upon, or in the substance of, any material, any device or mark used for the purpose of authenticating 98.[any document or electronic record] other than the documents described in section 467 of this Code, intending that such device or mark shall be used for the purpose of giving the appearance of authenticity to any document then forged or thereafter to be forged on such material, or who, with such intent, has in his possession any material upon or in the substance of which any such device or mark has been counterfeited, shall be punished with imprisonment of either description for a term which may extend to seven years, and shall also be liable to ﬁne. 98.  Subs. by The Information Technology Act (Act 21 of 2000), section 91 and First Sch for the words ""any document"", w.e.f. 17 October 2000. The words ""electronic record"" have been deﬁned in section 29A. COMMENT.— This section is similar to the preceding section, but as the document, the counterfeit of which is made punishable, is not of so much importance"
IPC_1860,477,"[s 477] Fraudulent cancellation, destruction, etc., of will, authority to adopt or valuable security. Whoever fraudulently or dishonestly, or with intent to cause damage or injury to the public or to any person, cancels, destroys or defaces, or attempts to cancel, destroy or deface, or secretes or attempts to secrete any document which is or purports to be a will, or an authority to adopt a son, or any valuable security, or commits mischief in respect of such documents, shall be punished with 99.[imprisonment for life], or with imprisonment of either description for a term which may extend to seven years, and shall also be liable to ﬁne. 99.  Subs. by Act 26 of 1955, section 117 and Sch, for ""transportation for life"" (w.e.f. 1 January 1956). 100.  Akbar Hossain, (1938) 43 Cal WN 222. COMMENT.— This section applies when the document tampered with or destroyed is either a will or an authority to adopt or a valuable security. Owing to the great importance of documents of this kind the punishment provided is severe. 1. 'Document'.—The document must be a genuine one. The offence under this section cannot be committed in respect of a document which is a forgery.100. THE INDIAN PENAL CODE"
IPC_1860,478,"[s 478] [Omitted] [Rep. by the Trade and Merchandise Marks Act, 1958 (43 of 1958, section 135 and Sch. (w.e.f. 25-11-1959).] 108.  Amendment.—The word ""trade"" has been omitted by the Trade and Merchandise Marks Act, 1958 (Act XLIII of 1958), section 135 and Sch. The Act came into force on 25 November 1959. THE INDIAN PENAL CODE CHAPTER XVIII OF OFFENCES RELATING TO DOCUMENTS AND TO PROPERTY MARKS Of 108. [***] Property and Other Marks"
IPC_1860,479,"[s 479] Property mark. A mark used for denoting that movable property belongs to a particular person is called a property mark. 108.  Amendment.—The word ""trade"" has been omitted by the Trade and Merchandise Marks Act, 1958 (Act XLIII of 1958), section 135 and Sch. The Act came into force on 25 November 1959. COMMENT.— The distinction between 'trade mark' and 'property mark' is not recognised in English law. THE INDIAN PENAL CODE CHAPTER XVIII OF OFFENCES RELATING TO DOCUMENTS AND TO PROPERTY MARKS Of 108. [***] Property and Other Marks"
IPC_1860,480,"[s 480] [Omitted] [Rep. by the Trade and Merchandise Marks Act, 1958 (43 of 1958), section 135 and Sch. (w.e.f 25-11-1959).] 108.  Amendment.—The word ""trade"" has been omitted by the Trade and Merchandise Marks Act, 1958 (Act XLIII of 1958), section 135 and Sch. The Act came into force on 25 November 1959. THE INDIAN PENAL CODE CHAPTER XVIII OF OFFENCES RELATING TO DOCUMENTS AND TO PROPERTY MARKS Of 108. [***] Property and Other Marks"
IPC_1860,481,"[s 481] Using a false property mark. Whoever marks any movable property or goods or any case, package or other receptacle containing movable property or goods, or uses any case, package or other receptacle having any mark thereon, in a manner reasonably calculated to cause it to be believed that the property or goods so marked, or any property or goods contained in any such receptacle so marked, belong to a person to whom they do not belong, is said to use a false property mark. COMMENT.— False property mark.—This section deﬁnes the offence of using a false property mark. A property mark is intended to denote ownership over all movable property belonging to a person whether it is all of one kind or of different kinds. So long as the person owns movable property, his property mark impressed upon them remains his, though any particular article out of it may after such impression pass out of his hands and cease to be his.109. The function of a property mark to denote certain ownership is not destroyed because any particular property on which it was impressed has ceased to be of that ownership. [s 481.1] Ingredients.— This section requires two essentials:— 1. Marking any movable proper"
IPC_1860,482,"[s 482] Punishment for using a false property mark. Whoever uses 111.[***] any false property mark shall, unless he proves that he acted without intent to defraud, be punished with imprisonment of either description for a term which may extend to one year, or with ﬁne, or with both. 108.  Amendment.—The word ""trade"" has been omitted by the Trade and Merchandise Marks Act, 1958 (Act XLIII of 1958), section 135 and Sch. The Act came into force on 25 November 1959. 111.  The words ""any false trade mark or"" omitted by Act 43 of 1958, section 135 and Sch (w.e.f. 25 November 1959). 112.  Sumat Prasad Jain v Sheojanam Prasad, AIR 1972 SC 2488 [LNIND 1972 SC 399] : (1973) 1 SCC 56 [LNIND 1972 SC 399] . COMMENT.— To succeed on the charges under sections 482 and 486 the complainant had to establish that the appellant marked the scent manufactured and sold by him, or the packets and receptacles containing such scent or used packets or receptacles bearing that mark, and that he did so in a manner reasonably calculated to cause it to be believed that the goods so marked or the scent contained in the packets and receptacles so marked belong to the complainant.112. THE INDIAN PENAL CODE CHAPTER X"
IPC_1860,483,"[s 483] Counterfeiting a property mark used by another. Whoever counterfeits any 113.[***] property mark used by any other person shall be punished with imprisonment of either description for a term which may extend to two years, or with ﬁne, or with both. 108.  Amendment.—The word ""trade"" has been omitted by the Trade and Merchandise Marks Act, 1958 (Act XLIII of 1958), section 135 and Sch. The Act came into force on 25 November 1959. 113.  The words ""trade mark or"" omitted by Act 43 of 1958, section 135 and Sch (w.e.f. 25 November 1959). THE INDIAN PENAL CODE CHAPTER XVIII OF OFFENCES RELATING TO DOCUMENTS AND TO PROPERTY MARKS Of 108. [***] Property and Other Marks"
IPC_1860,484,"[s 484] Counterfeiting a mark used by a public servant. Whoever counterfeits any property mark used by a public servant, or any mark used by a public servant to denote that any property has been manufactured by a particular person or at a particular time or place, or that the property is of a particular quality or has passed through a particular oﬃce, or that it is entitled to any exemption, or uses as genuine any such mark knowing the same to be counterfeit, shall be punished with imprisonment of either description for a term which may extend to three years, and shall also be liable to ﬁne. 108.  Amendment.—The word ""trade"" has been omitted by the Trade and Merchandise Marks Act, 1958 (Act XLIII of 1958), section 135 and Sch. The Act came into force on 25 November 1959. COMMENT.— The offence under this section is an aggravated form of the offence described in the preceding one. Enhanced punishment is inﬂicted where the mark used by a public servant is counterfeited. THE INDIAN PENAL CODE CHAPTER XVIII OF OFFENCES RELATING TO DOCUMENTS AND TO PROPERTY MARKS Of 108. [***] Property and Other Marks"
IPC_1860,485,"[s 485] Making or possession of any instrument for counterfeiting a property mark. Whoever makes or has in his possession any die, plate or other instrument for the purpose of counterfeiting a property mark, or has in his possession a property mark for the purpose of denoting that any goods belong to a person to whom they do not belong, shall be punished with imprisonment of either description for a term which may extend to three years or with ﬁne, or with both. 108.  Amendment.—The word ""trade"" has been omitted by the Trade and Merchandise Marks Act, 1958 (Act XLIII of 1958), section 135 and Sch. The Act came into force on 25 November 1959. COMMENT.— The making or possession of instruments for counterfeiting a property mark is hereby punished. THE INDIAN PENAL CODE CHAPTER XVIII OF OFFENCES RELATING TO DOCUMENTS AND TO PROPERTY MARKS Of 108. [***] Property and Other Marks"
IPC_1860,486,"[s 486] Selling goods marked with a counterfeit property mark. 114.[Whoever sells, or exposes, or has in possession for sale, any goods or things with a counterfeit property mark] aﬃxed to or impressed upon the same or to or upon any case, package or other receptacle in which such goods are contained, shall, unless he proves— (a) that, having taken all reasonable precautions against committing an offence against this section, he had at the time of the commission of the alleged offence no reason to suspect the genuineness of the mark, and (b) that, on demand made by or on behalf of the prosecutor, he gave all the information in his power with respect to the persons from whom he obtained such goods or things, or (c) that otherwise he had acted innocently, be punished with imprisonment of either description for a term which may extend to one year, or with ﬁne, or with both. 108.  Amendment.—The word ""trade"" has been omitted by the Trade and Merchandise Marks Act, 1958 (Act XLIII of 1958), section 135 and Sch. The Act came into force on 25 November 1959. 114.  Subs. by Act 43 of 1958, section 135 and Sch, for certain words (w.e.f. 25 November 1959). COMMENT.— This section punishes thos"
IPC_1860,487,"[s 487] Making a false mark upon any receptacle containing goods. Whoever makes any false mark upon any case, package or other receptacle containing goods, in a manner reasonably calculated to cause any public servant or any other person to believe that such receptacle contains goods which it does not contain or that it does not contain goods which it does contain, or that the goods contained in such receptacle are of a nature or quality different from the real nature or quality thereof, shall, unless he proves that he acted without intent to defraud, be punished with imprisonment of either description for a term which may extend to three years, or with ﬁne, or with both. 108.  Amendment.—The word ""trade"" has been omitted by the Trade and Merchandise Marks Act, 1958 (Act XLIII of 1958), section 135 and Sch. The Act came into force on 25 November 1959. COMMENT.— This section is more comprehensive than sections 482 and 486. The fraudulent making of false marks of any description on goods for the purpose of deceiving public servants, such as customs oﬃcers, is punishable under this section. THE INDIAN PENAL CODE CHAPTER XVIII OF OFFENCES RELATING TO DOCUMENTS AND TO PROPERTY MARKS Of "
IPC_1860,488,"[s 488] Punishment for making use of any such false mark. Whoever makes use of any such false mark in any manner prohibited by the last foregoing section shall, unless he proves that he acted without intent to defraud be punished as if he had committed an offence against that section. 108.  Amendment.—The word ""trade"" has been omitted by the Trade and Merchandise Marks Act, 1958 (Act XLIII of 1958), section 135 and Sch. The Act came into force on 25 November 1959. COMMENT.— This section punishes the making use of a false mark. The preceding section punishes the making of such a mark. THE INDIAN PENAL CODE CHAPTER XVIII OF OFFENCES RELATING TO DOCUMENTS AND TO PROPERTY MARKS Of 108. [***] Property and Other Marks"
IPC_1860,489,"[s 489] Tampering with property mark with intent to cause injury. Whoever removes, destroys, defaces or adds to any property mark, intending or knowing it to be likely that he may thereby cause injury to any person, shall be punished with imprisonment of either description for a term which may extend to one year, or with ﬁne, or with both. 108.  Amendment.—The word ""trade"" has been omitted by the Trade and Merchandise Marks Act, 1958 (Act XLIII of 1958), section 135 and Sch. The Act came into force on 25 November 1959. COMMENT.— This section punishes the tampering with a property mark, criminal intention or knowledge on the part of the accused is necessary. THE INDIAN PENAL CODE CHAPTER XVIII OF OFFENCES RELATING TO DOCUMENTS AND TO PROPERTY MARKS Of Currency-Notes and Bank-Notes [s 489A] Counterfeiting currency-notes or bank-notes. [Whoever counterfeits, or knowingly performs any part of the process of counterfeiting, any currency-note or bank-note, shall be punished with 116. [imprisonment for life], or with imprisonment of either description for a term which may extend to ten years, and shall also be liable to ﬁne. Explanation.—For the purposes of this section and of sections 11"
IPC_1860,490,"[s 490] [Repealed] 2.[* * *]. 1.  The Works of Lord Macaulay - Note P. 2.  Omitted by Act 3 of 1925. THE INDIAN PENAL CODE CHAPTER XIX OF THE CRIMINAL BREACH OF CONTRACTS OF SERVICE The authors of the Code observe: We agree with the great body of Jurists in thinking that in general a mere breach of contract ought not to be an offence but only to be the subject of a civil action. To this general rule there are, however, some exceptions. Some breaches of contract are very likely to cause evil such as no damages or only very high damages can repair, and are also very likely to be committed by persons from whom it is exceedingly improbable that any damages can be obtained. Such breaches of contract are, we conceive, proper subjects for penal Legislation.1."
IPC_1860,491,"[s 491] Breach of contract to attend on and supply wants of helpless person. Whoever, being bound by a lawful contract to attend on or to supply the wants of any person who, by reason of youth, or of unsoundness of mind, or of a disease or bodily weakness, is helpless or incapable of providing for his own safety or of supplying his own wants, voluntarily omits so to do, shall be punished with imprisonment of either description for a term which may extend to three months, or with ﬁne which may extend to two hundred rupees, or with both. COMMENT.— Object.—The authors of the Code say: We also think that persons who contract to take care of infants of the sick and of the helpless, lay themselves under an obligation of a very peculiar kind, and may with propriety be punished if they omit to discharge their duty. The misery and distress which their neglect may cause is such as the largest pecuniary payment would not repair; they generally come from the lower ranks of life, and would be unable to pay anything. We, therefore, propose to add to this class of contracts the sanction of the penal law.3. [s 491.1] Ingredients.—This section requires:— 1. Binding of a person by a lawful contract."
IPC_1860,492,[s 492] [Repealed] 5.[* * *]. 1.  The Works of Lord Macaulay - Note P. 5.  Omitted by Act 3 of 1925. THE INDIAN PENAL CODE CHAPTER XX OF OFFENCES RELATING TO MARRIAGE
IPC_1860,493,"[s 493] Cohabitation caused by a man deceitfully inducing a belief of lawful marriage. Every man who by deceit causes any woman who is not lawfully married to him to believe that she is lawfully married to him and to cohabit or have sexual intercourse with him in that belief, shall be punished with imprisonment of either description for a term which may extend to ten years, and shall also be liable to ﬁne. COMMENT.— Upon perusal of section 493 of the IPC, 1860 to establish that a person has committed an offence under the said section, it must be established that a person had deceitfully induced a belief to a woman, who is not lawfully married to him, that she is a lawfully married wife of that person and thereupon she should cohabit or should have had sexual intercourse with that person. Looking at the afore-stated section, it is clear that the accused must induce a woman, who is not lawfully married to him, to believe that he is married to her and as a result of the afore-stated representation, the woman should believe that she was lawfully married to him and there should be cohabitation or sexual intercourse as a result of the deception. The essence of an offence under section 49"
IPC_1860,494,"[s 494] Marrying again during lifetime of husband or wife. Whoever, having a husband or wife living, marries 1 in any case in which such marriage is void by reason of its taking place during the life of such husband or wife, 2 shall be punished with imprisonment of either description for a term which may extend to seven years, and shall also be liable to ﬁne. Exception3.—This section does not extend to any person whose marriage with such husband or wife has been declared void by a Court of competent jurisdiction, nor to any person who contracts a marriage during the life of a former husband or wife, if such husband or wife, at the time of the subsequent marriage, shall have been continually absent from such person for the space of seven years, and shall not have been heard of by such person as being alive within that time provided the person contracting such subsequent marriage shall, before such marriage takes place, inform the person with whom such marriage is contracted of the real state of facts so far as the same are within his or her knowledge. State Amendment Andhra Pradesh.—In A.P. the offence is cognizable, non-bailable, triable by the Magistrate of the ﬁrst class and non-"
IPC_1860,495,"[s 495] Same offence with concealment of former marriage from person with whom subsequent marriage is contracted. Whoever commits the offence deﬁned in the last preceding section having concealed from the person with whom the subsequent marriage is contracted, the fact of the former marriage, shall be punished with imprisonment of either description for a term which may extend to ten years, and shall also be liable to ﬁne. State Amendment Andhra Pradesh.— The offence is cognizable, non-bailable, triable by the Magistrate of the ﬁrst class and non-compoundable vide A.P. Act No. 3 of 1992, Section 2 (w.e.f. 15-2- 1992), in A.P. 39.  Babu Ram Saini v State Of Uttaranchal, 2013 Cr LJ 1896 (Utt). COMMENT.— The offence mentioned in section 495 IPC, 1860 is extension of section 494 IPC, 1860 and also is an aggravated form of bigamy provided in section 494 IPC, 1860. The complainant (second wife) has adduced enough evidence to prove that the accused had concealed the fact of the former marriage by assuring her that he had taken divorce from his ﬁrst wife and subsequently married her by performing the essential Hindu rites and ceremonies in accordance with section 7 of the Hindu Marriage Ac"
IPC_1860,496,"[s 496] Marriage ceremony fraudulently gone through without lawful marriage. Whoever, dishonestly or with a fraudulent intention, goes through the ceremony of being married, knowing that he is not thereby lawfully married, shall be punished with imprisonment of either description for a term which may extend to seven years, and shall also be liable to ﬁne. State Amendment Andhra Pradesh.— The offence is cognizable, non-bailable, triable by the Magistrate of the ﬁrst class and non-compoundable vide A.P. Act No. 3 of 1992, Section 2 (w.e.f. 15-2- 1992), in A.P. COMMENT.— This section punishes fraudulent or mock marriages. It applies to cases in which a ceremony is gone through which would in no case constitute a marriage, and in which one of the parties is deceived by the other into the belief that it does constitute a marriage, or in which effect is sought to be given by the proceeding to some collateral fraudulent purpose. Where the ceremony gone through does, but for the previous marriage, constitutes a valid marriage, and both parties are aware of the circumstances of the previous marriage, s. 494 applies.42. [s 496.1] Ingredients.— The section requires two essentials:— 1. Dishone"
IPC_1860,497,"[s 497] Adultery. Whoever has sexual intercourse with a person who is and whom he knows or has reason to believe to be the wife of another man, without the consent or connivance of that man, such sexual intercourse not amounting to the offence of rape, is guilty of the offence of adultery, and shall be punished with imprisonment of either description for a term which may extend to ﬁve years, or with ﬁne, or with both. In such case the wife shall not be punishable as an abettor. State Amendment Andhra Pradesh.— Punishment–Imprisonment for 5 years, or ﬁne, or both–Non- cognizable, bailable triable by 1st class Magistrate and non-compoundable vide A.P. Act 3 of 1992, w.e.f. 15-2-1992. 45.  Joseph Shine v UOI, AIR 2018 SC 4898 . COMMENT.— In Joseph Shine v UOI,45. a Constitution bench of the Supreme Court decriminalised adultery and held section 497 of the IPC, 1860 unconstitutional as violative of Articles 14 and 21 of the Constitution. Under section 397 a man who had sex with a married woman without getting her husband's permission could be charged and face punishment with imprisonment for a term up to ﬁve years, or with ﬁne, or with both, if convicted. Before, it was struck down, th"
IPC_1860,498,"[s 498] Enticing or taking away or detaining with criminal intent a married woman. Whoever takes or entices away any woman who is and whom he knows or has reason to believe to be the wife of any other man, from that man, or from any person having the care of her on behalf of that man, with intent that she may have illicit intercourse with any person, or conceals or detains with that intent any such woman, 1 shall be punished with imprisonment of either description for a term which may extend to two years, or with ﬁne, or with both. COMMENT.— Under section 498, IPC, 1860 enticing or taking away a married woman with criminal intent is an offence. Entering or taking away somebody's wife for the purpose other than mentioned in section 498, IPC, 1860 does not constitute an offence. Therefore, in order to bring home guilt of a person under section 498, IPC, 1860, the prosecution has to prove that a married woman was enticed or taken away with an intention that she might have illicit intercourse with any person.47. Sections 361 and 366 may be compared with this section, which may come into operation when the two former sections fail to apply, but only in respect of a married woman. This a"
IPC_1860,499,"[s 499] Defamation. Whoever, by words either spoken or intended to be read, or by signs or by visible representations, makes or publishes any imputation concerning any person intending to harm, or knowing or having reason to believe that such imputation will harm, the reputation of such person, is said, except in the cases hereinafter expected, to defame that person. Explanation 1.—It may amount to defamation to impute anything to a deceased person, if the imputation would harm the reputation of that person if living, and is intended to be hurtful to the feelings of his family or other near relatives. Explanation 2.—It may amount to defamation to make an imputation concerning a company or an association or collection of persons as such. Explanation 3.—An imputation in the form of an alternative or expressed ironically, may amount to defamation. Explanation 4.—No imputation is said to harm a person's reputation, unless that imputation directly or indirectly, in the estimation of others, lowers the moral or intellectual character of that person, or lowers the character of that person in respect of his caste or of his calling, or lowers the credit of that person, or causes it to be be"
IPC_1860,500,"[s 500] Punishment for defamation. Whoever defames another shall be punished with simple imprisonment for a term which may extend to two years, or with ﬁne, or with both. COMMENT.— The essence of the offence of defamation consists in its tendency to cause that description of pain which is felt by a person who knows himself to be the object of the unfavourable sentiments of his fellow-creatures, and those inconveniences to which a person who is the object of such unfavourable sentiments is exposed.6. [s 500.1] Ingredients.— The section requires three essentials:— 1. Making or publishing any imputation concerning any person. 2. Such imputation must have been made by (a) words, either spoken or intended to be read; or (b) signs; or (c) visible representations. 3. Such imputation must have been made with the intention of harming or with knowledge or reason to believe that it will harm the reputation of the person concerning whom it is made.7. It is clear that intention to cause harm is the most essential sine qua non for an offence under section 499, IPC, 1860. An offence punishable under section 500, IPC, 1860 requires blameworthy mind and is not a statutory offence requiring any mens"
IPC_1860,501,"[s 501] Printing or engraving matter known to be defamatory. Whoever prints 1 or engraves any matter, knowing or having good reason to believe that such matter is defamatory of any person, shall be punished with simple imprisonment for a term which may extend to two years, or with ﬁne, or with both. 182.  Mohammed Abdulla Khan v Prakash K, AIR 2017 SC 5608 . 183.  Ramesh Chander, AIR 1966 Punj 93 . 184.  B R K Murthy v State Of AP, 2013 Cr LJ 1602 (AP). See also Editor, Deccan Herald v M S Ramaraju, 2005 Cr LJ 2672 (Kar). COMMENT.— The offence under this section is a distinct offence from the one under section 500. The person printing or engraving defamatory matter abets the offence. This section makes such abetment a distinct offence. Where the content of any news item carried in a newspaper is defamatory as deﬁned under section 499 IPC, 1860, the mere printing of such material ' knowing or having good reason to believe that such matter is defamatory' itself constitutes a distinct offence under section 501 IPC, 1860.182. [s 501.1] Ingredients.— This section requires two things:— 1. Printing or engraving any matter. 2. Knowledge or reason to believe that such matter is defamatory. "
IPC_1860,502,"[s 502] Sale of printed or engraved substance containing defamatory matter. Whoever sells or offers for sale any printed or engraved substance containing defamatory matter, knowing that it contains such matter, shall be punished with simple imprisonment for a term which may extend to two years, or with ﬁne, or with both. COMMENT.— This section supplements the provisions of the previous section by making the seller of defamatory matter punishable under it. [s 502.1] Ingredients.— This section requires two essentials:— 1. Selling or offering for sale any printed or engraved substance. 2. Knowledge that such substance contains defamatory matter. THE INDIAN PENAL CODE CHAPTER XXII OF CRIMINAL INTIMIDATION, INSULT AND ANNOYANCE"
IPC_1860,503,"[s 503] Criminal intimidation. Whoever threatens another with any injury1. to his person, reputation or property, or to the person or reputation of any one in whom that person is interested, with intent to cause alarm to that person, or to cause that person to do any act which he is not legally bound to do, or to omit to do any act which that person is legally entitled to do, as the means of avoiding the execution of such threat, commits criminal intimidation. Explanation.—A threat to injure the reputation of any deceased person in whom the person threatened is interested, is within this section. ILLUSTRATION A, for the purpose of inducing B to desist from prosecuting a civil suit, threatens to burn B's house. A is guilty of criminal intimidation. COMMENT.— The offence of criminal intimidation requires either a person or another in whom he is specially interested to be threatened. There must be an intent to cause alarm to the former by a threat to him of injury to himself or to the latter. The intent itself might be complete, though it could not be effected. But the existence of the interest seems essential to the offence, as also and equally to the attempt to commit the offence, s"
IPC_1860,504,"[s 504] Intentional insult with intent to provoke breach of the peace. Whoever intentionally insults, and thereby gives provocation to any person, intending or knowing it to be likely that such provocation will cause him to break the public peace, or to commit any other offence, shall be punished with imprisonment of either description for a term which may extend to two years, or with ﬁne, or with both. COMMENT.— This section provides a remedy for using abusive and insulting language. Abusive language which may lead to a breach of the public peace is not an offence. There must be an intentional insult. Insult may be offered by words or conduct. If it is by words, the words must amount to something more than mere vulgar abuse.10. Mere breach of good manners does not constitute an offence under this section.11. If the insult is of such a nature that it may give provocation which might rouse a man to act either to break the public peace or to commit any other offence, the offence is committed.12. In judging whether a particular abusive language comes within the mischief of section 504, Indian Penal Code, 1860 (IPC, 1860), the Court has to see what would be the effect of the language u"
IPC_1860,505,"[s 505] Statements conducing to public mischief. 19.(1) Whoever makes, publishes or circulates any statement, rumour or report,— (a) with intent to cause, or which is likely to cause, any oﬃcer, soldier, 20. [sailor or airman] in the Army, 21.[Navy or Air Force] 22.of India to mutiny or otherwise disregard or fail in his duty as such; or (b) with intent to cause, or which is likely to cause, fear or alarm to the public, or to any section of the public whereby any person may be induced to commit an offence against the State or against the public tranquillity; or (c) with intent to incite, or which is likely to incite, any class or community of persons to commit any offence against any other class or community, shall be punished with imprisonment which may extend to [three years], or with ﬁne, or with both. 23.(2) Statements creating or promoting enmity, hatred or ill-will between classess. Whoever makes, publishes or circulates any statement or report containing rumour or alarming news with intent to create or promote, or which is likely to create or promote, on grounds of religion, race, place of birth, residence, language, caste or community or any other ground whatsoever, feeling"
IPC_1860,506,"[s 506] Punishment for criminal intimidation. Whoever commits, the offence of criminal intimidation shall be punished with imprisonment of either description for a term which may extend to two years, or with ﬁne, or with both; If threat be to cause death or grievous hurt, etc. and if the threat be to cause death or grievous hurt, or to cause the destruction of any property by ﬁre, or to cause an offence punishable with death or 31. [imprisonment for life], or with imprisonment for a term which may extend to seven years, or to impute, unchastity to a woman, shall be punished with imprisonment of either description for a term which may extend to seven years, or with ﬁne, or with both. STATE AMENDMENTS Uttar Pradesh.—The following amendments were made by Notiﬁcation No. 777/VIII 9- 4(2)-87, dated 31-7-1989, published in U.P. Gazette, Extra, Part-4, Section (Kha) dated 2-8- 1989. ""Any offence punishable under section 506, (IPC, 1860), when committed in any district of Uttar Pradesh, shall be notwithstanding anything contained in the Code of Criminal Procedure, 1973 (Cr PC, 1973) be cognizable and non-bailable."" Andhra Pradesh.—In Andhra Pradesh the offence is non-bailable if committed "
IPC_1860,507,"[s 507] Criminal intimidation by an anonymous communication. Whoever commits the offence of criminal intimidation by an anonymous communication, or having taken precaution to conceal the name or abode of the person from whom the threat comes, shall be punished with imprisonment of either description for a term which may extend to two years, in addition to the punishment provided for the offence by the last preceding section. STATE AMENDMENT Andhra Pradesh.—In Andhra Pradesh the offence is cognizable vide G.O. Ms. No. 732, dated 5-12-1991. 43.  Doraiswamy Ayyar, (1924) 48 Mad 774. COMMENT.— For a conviction under this section it must be shown that the accused committed criminal intimidation by an anonymous communication.43. THE INDIAN PENAL CODE CHAPTER XXII OF CRIMINAL INTIMIDATION, INSULT AND ANNOYANCE"
IPC_1860,508,"[s 508] Act caused by inducing person to believe that he will be rendered an object of Divine displeasure. Whoever voluntarily causes or attempts to cause any person to do anything which that person is not legally bound to do, or to omit to do anything which he is legally entitled to do, by inducing or attempting to induce that person to believe that he or any person in whom he is interested will become or will be rendered by some act of the offender an object of Divine displeasure if he does not do the thing which it is the object of the offender to cause him to do, or if he does the thing which it is the object of the offender to cause him to omit, shall be punished with imprisonment of either description for a term which may extend to one year, or with ﬁne, or with both. ILLUSTRATIONS (a) A sits dharna at Z's door with the intention of causing it to be believed that, by so sitting, he renders Z an object of Divine displeasure. A has committed the offence deﬁned in this section. (b) A threatens Z that, unless Z performs a certain act, A will kill one of A's own children, under such circumstances that the killing would be believed to render Z an object of Divine displeasure. A has"
IPC_1860,509,"[s 509] Word, gesture or act intended to insult the modesty of a woman. Whoever, intending to insult the modesty of any woman, utters any word, makes any sound or gesture, or exhibits any object, intending that such word or sound shall be heard, or that such gesture or object shall be seen, by such woman, or intrudes upon the privacy of such woman, 44.[shall be punished with simple imprisonment for a term which may extend to three years, and also with ﬁne]. COMMENT.— If a man intending to outrage the modesty of a woman exposes his person indecently to her or uses obscene words intending that she should hear them or exhibits to her obscene drawing, he commits this offence. [s 509.1] Ingredients.— This section requires:— 1. Intention to insult the modesty of a woman. 2. The insult must be caused (i) by uttering any word or making any sound or gesture, or exhibiting any object intending that such word or sound shall be heard or that the gesture or object shall be seen by such woman, or (ii) by intruding upon the privacy of such woman. The burden is on the prosecution to prove that the accused had uttered the words or made the sound or gesture and that such word, sound or gesture was i"
IPC_1860,510,"[s 510] Misconduct in public by a drunken person. Whoever, in a state of intoxication, appears in any public place, or in any place which it is a trespass in him to enter, and there conducts himself in such a manner as to cause annoyance to any person, shall be punished with simple imprisonment for a term which may extend to twenty-four hours, or with ﬁne which may extend to ten rupees, or with both. COMMENT.— Ingredients.—This section requires two things:— 1. Appearance of a person in a state of intoxication in (i) any public place, or (ii) any place which it is a trespass in him to enter. 2. The person so appearing must have conducted himself in such a manner as to cause annoyance to any person. THE INDIAN PENAL CODE CHAPTER XXIII OF ATTEMPTS TO COMMIT OFFENCES"
IPC_1860,511,"[s 511] Punishment for attempting to commit offences punishable with imprisonment for life or other imprisonment. Whoever attempts to commit an offence punishable by this Code1. with 1 [imprisonment for life] or imprisonment, or to cause such an offence to be committed, and in such attempt does any act towards the commission of the offence, shall, where no express provision is made by this Code2. for the punishment of such attempt, be punished with 2 [imprisonment of any description provided for the offence, for a term which may extend to one-half of the imprisonment for life or, as the case may be, one- half of the longest term of imprisonment provided for that offence], or with such ﬁne as is provided for the offence, or with both. ILLUSTRATIONS (a) A makes an attempt to steal some jewels by breaking open a box, and ﬁnds after so opening the box, that there is no jewel in it. He has done an act towards the commission of theft, and therefore is guilty under this section. (b) A makes an attempt to pick the pocket of Z by thrusting his hand into Z's pocket. A fails in the attempt in consequence of Z's having nothing in his pocket. A is guilty under this section. COMMENT.— Before com"
